🚀 Démarrage du bridge MQTT -> MySQL...
🧱 Schéma DB prêt (table sensor_data).
🔗 Connexion à mqtt.univ-cotedazur.fr:443...
✅ Connecté au broker MQTT avec le code 0
📡 Écoute sur le topic : FABLAB_21_22/#
🔔 Message MQTT [FABLAB_21_22/RADAR/salle104] : {"nb":0,"presence":false,"ts":1128080}
✅ JSON détecté sur FABLAB_21_22/RADAR/salle104. Champs numériques extraits: 2
💾 Sauvé: FABLAB_21_22/RADAR/salle104/nb = 0.0
💾 Sauvé: FABLAB_21_22/RADAR/salle104/presence = 0.0
🔔 Message MQTT [FABLAB_21_22/envir/salle12] : {"ts":32917}
✅ JSON détecté sur FABLAB_21_22/envir/salle12. Champs numériques extraits: 0
⚠️ Ignoré (inexploitable): topic=FABLAB_21_22/envir/salle12
🔔 Message MQTT [FABLAB_21_22/envir/salle_104] : {"ts":118783,"temperature":22.2,"humidite":56.8,"pm25":3.6,"pm10":6.6,"lux":126.3514}
✅ JSON détecté sur FABLAB_21_22/envir/salle_104. Champs numériques extraits: 5
💾 Sauvé: FABLAB_21_22/envir/salle_104/temperature = 22.2
💾 Sauvé: FABLAB_21_22/envir/salle_104/humidite = 56.8
💾 Sauvé: FABLAB_21_22/envir/salle_104/pm25 = 3.6
💾 Sauvé: FABLAB_21_22/envir/salle_104/pm10 = 6.6
💾 Sauvé: FABLAB_21_22/envir/salle_104/lux = 126.3514
🔔 Message MQTT [FABLAB_21_22/salle12/all] : {"ts":1175902,"temperature":23.3,"humidite":68.6,"pm25":146.9,"pm10":232.3,"lux":427.707}
✅ JSON détecté sur FABLAB_21_22/salle12/all. Champs numériques extraits: 5
💾 Sauvé: FABLAB_21_22/salle12/all/temperature = 23.3
💾 Sauvé: FABLAB_21_22/salle12/all/humidite = 68.6
💾 Sauvé: FABLAB_21_22/salle12/all/pm25 = 146.9
💾 Sauvé: FABLAB_21_22/salle12/all/pm10 = 232.3
💾 Sauvé: FABLAB_21_22/salle12/all/lux = 427.707
🔔 Message MQTT [FABLAB_21_22/tasmota/tele/tasmota_0725C0/LWT] : Online
⚠️ Ignoré (inexploitable): topic=FABLAB_21_22/tasmota/tele/tasmota_0725C0/LWT
🔔 Message MQTT [FABLAB_21_22/tasmota/tele/tasmota_071D00/LWT] : Online
⚠️ Ignoré (inexploitable): topic=FABLAB_21_22/tasmota/tele/tasmota_071D00/LWT
🔔 Message MQTT [FABLAB_21_22/tasmota/tasmota/discovery/3CDC750725C0/config] : {"ip":"192.168.0.99","dn":"Tasmota","fn":["Tasmota",null,null,null,null,null,null,null],"hn":"tasmota-0725C0-1472","mac":"3CDC750725C0","md":"EIGHTREE","ty":0,"if":0,"cam":0,"ofln":"Offline","onln":"Online","state":["OFF","ON","TOGGLE","HOLD"],"sw":"15.3.0","t":"tasmota_0725C0","ft":"%prefix%/%topic%/","tp":["cmnd","stat","tele"],"rl":[1,0,0,0,0,0,0,0,0,0,0,0,0,0,0,0,0,0,0,0,0,0,0,0,0,0,0,0,0,0,0,0],"swc":[-1,-1,-1,-1,-1,-1,-1,-1,-1,-1,-1,-1,-1,-1,-1,-1,-1,-1,-1,-1,-1,-1,-1,-1,-1,-1,-1,-1,-1,-1,-1,-1],"swn":[null,null,null,null,null,null,null,null,null,null,null,null,null,null,null,null,null,null,null,null,null,null,null,null,null,null,null,null,null,null,null,null],"btn":[0,0,0,0,0,0,0,0,0,0,0,0,0,0,0,0,0,0,0,0,0,0,0,0,0,0,0,0,0,0,0,0],"so":{"4":0,"11":0,"13":0,"17":0,"20":0,"30":0,"68":0,"73":0,"82":0,"114":0,"117":0},"lk":0,"lt_st":0,"bat":0,"dslp":0,"sho":[],"sht":[],"ver":1}
✅ JSON détecté sur FABLAB_21_22/tasmota/tasmota/discovery/3CDC750725C0/config. Champs numériques extraits: 19
💾 Sauvé: FABLAB_21_22/tasmota/tasmota/discovery/3CDC750725C0/config/ty = 0.0
💾 Sauvé: FABLAB_21_22/tasmota/tasmota/discovery/3CDC750725C0/config/if = 0.0
💾 Sauvé: FABLAB_21_22/tasmota/tasmota/discovery/3CDC750725C0/config/cam = 0.0
💾 Sauvé: FABLAB_21_22/tasmota/tasmota/discovery/3CDC750725C0/config/so_4 = 0.0
💾 Sauvé: FABLAB_21_22/tasmota/tasmota/discovery/3CDC750725C0/config/so_11 = 0.0
💾 Sauvé: FABLAB_21_22/tasmota/tasmota/discovery/3CDC750725C0/config/so_13 = 0.0
💾 Sauvé: FABLAB_21_22/tasmota/tasmota/discovery/3CDC750725C0/config/so_17 = 0.0
💾 Sauvé: FABLAB_21_22/tasmota/tasmota/discovery/3CDC750725C0/config/so_20 = 0.0
💾 Sauvé: FABLAB_21_22/tasmota/tasmota/discovery/3CDC750725C0/config/so_30 = 0.0
💾 Sauvé: FABLAB_21_22/tasmota/tasmota/discovery/3CDC750725C0/config/so_68 = 0.0
💾 Sauvé: FABLAB_21_22/tasmota/tasmota/discovery/3CDC750725C0/config/so_73 = 0.0
💾 Sauvé: FABLAB_21_22/tasmota/tasmota/discovery/3CDC750725C0/config/so_82 = 0.0
💾 Sauvé: FABLAB_21_22/tasmota/tasmota/discovery/3CDC750725C0/config/so_114 = 0.0
💾 Sauvé: FABLAB_21_22/tasmota/tasmota/discovery/3CDC750725C0/config/so_117 = 0.0
💾 Sauvé: FABLAB_21_22/tasmota/tasmota/discovery/3CDC750725C0/config/lk = 0.0
💾 Sauvé: FABLAB_21_22/tasmota/tasmota/discovery/3CDC750725C0/config/lt_st = 0.0
💾 Sauvé: FABLAB_21_22/tasmota/tasmota/discovery/3CDC750725C0/config/bat = 0.0
💾 Sauvé: FABLAB_21_22/tasmota/tasmota/discovery/3CDC750725C0/config/dslp = 0.0
💾 Sauvé: FABLAB_21_22/tasmota/tasmota/discovery/3CDC750725C0/config/ver = 1.0
🔔 Message MQTT [FABLAB_21_22/tasmota/tasmota/discovery/3CDC750725C0/sensors] : {"sn":{"Time":"2026-04-30T07:54:10","ENERGY":{"TotalStartTime":"2026-04-01T07:18:43","Total":281.222,"Yesterday":0.001,"Today":0.000,"Power":0,"ApparentPower":0,"ReactivePower":0,"Factor":0.00,"Voltage":244,"Current":0.000}},"ver":1}
✅ JSON détecté sur FABLAB_21_22/tasmota/tasmota/discovery/3CDC750725C0/sensors. Champs numériques extraits: 1
💾 Sauvé: FABLAB_21_22/tasmota/tasmota/discovery/3CDC750725C0/sensors/ver = 1.0
🔔 Message MQTT [FABLAB_21_22/tasmota/tasmota/discovery/3CDC75071D00/config] : {"ip":"192.168.0.31","dn":"Tasmota","fn":["Tasmota",null,null,null,null,null,null,null],"hn":"tasmota-071D00-7424","mac":"3CDC75071D00","md":"EIGHTREE","ty":0,"if":0,"cam":0,"ofln":"Offline","onln":"Online","state":["OFF","ON","TOGGLE","HOLD"],"sw":"15.3.0","t":"tasmota_071D00","ft":"%prefix%/%topic%/","tp":["cmnd","stat","tele"],"rl":[1,0,0,0,0,0,0,0,0,0,0,0,0,0,0,0,0,0,0,0,0,0,0,0,0,0,0,0,0,0,0,0],"swc":[-1,-1,-1,-1,-1,-1,-1,-1,-1,-1,-1,-1,-1,-1,-1,-1,-1,-1,-1,-1,-1,-1,-1,-1,-1,-1,-1,-1,-1,-1,-1,-1],"swn":[null,null,null,null,null,null,null,null,null,null,null,null,null,null,null,null,null,null,null,null,null,null,null,null,null,null,null,null,null,null,null,null],"btn":[0,0,0,0,0,0,0,0,0,0,0,0,0,0,0,0,0,0,0,0,0,0,0,0,0,0,0,0,0,0,0,0],"so":{"4":0,"11":0,"13":0,"17":0,"20":0,"30":0,"68":0,"73":0,"82":0,"114":0,"117":0},"lk":0,"lt_st":0,"bat":0,"dslp":0,"sho":[],"sht":[],"ver":1}
✅ JSON détecté sur FABLAB_21_22/tasmota/tasmota/discovery/3CDC75071D00/config. Champs numériques extraits: 19
💾 Sauvé: FABLAB_21_22/tasmota/tasmota/discovery/3CDC75071D00/config/ty = 0.0
💾 Sauvé: FABLAB_21_22/tasmota/tasmota/discovery/3CDC75071D00/config/if = 0.0
💾 Sauvé: FABLAB_21_22/tasmota/tasmota/discovery/3CDC75071D00/config/cam = 0.0
💾 Sauvé: FABLAB_21_22/tasmota/tasmota/discovery/3CDC75071D00/config/so_4 = 0.0
💾 Sauvé: FABLAB_21_22/tasmota/tasmota/discovery/3CDC75071D00/config/so_11 = 0.0
💾 Sauvé: FABLAB_21_22/tasmota/tasmota/discovery/3CDC75071D00/config/so_13 = 0.0
💾 Sauvé: FABLAB_21_22/tasmota/tasmota/discovery/3CDC75071D00/config/so_17 = 0.0
💾 Sauvé: FABLAB_21_22/tasmota/tasmota/discovery/3CDC75071D00/config/so_20 = 0.0
💾 Sauvé: FABLAB_21_22/tasmota/tasmota/discovery/3CDC75071D00/config/so_30 = 0.0
💾 Sauvé: FABLAB_21_22/tasmota/tasmota/discovery/3CDC75071D00/config/so_68 = 0.0
💾 Sauvé: FABLAB_21_22/tasmota/tasmota/discovery/3CDC75071D00/config/so_73 = 0.0
💾 Sauvé: FABLAB_21_22/tasmota/tasmota/discovery/3CDC75071D00/config/so_82 = 0.0
💾 Sauvé: FABLAB_21_22/tasmota/tasmota/discovery/3CDC75071D00/config/so_114 = 0.0
💾 Sauvé: FABLAB_21_22/tasmota/tasmota/discovery/3CDC75071D00/config/so_117 = 0.0
💾 Sauvé: FABLAB_21_22/tasmota/tasmota/discovery/3CDC75071D00/config/lk = 0.0
💾 Sauvé: FABLAB_21_22/tasmota/tasmota/discovery/3CDC75071D00/config/lt_st = 0.0
💾 Sauvé: FABLAB_21_22/tasmota/tasmota/discovery/3CDC75071D00/config/bat = 0.0
💾 Sauvé: FABLAB_21_22/tasmota/tasmota/discovery/3CDC75071D00/config/dslp = 0.0
💾 Sauvé: FABLAB_21_22/tasmota/tasmota/discovery/3CDC75071D00/config/ver = 1.0
🔔 Message MQTT [FABLAB_21_22/tasmota/tasmota/discovery/3CDC75071D00/sensors] : {"sn":{"Time":"2026-04-17T10:51:52","ENERGY":{"TotalStartTime":"2026-04-01T07:06:06","Total":0.013,"Yesterday":0.013,"Today":0.000,"Power":0,"ApparentPower":0,"ReactivePower":0,"Factor":0.00,"Voltage":243,"Current":0.000}},"ver":1}
✅ JSON détecté sur FABLAB_21_22/tasmota/tasmota/discovery/3CDC75071D00/sensors. Champs numériques extraits: 1
💾 Sauvé: FABLAB_21_22/tasmota/tasmota/discovery/3CDC75071D00/sensors/ver = 1.0
🔔 Message MQTT [FABLAB_21_22/environ/salle_104] : {"ts":296576,"lux":259.5628}
✅ JSON détecté sur FABLAB_21_22/environ/salle_104. Champs numériques extraits: 1
💾 Sauvé: FABLAB_21_22/environ/salle_104/lux = 259.5628
🔔 Message MQTT [FABLAB_21_22/tasmota/tele/tasmota_071D00/STATE] : {"Time":"2026-05-05T12:56:52","Uptime":"18T02:05:13","UptimeSec":1562713,"Heap":184,"SleepMode":"Dynamic","Sleep":50,"LoadAvg":19,"MqttCount":1,"Berry":{"HeapUsed":4,"Objects":55},"POWER":"ON","Wifi":{"AP":1,"SSId":"Fablab_104","BSSId":"40:ED:00:CD:4B:EB","Channel":6,"Mode":"HT20","RSSI":72,"Signal":-64,"LinkCount":1,"Downtime":"0T00:00:03"},"Hostname":"tasmota-071D00-7424","IPAddress":"192.168.0.31"}
✅ JSON détecté sur FABLAB_21_22/tasmota/tele/tasmota_071D00/STATE. Champs numériques extraits: 12
💾 Sauvé: FABLAB_21_22/tasmota/tele/tasmota_071D00/STATE/uptimesec = 1562713.0
💾 Sauvé: FABLAB_21_22/tasmota/tele/tasmota_071D00/STATE/heap = 184.0
💾 Sauvé: FABLAB_21_22/tasmota/tele/tasmota_071D00/STATE/sleep = 50.0
💾 Sauvé: FABLAB_21_22/tasmota/tele/tasmota_071D00/STATE/loadavg = 19.0
💾 Sauvé: FABLAB_21_22/tasmota/tele/tasmota_071D00/STATE/mqttcount = 1.0
💾 Sauvé: FABLAB_21_22/tasmota/tele/tasmota_071D00/STATE/berry_heapused = 4.0
💾 Sauvé: FABLAB_21_22/tasmota/tele/tasmota_071D00/STATE/berry_objects = 55.0
💾 Sauvé: FABLAB_21_22/tasmota/tele/tasmota_071D00/STATE/wifi_ap = 1.0
💾 Sauvé: FABLAB_21_22/tasmota/tele/tasmota_071D00/STATE/wifi_channel = 6.0
💾 Sauvé: FABLAB_21_22/tasmota/tele/tasmota_071D00/STATE/wifi_rssi = 72.0
💾 Sauvé: FABLAB_21_22/tasmota/tele/tasmota_071D00/STATE/wifi_signal = -64.0
💾 Sauvé: FABLAB_21_22/tasmota/tele/tasmota_071D00/STATE/wifi_linkcount = 1.0
🔔 Message MQTT [FABLAB_21_22/tasmota/tele/tasmota_071D00/SENSOR] : {"Time":"2026-05-05T12:56:52","ENERGY":{"TotalStartTime":"2026-04-01T07:06:06","Total":0.500,"Yesterday":0.001,"Today":0.001,"Period":0,"Power":0,"ApparentPower":0,"ReactivePower":0,"Factor":0.00,"Voltage":243,"Current":0.000}}
✅ JSON détecté sur FABLAB_21_22/tasmota/tele/tasmota_071D00/SENSOR. Champs numériques extraits: 10
💾 Sauvé: FABLAB_21_22/tasmota/tele/tasmota_071D00/SENSOR/energy_total = 0.5
💾 Sauvé: FABLAB_21_22/tasmota/tele/tasmota_071D00/SENSOR/energy_yesterday = 0.001
💾 Sauvé: FABLAB_21_22/tasmota/tele/tasmota_071D00/SENSOR/energy_today = 0.001
💾 Sauvé: FABLAB_21_22/tasmota/tele/tasmota_071D00/SENSOR/energy_period = 0.0
💾 Sauvé: FABLAB_21_22/tasmota/tele/tasmota_071D00/SENSOR/energy_power = 0.0
💾 Sauvé: FABLAB_21_22/tasmota/tele/tasmota_071D00/SENSOR/energy_apparentpower = 0.0
💾 Sauvé: FABLAB_21_22/tasmota/tele/tasmota_071D00/SENSOR/energy_reactivepower = 0.0
💾 Sauvé: FABLAB_21_22/tasmota/tele/tasmota_071D00/SENSOR/energy_factor = 0.0
💾 Sauvé: FABLAB_21_22/tasmota/tele/tasmota_071D00/SENSOR/energy_voltage = 243.0
💾 Sauvé: FABLAB_21_22/tasmota/tele/tasmota_071D00/SENSOR/energy_current = 0.0
🔔 Message MQTT [FABLAB_21_22/tasmota/tele/tasmota_0725C0/STATE] : {"Time":"2026-05-05T12:59:09","Uptime":"5T05:05:13","UptimeSec":450313,"Heap":186,"SleepMode":"Dynamic","Sleep":50,"LoadAvg":19,"MqttCount":1,"Berry":{"HeapUsed":4,"Objects":55},"POWER":"ON","Wifi":{"AP":1,"SSId":"Fablab_104","BSSId":"40:ED:00:CD:4B:EB","Channel":6,"Mode":"HT20","RSSI":100,"Signal":-31,"LinkCount":1,"Downtime":"0T00:00:03"},"Hostname":"tasmota-0725C0-1472","IPAddress":"192.168.0.99"}
✅ JSON détecté sur FABLAB_21_22/tasmota/tele/tasmota_0725C0/STATE. Champs numériques extraits: 12
💾 Sauvé: FABLAB_21_22/tasmota/tele/tasmota_0725C0/STATE/uptimesec = 450313.0
💾 Sauvé: FABLAB_21_22/tasmota/tele/tasmota_0725C0/STATE/heap = 186.0
💾 Sauvé: FABLAB_21_22/tasmota/tele/tasmota_0725C0/STATE/sleep = 50.0
💾 Sauvé: FABLAB_21_22/tasmota/tele/tasmota_0725C0/STATE/loadavg = 19.0
💾 Sauvé: FABLAB_21_22/tasmota/tele/tasmota_0725C0/STATE/mqttcount = 1.0
💾 Sauvé: FABLAB_21_22/tasmota/tele/tasmota_0725C0/STATE/berry_heapused = 4.0
💾 Sauvé: FABLAB_21_22/tasmota/tele/tasmota_0725C0/STATE/berry_objects = 55.0
💾 Sauvé: FABLAB_21_22/tasmota/tele/tasmota_0725C0/STATE/wifi_ap = 1.0
💾 Sauvé: FABLAB_21_22/tasmota/tele/tasmota_0725C0/STATE/wifi_channel = 6.0
💾 Sauvé: FABLAB_21_22/tasmota/tele/tasmota_0725C0/STATE/wifi_rssi = 100.0
💾 Sauvé: FABLAB_21_22/tasmota/tele/tasmota_0725C0/STATE/wifi_signal = -31.0
💾 Sauvé: FABLAB_21_22/tasmota/tele/tasmota_0725C0/STATE/wifi_linkcount = 1.0
🔔 Message MQTT [FABLAB_21_22/tasmota/tele/tasmota_0725C0/SENSOR] : {"Time":"2026-05-05T12:59:09","ENERGY":{"TotalStartTime":"2026-04-01T07:18:43","Total":283.567,"Yesterday":0.000,"Today":2.346,"Period":33,"Power":2302,"ApparentPower":2302,"ReactivePower":0,"Factor":1.00,"Voltage":243,"Current":9.248}}
✅ JSON détecté sur FABLAB_21_22/tasmota/tele/tasmota_0725C0/SENSOR. Champs numériques extraits: 10
💾 Sauvé: FABLAB_21_22/tasmota/tele/tasmota_0725C0/SENSOR/energy_total = 283.567
💾 Sauvé: FABLAB_21_22/tasmota/tele/tasmota_0725C0/SENSOR/energy_yesterday = 0.0
💾 Sauvé: FABLAB_21_22/tasmota/tele/tasmota_0725C0/SENSOR/energy_today = 2.346
💾 Sauvé: FABLAB_21_22/tasmota/tele/tasmota_0725C0/SENSOR/energy_period = 33.0
💾 Sauvé: FABLAB_21_22/tasmota/tele/tasmota_0725C0/SENSOR/energy_power = 2302.0
💾 Sauvé: FABLAB_21_22/tasmota/tele/tasmota_0725C0/SENSOR/energy_apparentpower = 2302.0
💾 Sauvé: FABLAB_21_22/tasmota/tele/tasmota_0725C0/SENSOR/energy_reactivepower = 0.0
💾 Sauvé: FABLAB_21_22/tasmota/tele/tasmota_0725C0/SENSOR/energy_factor = 1.0
💾 Sauvé: FABLAB_21_22/tasmota/tele/tasmota_0725C0/SENSOR/energy_voltage = 243.0
💾 Sauvé: FABLAB_21_22/tasmota/tele/tasmota_0725C0/SENSOR/energy_current = 9.248
🔔 Message MQTT [FABLAB_21_22/tasmota/tele/tasmota_071D00/STATE] : {"Time":"2026-05-05T13:01:52","Uptime":"18T02:10:13","UptimeSec":1563013,"Heap":184,"SleepMode":"Dynamic","Sleep":50,"LoadAvg":19,"MqttCount":1,"Berry":{"HeapUsed":4,"Objects":55},"POWER":"ON","Wifi":{"AP":1,"SSId":"Fablab_104","BSSId":"40:ED:00:CD:4B:EB","Channel":6,"Mode":"HT20","RSSI":80,"Signal":-60,"LinkCount":1,"Downtime":"0T00:00:03"},"Hostname":"tasmota-071D00-7424","IPAddress":"192.168.0.31"}
✅ JSON détecté sur FABLAB_21_22/tasmota/tele/tasmota_071D00/STATE. Champs numériques extraits: 12
💾 Sauvé: FABLAB_21_22/tasmota/tele/tasmota_071D00/STATE/uptimesec = 1563013.0
💾 Sauvé: FABLAB_21_22/tasmota/tele/tasmota_071D00/STATE/heap = 184.0
💾 Sauvé: FABLAB_21_22/tasmota/tele/tasmota_071D00/STATE/sleep = 50.0
💾 Sauvé: FABLAB_21_22/tasmota/tele/tasmota_071D00/STATE/loadavg = 19.0
💾 Sauvé: FABLAB_21_22/tasmota/tele/tasmota_071D00/STATE/mqttcount = 1.0
💾 Sauvé: FABLAB_21_22/tasmota/tele/tasmota_071D00/STATE/berry_heapused = 4.0
💾 Sauvé: FABLAB_21_22/tasmota/tele/tasmota_071D00/STATE/berry_objects = 55.0
💾 Sauvé: FABLAB_21_22/tasmota/tele/tasmota_071D00/STATE/wifi_ap = 1.0
💾 Sauvé: FABLAB_21_22/tasmota/tele/tasmota_071D00/STATE/wifi_channel = 6.0
💾 Sauvé: FABLAB_21_22/tasmota/tele/tasmota_071D00/STATE/wifi_rssi = 80.0
💾 Sauvé: FABLAB_21_22/tasmota/tele/tasmota_071D00/STATE/wifi_signal = -60.0
💾 Sauvé: FABLAB_21_22/tasmota/tele/tasmota_071D00/STATE/wifi_linkcount = 1.0
🔔 Message MQTT [FABLAB_21_22/tasmota/tele/tasmota_071D00/SENSOR] : {"Time":"2026-05-05T13:01:52","ENERGY":{"TotalStartTime":"2026-04-01T07:06:06","Total":0.500,"Yesterday":0.001,"Today":0.001,"Period":0,"Power":0,"ApparentPower":0,"ReactivePower":0,"Factor":0.00,"Voltage":243,"Current":0.000}}
✅ JSON détecté sur FABLAB_21_22/tasmota/tele/tasmota_071D00/SENSOR. Champs numériques extraits: 10
💾 Sauvé: FABLAB_21_22/tasmota/tele/tasmota_071D00/SENSOR/energy_total = 0.5
💾 Sauvé: FABLAB_21_22/tasmota/tele/tasmota_071D00/SENSOR/energy_yesterday = 0.001
💾 Sauvé: FABLAB_21_22/tasmota/tele/tasmota_071D00/SENSOR/energy_today = 0.001
💾 Sauvé: FABLAB_21_22/tasmota/tele/tasmota_071D00/SENSOR/energy_period = 0.0
💾 Sauvé: FABLAB_21_22/tasmota/tele/tasmota_071D00/SENSOR/energy_power = 0.0
💾 Sauvé: FABLAB_21_22/tasmota/tele/tasmota_071D00/SENSOR/energy_apparentpower = 0.0
💾 Sauvé: FABLAB_21_22/tasmota/tele/tasmota_071D00/SENSOR/energy_reactivepower = 0.0
💾 Sauvé: FABLAB_21_22/tasmota/tele/tasmota_071D00/SENSOR/energy_factor = 0.0
💾 Sauvé: FABLAB_21_22/tasmota/tele/tasmota_071D00/SENSOR/energy_voltage = 243.0
💾 Sauvé: FABLAB_21_22/tasmota/tele/tasmota_071D00/SENSOR/energy_current = 0.0
🔔 Message MQTT [FABLAB_21_22/tasmota/tele/tasmota_0725C0/STATE] : {"Time":"2026-05-05T13:04:09","Uptime":"5T05:10:13","UptimeSec":450613,"Heap":186,"SleepMode":"Dynamic","Sleep":50,"LoadAvg":19,"MqttCount":1,"Berry":{"HeapUsed":4,"Objects":55},"POWER":"ON","Wifi":{"AP":1,"SSId":"Fablab_104","BSSId":"40:ED:00:CD:4B:EB","Channel":6,"Mode":"HT20","RSSI":100,"Signal":-34,"LinkCount":1,"Downtime":"0T00:00:03"},"Hostname":"tasmota-0725C0-1472","IPAddress":"192.168.0.99"}
✅ JSON détecté sur FABLAB_21_22/tasmota/tele/tasmota_0725C0/STATE. Champs numériques extraits: 12
💾 Sauvé: FABLAB_21_22/tasmota/tele/tasmota_0725C0/STATE/uptimesec = 450613.0
💾 Sauvé: FABLAB_21_22/tasmota/tele/tasmota_0725C0/STATE/heap = 186.0
💾 Sauvé: FABLAB_21_22/tasmota/tele/tasmota_0725C0/STATE/sleep = 50.0
💾 Sauvé: FABLAB_21_22/tasmota/tele/tasmota_0725C0/STATE/loadavg = 19.0
💾 Sauvé: FABLAB_21_22/tasmota/tele/tasmota_0725C0/STATE/mqttcount = 1.0
💾 Sauvé: FABLAB_21_22/tasmota/tele/tasmota_0725C0/STATE/berry_heapused = 4.0
💾 Sauvé: FABLAB_21_22/tasmota/tele/tasmota_0725C0/STATE/berry_objects = 55.0
💾 Sauvé: FABLAB_21_22/tasmota/tele/tasmota_0725C0/STATE/wifi_ap = 1.0
💾 Sauvé: FABLAB_21_22/tasmota/tele/tasmota_0725C0/STATE/wifi_channel = 6.0
💾 Sauvé: FABLAB_21_22/tasmota/tele/tasmota_0725C0/STATE/wifi_rssi = 100.0
💾 Sauvé: FABLAB_21_22/tasmota/tele/tasmota_0725C0/STATE/wifi_signal = -34.0
💾 Sauvé: FABLAB_21_22/tasmota/tele/tasmota_0725C0/STATE/wifi_linkcount = 1.0
🔔 Message MQTT [FABLAB_21_22/tasmota/tele/tasmota_0725C0/SENSOR] : {"Time":"2026-05-05T13:04:09","ENERGY":{"TotalStartTime":"2026-04-01T07:18:43","Total":283.626,"Yesterday":0.000,"Today":2.405,"Period":59,"Power":0,"ApparentPower":0,"ReactivePower":0,"Factor":0.00,"Voltage":247,"Current":0.000}}
✅ JSON détecté sur FABLAB_21_22/tasmota/tele/tasmota_0725C0/SENSOR. Champs numériques extraits: 10
💾 Sauvé: FABLAB_21_22/tasmota/tele/tasmota_0725C0/SENSOR/energy_total = 283.626
💾 Sauvé: FABLAB_21_22/tasmota/tele/tasmota_0725C0/SENSOR/energy_yesterday = 0.0
💾 Sauvé: FABLAB_21_22/tasmota/tele/tasmota_0725C0/SENSOR/energy_today = 2.405
💾 Sauvé: FABLAB_21_22/tasmota/tele/tasmota_0725C0/SENSOR/energy_period = 59.0
💾 Sauvé: FABLAB_21_22/tasmota/tele/tasmota_0725C0/SENSOR/energy_power = 0.0
💾 Sauvé: FABLAB_21_22/tasmota/tele/tasmota_0725C0/SENSOR/energy_apparentpower = 0.0
💾 Sauvé: FABLAB_21_22/tasmota/tele/tasmota_0725C0/SENSOR/energy_reactivepower = 0.0
💾 Sauvé: FABLAB_21_22/tasmota/tele/tasmota_0725C0/SENSOR/energy_factor = 0.0
💾 Sauvé: FABLAB_21_22/tasmota/tele/tasmota_0725C0/SENSOR/energy_voltage = 247.0
💾 Sauvé: FABLAB_21_22/tasmota/tele/tasmota_0725C0/SENSOR/energy_current = 0.0
🔔 Message MQTT [FABLAB_21_22/tasmota/tele/tasmota_071D00/STATE] : {"Time":"2026-05-05T13:06:52","Uptime":"18T02:15:13","UptimeSec":1563313,"Heap":184,"SleepMode":"Dynamic","Sleep":50,"LoadAvg":19,"MqttCount":1,"Berry":{"HeapUsed":4,"Objects":55},"POWER":"ON","Wifi":{"AP":1,"SSId":"Fablab_104","BSSId":"40:ED:00:CD:4B:EB","Channel":6,"Mode":"HT20","RSSI":72,"Signal":-64,"LinkCount":1,"Downtime":"0T00:00:03"},"Hostname":"tasmota-071D00-7424","IPAddress":"192.168.0.31"}
✅ JSON détecté sur FABLAB_21_22/tasmota/tele/tasmota_071D00/STATE. Champs numériques extraits: 12
💾 Sauvé: FABLAB_21_22/tasmota/tele/tasmota_071D00/STATE/uptimesec = 1563313.0
💾 Sauvé: FABLAB_21_22/tasmota/tele/tasmota_071D00/STATE/heap = 184.0
💾 Sauvé: FABLAB_21_22/tasmota/tele/tasmota_071D00/STATE/sleep = 50.0
💾 Sauvé: FABLAB_21_22/tasmota/tele/tasmota_071D00/STATE/loadavg = 19.0
💾 Sauvé: FABLAB_21_22/tasmota/tele/tasmota_071D00/STATE/mqttcount = 1.0
💾 Sauvé: FABLAB_21_22/tasmota/tele/tasmota_071D00/STATE/berry_heapused = 4.0
💾 Sauvé: FABLAB_21_22/tasmota/tele/tasmota_071D00/STATE/berry_objects = 55.0
💾 Sauvé: FABLAB_21_22/tasmota/tele/tasmota_071D00/STATE/wifi_ap = 1.0
💾 Sauvé: FABLAB_21_22/tasmota/tele/tasmota_071D00/STATE/wifi_channel = 6.0
💾 Sauvé: FABLAB_21_22/tasmota/tele/tasmota_071D00/STATE/wifi_rssi = 72.0
💾 Sauvé: FABLAB_21_22/tasmota/tele/tasmota_071D00/STATE/wifi_signal = -64.0
💾 Sauvé: FABLAB_21_22/tasmota/tele/tasmota_071D00/STATE/wifi_linkcount = 1.0
🔔 Message MQTT [FABLAB_21_22/tasmota/tele/tasmota_071D00/SENSOR] : {"Time":"2026-05-05T13:06:52","ENERGY":{"TotalStartTime":"2026-04-01T07:06:06","Total":0.500,"Yesterday":0.001,"Today":0.001,"Period":0,"Power":0,"ApparentPower":0,"ReactivePower":0,"Factor":0.00,"Voltage":243,"Current":0.000}}
✅ JSON détecté sur FABLAB_21_22/tasmota/tele/tasmota_071D00/SENSOR. Champs numériques extraits: 10
💾 Sauvé: FABLAB_21_22/tasmota/tele/tasmota_071D00/SENSOR/energy_total = 0.5
💾 Sauvé: FABLAB_21_22/tasmota/tele/tasmota_071D00/SENSOR/energy_yesterday = 0.001
💾 Sauvé: FABLAB_21_22/tasmota/tele/tasmota_071D00/SENSOR/energy_today = 0.001
💾 Sauvé: FABLAB_21_22/tasmota/tele/tasmota_071D00/SENSOR/energy_period = 0.0
💾 Sauvé: FABLAB_21_22/tasmota/tele/tasmota_071D00/SENSOR/energy_power = 0.0
💾 Sauvé: FABLAB_21_22/tasmota/tele/tasmota_071D00/SENSOR/energy_apparentpower = 0.0
💾 Sauvé: FABLAB_21_22/tasmota/tele/tasmota_071D00/SENSOR/energy_reactivepower = 0.0
💾 Sauvé: FABLAB_21_22/tasmota/tele/tasmota_071D00/SENSOR/energy_factor = 0.0
💾 Sauvé: FABLAB_21_22/tasmota/tele/tasmota_071D00/SENSOR/energy_voltage = 243.0
💾 Sauvé: FABLAB_21_22/tasmota/tele/tasmota_071D00/SENSOR/energy_current = 0.0
🔔 Message MQTT [FABLAB_21_22/tasmota/tele/tasmota_0725C0/STATE] : {"Time":"2026-05-05T13:09:09","Uptime":"5T05:15:13","UptimeSec":450913,"Heap":186,"SleepMode":"Dynamic","Sleep":50,"LoadAvg":19,"MqttCount":1,"Berry":{"HeapUsed":4,"Objects":55},"POWER":"ON","Wifi":{"AP":1,"SSId":"Fablab_104","BSSId":"40:ED:00:CD:4B:EB","Channel":6,"Mode":"HT20","RSSI":100,"Signal":-33,"LinkCount":1,"Downtime":"0T00:00:03"},"Hostname":"tasmota-0725C0-1472","IPAddress":"192.168.0.99"}
✅ JSON détecté sur FABLAB_21_22/tasmota/tele/tasmota_0725C0/STATE. Champs numériques extraits: 12
💾 Sauvé: FABLAB_21_22/tasmota/tele/tasmota_0725C0/STATE/uptimesec = 450913.0
💾 Sauvé: FABLAB_21_22/tasmota/tele/tasmota_0725C0/STATE/heap = 186.0
💾 Sauvé: FABLAB_21_22/tasmota/tele/tasmota_0725C0/STATE/sleep = 50.0
💾 Sauvé: FABLAB_21_22/tasmota/tele/tasmota_0725C0/STATE/loadavg = 19.0
💾 Sauvé: FABLAB_21_22/tasmota/tele/tasmota_0725C0/STATE/mqttcount = 1.0
💾 Sauvé: FABLAB_21_22/tasmota/tele/tasmota_0725C0/STATE/berry_heapused = 4.0
💾 Sauvé: FABLAB_21_22/tasmota/tele/tasmota_0725C0/STATE/berry_objects = 55.0
💾 Sauvé: FABLAB_21_22/tasmota/tele/tasmota_0725C0/STATE/wifi_ap = 1.0
💾 Sauvé: FABLAB_21_22/tasmota/tele/tasmota_0725C0/STATE/wifi_channel = 6.0
💾 Sauvé: FABLAB_21_22/tasmota/tele/tasmota_0725C0/STATE/wifi_rssi = 100.0
💾 Sauvé: FABLAB_21_22/tasmota/tele/tasmota_0725C0/STATE/wifi_signal = -33.0
💾 Sauvé: FABLAB_21_22/tasmota/tele/tasmota_0725C0/STATE/wifi_linkcount = 1.0
🔔 Message MQTT [FABLAB_21_22/tasmota/tele/tasmota_0725C0/SENSOR] : {"Time":"2026-05-05T13:09:09","ENERGY":{"TotalStartTime":"2026-04-01T07:18:43","Total":283.656,"Yesterday":0.000,"Today":2.434,"Period":29,"Power":0,"ApparentPower":0,"ReactivePower":0,"Factor":0.00,"Voltage":246,"Current":0.000}}
✅ JSON détecté sur FABLAB_21_22/tasmota/tele/tasmota_0725C0/SENSOR. Champs numériques extraits: 10
💾 Sauvé: FABLAB_21_22/tasmota/tele/tasmota_0725C0/SENSOR/energy_total = 283.656
💾 Sauvé: FABLAB_21_22/tasmota/tele/tasmota_0725C0/SENSOR/energy_yesterday = 0.0
💾 Sauvé: FABLAB_21_22/tasmota/tele/tasmota_0725C0/SENSOR/energy_today = 2.434
💾 Sauvé: FABLAB_21_22/tasmota/tele/tasmota_0725C0/SENSOR/energy_period = 29.0
💾 Sauvé: FABLAB_21_22/tasmota/tele/tasmota_0725C0/SENSOR/energy_power = 0.0
💾 Sauvé: FABLAB_21_22/tasmota/tele/tasmota_0725C0/SENSOR/energy_apparentpower = 0.0
💾 Sauvé: FABLAB_21_22/tasmota/tele/tasmota_0725C0/SENSOR/energy_reactivepower = 0.0
💾 Sauvé: FABLAB_21_22/tasmota/tele/tasmota_0725C0/SENSOR/energy_factor = 0.0
💾 Sauvé: FABLAB_21_22/tasmota/tele/tasmota_0725C0/SENSOR/energy_voltage = 246.0
💾 Sauvé: FABLAB_21_22/tasmota/tele/tasmota_0725C0/SENSOR/energy_current = 0.0
🔔 Message MQTT [FABLAB_21_22/tasmota/tele/tasmota_071D00/STATE] : {"Time":"2026-05-05T13:11:52","Uptime":"18T02:20:13","UptimeSec":1563613,"Heap":184,"SleepMode":"Dynamic","Sleep":50,"LoadAvg":19,"MqttCount":1,"Berry":{"HeapUsed":4,"Objects":55},"POWER":"ON","Wifi":{"AP":1,"SSId":"Fablab_104","BSSId":"40:ED:00:CD:4B:EB","Channel":6,"Mode":"HT20","RSSI":66,"Signal":-67,"LinkCount":1,"Downtime":"0T00:00:03"},"Hostname":"tasmota-071D00-7424","IPAddress":"192.168.0.31"}
✅ JSON détecté sur FABLAB_21_22/tasmota/tele/tasmota_071D00/STATE. Champs numériques extraits: 12
💾 Sauvé: FABLAB_21_22/tasmota/tele/tasmota_071D00/STATE/uptimesec = 1563613.0
💾 Sauvé: FABLAB_21_22/tasmota/tele/tasmota_071D00/STATE/heap = 184.0
💾 Sauvé: FABLAB_21_22/tasmota/tele/tasmota_071D00/STATE/sleep = 50.0
💾 Sauvé: FABLAB_21_22/tasmota/tele/tasmota_071D00/STATE/loadavg = 19.0
💾 Sauvé: FABLAB_21_22/tasmota/tele/tasmota_071D00/STATE/mqttcount = 1.0
💾 Sauvé: FABLAB_21_22/tasmota/tele/tasmota_071D00/STATE/berry_heapused = 4.0
💾 Sauvé: FABLAB_21_22/tasmota/tele/tasmota_071D00/STATE/berry_objects = 55.0
💾 Sauvé: FABLAB_21_22/tasmota/tele/tasmota_071D00/STATE/wifi_ap = 1.0
💾 Sauvé: FABLAB_21_22/tasmota/tele/tasmota_071D00/STATE/wifi_channel = 6.0
💾 Sauvé: FABLAB_21_22/tasmota/tele/tasmota_071D00/STATE/wifi_rssi = 66.0
💾 Sauvé: FABLAB_21_22/tasmota/tele/tasmota_071D00/STATE/wifi_signal = -67.0
💾 Sauvé: FABLAB_21_22/tasmota/tele/tasmota_071D00/STATE/wifi_linkcount = 1.0
🔔 Message MQTT [FABLAB_21_22/tasmota/tele/tasmota_071D00/SENSOR] : {"Time":"2026-05-05T13:11:52","ENERGY":{"TotalStartTime":"2026-04-01T07:06:06","Total":0.500,"Yesterday":0.001,"Today":0.001,"Period":0,"Power":0,"ApparentPower":0,"ReactivePower":0,"Factor":0.00,"Voltage":243,"Current":0.000}}
✅ JSON détecté sur FABLAB_21_22/tasmota/tele/tasmota_071D00/SENSOR. Champs numériques extraits: 10
💾 Sauvé: FABLAB_21_22/tasmota/tele/tasmota_071D00/SENSOR/energy_total = 0.5
💾 Sauvé: FABLAB_21_22/tasmota/tele/tasmota_071D00/SENSOR/energy_yesterday = 0.001
💾 Sauvé: FABLAB_21_22/tasmota/tele/tasmota_071D00/SENSOR/energy_today = 0.001
💾 Sauvé: FABLAB_21_22/tasmota/tele/tasmota_071D00/SENSOR/energy_period = 0.0
💾 Sauvé: FABLAB_21_22/tasmota/tele/tasmota_071D00/SENSOR/energy_power = 0.0
💾 Sauvé: FABLAB_21_22/tasmota/tele/tasmota_071D00/SENSOR/energy_apparentpower = 0.0
💾 Sauvé: FABLAB_21_22/tasmota/tele/tasmota_071D00/SENSOR/energy_reactivepower = 0.0
💾 Sauvé: FABLAB_21_22/tasmota/tele/tasmota_071D00/SENSOR/energy_factor = 0.0
💾 Sauvé: FABLAB_21_22/tasmota/tele/tasmota_071D00/SENSOR/energy_voltage = 243.0
💾 Sauvé: FABLAB_21_22/tasmota/tele/tasmota_071D00/SENSOR/energy_current = 0.0
🔔 Message MQTT [FABLAB_21_22/tasmota/tele/tasmota_0725C0/STATE] : {"Time":"2026-05-05T13:14:09","Uptime":"5T05:20:13","UptimeSec":451213,"Heap":186,"SleepMode":"Dynamic","Sleep":50,"LoadAvg":19,"MqttCount":1,"Berry":{"HeapUsed":4,"Objects":55},"POWER":"ON","Wifi":{"AP":1,"SSId":"Fablab_104","BSSId":"40:ED:00:CD:4B:EB","Channel":6,"Mode":"HT20","RSSI":100,"Signal":-30,"LinkCount":1,"Downtime":"0T00:00:03"},"Hostname":"tasmota-0725C0-1472","IPAddress":"192.168.0.99"}
✅ JSON détecté sur FABLAB_21_22/tasmota/tele/tasmota_0725C0/STATE. Champs numériques extraits: 12
💾 Sauvé: FABLAB_21_22/tasmota/tele/tasmota_0725C0/STATE/uptimesec = 451213.0
💾 Sauvé: FABLAB_21_22/tasmota/tele/tasmota_0725C0/STATE/heap = 186.0
💾 Sauvé: FABLAB_21_22/tasmota/tele/tasmota_0725C0/STATE/sleep = 50.0
💾 Sauvé: FABLAB_21_22/tasmota/tele/tasmota_0725C0/STATE/loadavg = 19.0
💾 Sauvé: FABLAB_21_22/tasmota/tele/tasmota_0725C0/STATE/mqttcount = 1.0
💾 Sauvé: FABLAB_21_22/tasmota/tele/tasmota_0725C0/STATE/berry_heapused = 4.0
💾 Sauvé: FABLAB_21_22/tasmota/tele/tasmota_0725C0/STATE/berry_objects = 55.0
💾 Sauvé: FABLAB_21_22/tasmota/tele/tasmota_0725C0/STATE/wifi_ap = 1.0
💾 Sauvé: FABLAB_21_22/tasmota/tele/tasmota_0725C0/STATE/wifi_channel = 6.0
💾 Sauvé: FABLAB_21_22/tasmota/tele/tasmota_0725C0/STATE/wifi_rssi = 100.0
💾 Sauvé: FABLAB_21_22/tasmota/tele/tasmota_0725C0/STATE/wifi_signal = -30.0
💾 Sauvé: FABLAB_21_22/tasmota/tele/tasmota_0725C0/STATE/wifi_linkcount = 1.0
🔔 Message MQTT [FABLAB_21_22/tasmota/tele/tasmota_0725C0/SENSOR] : {"Time":"2026-05-05T13:14:09","ENERGY":{"TotalStartTime":"2026-04-01T07:18:43","Total":283.686,"Yesterday":0.000,"Today":2.465,"Period":31,"Power":0,"ApparentPower":0,"ReactivePower":0,"Factor":0.00,"Voltage":247,"Current":0.000}}
✅ JSON détecté sur FABLAB_21_22/tasmota/tele/tasmota_0725C0/SENSOR. Champs numériques extraits: 10
💾 Sauvé: FABLAB_21_22/tasmota/tele/tasmota_0725C0/SENSOR/energy_total = 283.686
💾 Sauvé: FABLAB_21_22/tasmota/tele/tasmota_0725C0/SENSOR/energy_yesterday = 0.0
💾 Sauvé: FABLAB_21_22/tasmota/tele/tasmota_0725C0/SENSOR/energy_today = 2.465
💾 Sauvé: FABLAB_21_22/tasmota/tele/tasmota_0725C0/SENSOR/energy_period = 31.0
💾 Sauvé: FABLAB_21_22/tasmota/tele/tasmota_0725C0/SENSOR/energy_power = 0.0
💾 Sauvé: FABLAB_21_22/tasmota/tele/tasmota_0725C0/SENSOR/energy_apparentpower = 0.0
💾 Sauvé: FABLAB_21_22/tasmota/tele/tasmota_0725C0/SENSOR/energy_reactivepower = 0.0
💾 Sauvé: FABLAB_21_22/tasmota/tele/tasmota_0725C0/SENSOR/energy_factor = 0.0
💾 Sauvé: FABLAB_21_22/tasmota/tele/tasmota_0725C0/SENSOR/energy_voltage = 247.0
💾 Sauvé: FABLAB_21_22/tasmota/tele/tasmota_0725C0/SENSOR/energy_current = 0.0
🔔 Message MQTT [FABLAB_21_22/tasmota/tele/tasmota_071D00/STATE] : {"Time":"2026-05-05T13:16:52","Uptime":"18T02:25:13","UptimeSec":1563913,"Heap":184,"SleepMode":"Dynamic","Sleep":50,"LoadAvg":19,"MqttCount":1,"Berry":{"HeapUsed":4,"Objects":55},"POWER":"ON","Wifi":{"AP":1,"SSId":"Fablab_104","BSSId":"40:ED:00:CD:4B:EB","Channel":6,"Mode":"HT20","RSSI":74,"Signal":-63,"LinkCount":1,"Downtime":"0T00:00:03"},"Hostname":"tasmota-071D00-7424","IPAddress":"192.168.0.31"}
✅ JSON détecté sur FABLAB_21_22/tasmota/tele/tasmota_071D00/STATE. Champs numériques extraits: 12
💾 Sauvé: FABLAB_21_22/tasmota/tele/tasmota_071D00/STATE/uptimesec = 1563913.0
💾 Sauvé: FABLAB_21_22/tasmota/tele/tasmota_071D00/STATE/heap = 184.0
💾 Sauvé: FABLAB_21_22/tasmota/tele/tasmota_071D00/STATE/sleep = 50.0
💾 Sauvé: FABLAB_21_22/tasmota/tele/tasmota_071D00/STATE/loadavg = 19.0
💾 Sauvé: FABLAB_21_22/tasmota/tele/tasmota_071D00/STATE/mqttcount = 1.0
💾 Sauvé: FABLAB_21_22/tasmota/tele/tasmota_071D00/STATE/berry_heapused = 4.0
💾 Sauvé: FABLAB_21_22/tasmota/tele/tasmota_071D00/STATE/berry_objects = 55.0
💾 Sauvé: FABLAB_21_22/tasmota/tele/tasmota_071D00/STATE/wifi_ap = 1.0
💾 Sauvé: FABLAB_21_22/tasmota/tele/tasmota_071D00/STATE/wifi_channel = 6.0
💾 Sauvé: FABLAB_21_22/tasmota/tele/tasmota_071D00/STATE/wifi_rssi = 74.0
💾 Sauvé: FABLAB_21_22/tasmota/tele/tasmota_071D00/STATE/wifi_signal = -63.0
💾 Sauvé: FABLAB_21_22/tasmota/tele/tasmota_071D00/STATE/wifi_linkcount = 1.0
🔔 Message MQTT [FABLAB_21_22/tasmota/tele/tasmota_071D00/SENSOR] : {"Time":"2026-05-05T13:16:52","ENERGY":{"TotalStartTime":"2026-04-01T07:06:06","Total":0.500,"Yesterday":0.001,"Today":0.001,"Period":0,"Power":0,"ApparentPower":0,"ReactivePower":0,"Factor":0.00,"Voltage":243,"Current":0.000}}
✅ JSON détecté sur FABLAB_21_22/tasmota/tele/tasmota_071D00/SENSOR. Champs numériques extraits: 10
💾 Sauvé: FABLAB_21_22/tasmota/tele/tasmota_071D00/SENSOR/energy_total = 0.5
💾 Sauvé: FABLAB_21_22/tasmota/tele/tasmota_071D00/SENSOR/energy_yesterday = 0.001
💾 Sauvé: FABLAB_21_22/tasmota/tele/tasmota_071D00/SENSOR/energy_today = 0.001
💾 Sauvé: FABLAB_21_22/tasmota/tele/tasmota_071D00/SENSOR/energy_period = 0.0
💾 Sauvé: FABLAB_21_22/tasmota/tele/tasmota_071D00/SENSOR/energy_power = 0.0
💾 Sauvé: FABLAB_21_22/tasmota/tele/tasmota_071D00/SENSOR/energy_apparentpower = 0.0
💾 Sauvé: FABLAB_21_22/tasmota/tele/tasmota_071D00/SENSOR/energy_reactivepower = 0.0
💾 Sauvé: FABLAB_21_22/tasmota/tele/tasmota_071D00/SENSOR/energy_factor = 0.0
💾 Sauvé: FABLAB_21_22/tasmota/tele/tasmota_071D00/SENSOR/energy_voltage = 243.0
💾 Sauvé: FABLAB_21_22/tasmota/tele/tasmota_071D00/SENSOR/energy_current = 0.0
🔔 Message MQTT [FABLAB_21_22/tasmota/tele/tasmota_0725C0/STATE] : {"Time":"2026-05-05T13:19:09","Uptime":"5T05:25:13","UptimeSec":451513,"Heap":185,"SleepMode":"Dynamic","Sleep":50,"LoadAvg":19,"MqttCount":1,"Berry":{"HeapUsed":4,"Objects":55},"POWER":"ON","Wifi":{"AP":1,"SSId":"Fablab_104","BSSId":"40:ED:00:CD:4B:EB","Channel":6,"Mode":"HT20","RSSI":100,"Signal":-33,"LinkCount":1,"Downtime":"0T00:00:03"},"Hostname":"tasmota-0725C0-1472","IPAddress":"192.168.0.99"}
✅ JSON détecté sur FABLAB_21_22/tasmota/tele/tasmota_0725C0/STATE. Champs numériques extraits: 12
💾 Sauvé: FABLAB_21_22/tasmota/tele/tasmota_0725C0/STATE/uptimesec = 451513.0
💾 Sauvé: FABLAB_21_22/tasmota/tele/tasmota_0725C0/STATE/heap = 185.0
💾 Sauvé: FABLAB_21_22/tasmota/tele/tasmota_0725C0/STATE/sleep = 50.0
💾 Sauvé: FABLAB_21_22/tasmota/tele/tasmota_0725C0/STATE/loadavg = 19.0
💾 Sauvé: FABLAB_21_22/tasmota/tele/tasmota_0725C0/STATE/mqttcount = 1.0
💾 Sauvé: FABLAB_21_22/tasmota/tele/tasmota_0725C0/STATE/berry_heapused = 4.0
💾 Sauvé: FABLAB_21_22/tasmota/tele/tasmota_0725C0/STATE/berry_objects = 55.0
💾 Sauvé: FABLAB_21_22/tasmota/tele/tasmota_0725C0/STATE/wifi_ap = 1.0
💾 Sauvé: FABLAB_21_22/tasmota/tele/tasmota_0725C0/STATE/wifi_channel = 6.0
💾 Sauvé: FABLAB_21_22/tasmota/tele/tasmota_0725C0/STATE/wifi_rssi = 100.0
💾 Sauvé: FABLAB_21_22/tasmota/tele/tasmota_0725C0/STATE/wifi_signal = -33.0
💾 Sauvé: FABLAB_21_22/tasmota/tele/tasmota_0725C0/STATE/wifi_linkcount = 1.0
🔔 Message MQTT [FABLAB_21_22/tasmota/tele/tasmota_0725C0/SENSOR] : {"Time":"2026-05-05T13:19:09","ENERGY":{"TotalStartTime":"2026-04-01T07:18:43","Total":283.750,"Yesterday":0.000,"Today":2.528,"Period":63,"Power":0,"ApparentPower":0,"ReactivePower":0,"Factor":0.00,"Voltage":247,"Current":0.000}}
✅ JSON détecté sur FABLAB_21_22/tasmota/tele/tasmota_0725C0/SENSOR. Champs numériques extraits: 10
💾 Sauvé: FABLAB_21_22/tasmota/tele/tasmota_0725C0/SENSOR/energy_total = 283.75
💾 Sauvé: FABLAB_21_22/tasmota/tele/tasmota_0725C0/SENSOR/energy_yesterday = 0.0
💾 Sauvé: FABLAB_21_22/tasmota/tele/tasmota_0725C0/SENSOR/energy_today = 2.528
💾 Sauvé: FABLAB_21_22/tasmota/tele/tasmota_0725C0/SENSOR/energy_period = 63.0
💾 Sauvé: FABLAB_21_22/tasmota/tele/tasmota_0725C0/SENSOR/energy_power = 0.0
💾 Sauvé: FABLAB_21_22/tasmota/tele/tasmota_0725C0/SENSOR/energy_apparentpower = 0.0
💾 Sauvé: FABLAB_21_22/tasmota/tele/tasmota_0725C0/SENSOR/energy_reactivepower = 0.0
💾 Sauvé: FABLAB_21_22/tasmota/tele/tasmota_0725C0/SENSOR/energy_factor = 0.0
💾 Sauvé: FABLAB_21_22/tasmota/tele/tasmota_0725C0/SENSOR/energy_voltage = 247.0
💾 Sauvé: FABLAB_21_22/tasmota/tele/tasmota_0725C0/SENSOR/energy_current = 0.0
🔔 Message MQTT [FABLAB_21_22/tasmota/tele/tasmota_071D00/STATE] : {"Time":"2026-05-05T13:21:52","Uptime":"18T02:30:13","UptimeSec":1564213,"Heap":184,"SleepMode":"Dynamic","Sleep":50,"LoadAvg":19,"MqttCount":1,"Berry":{"HeapUsed":4,"Objects":55},"POWER":"ON","Wifi":{"AP":1,"SSId":"Fablab_104","BSSId":"40:ED:00:CD:4B:EB","Channel":6,"Mode":"HT20","RSSI":76,"Signal":-62,"LinkCount":1,"Downtime":"0T00:00:03"},"Hostname":"tasmota-071D00-7424","IPAddress":"192.168.0.31"}
✅ JSON détecté sur FABLAB_21_22/tasmota/tele/tasmota_071D00/STATE. Champs numériques extraits: 12
💾 Sauvé: FABLAB_21_22/tasmota/tele/tasmota_071D00/STATE/uptimesec = 1564213.0
💾 Sauvé: FABLAB_21_22/tasmota/tele/tasmota_071D00/STATE/heap = 184.0
💾 Sauvé: FABLAB_21_22/tasmota/tele/tasmota_071D00/STATE/sleep = 50.0
💾 Sauvé: FABLAB_21_22/tasmota/tele/tasmota_071D00/STATE/loadavg = 19.0
💾 Sauvé: FABLAB_21_22/tasmota/tele/tasmota_071D00/STATE/mqttcount = 1.0
💾 Sauvé: FABLAB_21_22/tasmota/tele/tasmota_071D00/STATE/berry_heapused = 4.0
💾 Sauvé: FABLAB_21_22/tasmota/tele/tasmota_071D00/STATE/berry_objects = 55.0
💾 Sauvé: FABLAB_21_22/tasmota/tele/tasmota_071D00/STATE/wifi_ap = 1.0
💾 Sauvé: FABLAB_21_22/tasmota/tele/tasmota_071D00/STATE/wifi_channel = 6.0
💾 Sauvé: FABLAB_21_22/tasmota/tele/tasmota_071D00/STATE/wifi_rssi = 76.0
💾 Sauvé: FABLAB_21_22/tasmota/tele/tasmota_071D00/STATE/wifi_signal = -62.0
💾 Sauvé: FABLAB_21_22/tasmota/tele/tasmota_071D00/STATE/wifi_linkcount = 1.0
🔔 Message MQTT [FABLAB_21_22/tasmota/tele/tasmota_071D00/SENSOR] : {"Time":"2026-05-05T13:21:52","ENERGY":{"TotalStartTime":"2026-04-01T07:06:06","Total":0.500,"Yesterday":0.001,"Today":0.001,"Period":0,"Power":0,"ApparentPower":0,"ReactivePower":0,"Factor":0.00,"Voltage":243,"Current":0.000}}
✅ JSON détecté sur FABLAB_21_22/tasmota/tele/tasmota_071D00/SENSOR. Champs numériques extraits: 10
💾 Sauvé: FABLAB_21_22/tasmota/tele/tasmota_071D00/SENSOR/energy_total = 0.5
💾 Sauvé: FABLAB_21_22/tasmota/tele/tasmota_071D00/SENSOR/energy_yesterday = 0.001
💾 Sauvé: FABLAB_21_22/tasmota/tele/tasmota_071D00/SENSOR/energy_today = 0.001
💾 Sauvé: FABLAB_21_22/tasmota/tele/tasmota_071D00/SENSOR/energy_period = 0.0
💾 Sauvé: FABLAB_21_22/tasmota/tele/tasmota_071D00/SENSOR/energy_power = 0.0
💾 Sauvé: FABLAB_21_22/tasmota/tele/tasmota_071D00/SENSOR/energy_apparentpower = 0.0
💾 Sauvé: FABLAB_21_22/tasmota/tele/tasmota_071D00/SENSOR/energy_reactivepower = 0.0
💾 Sauvé: FABLAB_21_22/tasmota/tele/tasmota_071D00/SENSOR/energy_factor = 0.0
💾 Sauvé: FABLAB_21_22/tasmota/tele/tasmota_071D00/SENSOR/energy_voltage = 243.0
💾 Sauvé: FABLAB_21_22/tasmota/tele/tasmota_071D00/SENSOR/energy_current = 0.0
🔔 Message MQTT [FABLAB_21_22/tasmota/tele/tasmota_0725C0/STATE] : {"Time":"2026-05-05T13:24:09","Uptime":"5T05:30:13","UptimeSec":451813,"Heap":186,"SleepMode":"Dynamic","Sleep":50,"LoadAvg":19,"MqttCount":1,"Berry":{"HeapUsed":4,"Objects":55},"POWER":"ON","Wifi":{"AP":1,"SSId":"Fablab_104","BSSId":"40:ED:00:CD:4B:EB","Channel":6,"Mode":"HT20","RSSI":100,"Signal":-29,"LinkCount":1,"Downtime":"0T00:00:03"},"Hostname":"tasmota-0725C0-1472","IPAddress":"192.168.0.99"}
✅ JSON détecté sur FABLAB_21_22/tasmota/tele/tasmota_0725C0/STATE. Champs numériques extraits: 12
💾 Sauvé: FABLAB_21_22/tasmota/tele/tasmota_0725C0/STATE/uptimesec = 451813.0
💾 Sauvé: FABLAB_21_22/tasmota/tele/tasmota_0725C0/STATE/heap = 186.0
💾 Sauvé: FABLAB_21_22/tasmota/tele/tasmota_0725C0/STATE/sleep = 50.0
💾 Sauvé: FABLAB_21_22/tasmota/tele/tasmota_0725C0/STATE/loadavg = 19.0
💾 Sauvé: FABLAB_21_22/tasmota/tele/tasmota_0725C0/STATE/mqttcount = 1.0
💾 Sauvé: FABLAB_21_22/tasmota/tele/tasmota_0725C0/STATE/berry_heapused = 4.0
💾 Sauvé: FABLAB_21_22/tasmota/tele/tasmota_0725C0/STATE/berry_objects = 55.0
💾 Sauvé: FABLAB_21_22/tasmota/tele/tasmota_0725C0/STATE/wifi_ap = 1.0
💾 Sauvé: FABLAB_21_22/tasmota/tele/tasmota_0725C0/STATE/wifi_channel = 6.0
💾 Sauvé: FABLAB_21_22/tasmota/tele/tasmota_0725C0/STATE/wifi_rssi = 100.0
💾 Sauvé: FABLAB_21_22/tasmota/tele/tasmota_0725C0/STATE/wifi_signal = -29.0
💾 Sauvé: FABLAB_21_22/tasmota/tele/tasmota_0725C0/STATE/wifi_linkcount = 1.0
🔔 Message MQTT [FABLAB_21_22/tasmota/tele/tasmota_0725C0/SENSOR] : {"Time":"2026-05-05T13:24:09","ENERGY":{"TotalStartTime":"2026-04-01T07:18:43","Total":283.780,"Yesterday":0.000,"Today":2.559,"Period":31,"Power":0,"ApparentPower":0,"ReactivePower":0,"Factor":0.00,"Voltage":247,"Current":0.000}}
✅ JSON détecté sur FABLAB_21_22/tasmota/tele/tasmota_0725C0/SENSOR. Champs numériques extraits: 10
💾 Sauvé: FABLAB_21_22/tasmota/tele/tasmota_0725C0/SENSOR/energy_total = 283.78
💾 Sauvé: FABLAB_21_22/tasmota/tele/tasmota_0725C0/SENSOR/energy_yesterday = 0.0
💾 Sauvé: FABLAB_21_22/tasmota/tele/tasmota_0725C0/SENSOR/energy_today = 2.559
💾 Sauvé: FABLAB_21_22/tasmota/tele/tasmota_0725C0/SENSOR/energy_period = 31.0
💾 Sauvé: FABLAB_21_22/tasmota/tele/tasmota_0725C0/SENSOR/energy_power = 0.0
💾 Sauvé: FABLAB_21_22/tasmota/tele/tasmota_0725C0/SENSOR/energy_apparentpower = 0.0
💾 Sauvé: FABLAB_21_22/tasmota/tele/tasmota_0725C0/SENSOR/energy_reactivepower = 0.0
💾 Sauvé: FABLAB_21_22/tasmota/tele/tasmota_0725C0/SENSOR/energy_factor = 0.0
💾 Sauvé: FABLAB_21_22/tasmota/tele/tasmota_0725C0/SENSOR/energy_voltage = 247.0
💾 Sauvé: FABLAB_21_22/tasmota/tele/tasmota_0725C0/SENSOR/energy_current = 0.0
🔔 Message MQTT [FABLAB_21_22/tasmota/tele/tasmota_071D00/STATE] : {"Time":"2026-05-05T13:26:52","Uptime":"18T02:35:13","UptimeSec":1564513,"Heap":184,"SleepMode":"Dynamic","Sleep":50,"LoadAvg":19,"MqttCount":1,"Berry":{"HeapUsed":4,"Objects":55},"POWER":"ON","Wifi":{"AP":1,"SSId":"Fablab_104","BSSId":"40:ED:00:CD:4B:EB","Channel":6,"Mode":"HT20","RSSI":70,"Signal":-65,"LinkCount":1,"Downtime":"0T00:00:03"},"Hostname":"tasmota-071D00-7424","IPAddress":"192.168.0.31"}
✅ JSON détecté sur FABLAB_21_22/tasmota/tele/tasmota_071D00/STATE. Champs numériques extraits: 12
💾 Sauvé: FABLAB_21_22/tasmota/tele/tasmota_071D00/STATE/uptimesec = 1564513.0
💾 Sauvé: FABLAB_21_22/tasmota/tele/tasmota_071D00/STATE/heap = 184.0
💾 Sauvé: FABLAB_21_22/tasmota/tele/tasmota_071D00/STATE/sleep = 50.0
💾 Sauvé: FABLAB_21_22/tasmota/tele/tasmota_071D00/STATE/loadavg = 19.0
💾 Sauvé: FABLAB_21_22/tasmota/tele/tasmota_071D00/STATE/mqttcount = 1.0
💾 Sauvé: FABLAB_21_22/tasmota/tele/tasmota_071D00/STATE/berry_heapused = 4.0
💾 Sauvé: FABLAB_21_22/tasmota/tele/tasmota_071D00/STATE/berry_objects = 55.0
💾 Sauvé: FABLAB_21_22/tasmota/tele/tasmota_071D00/STATE/wifi_ap = 1.0
💾 Sauvé: FABLAB_21_22/tasmota/tele/tasmota_071D00/STATE/wifi_channel = 6.0
💾 Sauvé: FABLAB_21_22/tasmota/tele/tasmota_071D00/STATE/wifi_rssi = 70.0
💾 Sauvé: FABLAB_21_22/tasmota/tele/tasmota_071D00/STATE/wifi_signal = -65.0
💾 Sauvé: FABLAB_21_22/tasmota/tele/tasmota_071D00/STATE/wifi_linkcount = 1.0
🔔 Message MQTT [FABLAB_21_22/tasmota/tele/tasmota_071D00/SENSOR] : {"Time":"2026-05-05T13:26:52","ENERGY":{"TotalStartTime":"2026-04-01T07:06:06","Total":0.500,"Yesterday":0.001,"Today":0.001,"Period":0,"Power":0,"ApparentPower":0,"ReactivePower":0,"Factor":0.00,"Voltage":244,"Current":0.000}}
✅ JSON détecté sur FABLAB_21_22/tasmota/tele/tasmota_071D00/SENSOR. Champs numériques extraits: 10
💾 Sauvé: FABLAB_21_22/tasmota/tele/tasmota_071D00/SENSOR/energy_total = 0.5
💾 Sauvé: FABLAB_21_22/tasmota/tele/tasmota_071D00/SENSOR/energy_yesterday = 0.001
💾 Sauvé: FABLAB_21_22/tasmota/tele/tasmota_071D00/SENSOR/energy_today = 0.001
💾 Sauvé: FABLAB_21_22/tasmota/tele/tasmota_071D00/SENSOR/energy_period = 0.0
💾 Sauvé: FABLAB_21_22/tasmota/tele/tasmota_071D00/SENSOR/energy_power = 0.0
💾 Sauvé: FABLAB_21_22/tasmota/tele/tasmota_071D00/SENSOR/energy_apparentpower = 0.0
💾 Sauvé: FABLAB_21_22/tasmota/tele/tasmota_071D00/SENSOR/energy_reactivepower = 0.0
💾 Sauvé: FABLAB_21_22/tasmota/tele/tasmota_071D00/SENSOR/energy_factor = 0.0
💾 Sauvé: FABLAB_21_22/tasmota/tele/tasmota_071D00/SENSOR/energy_voltage = 244.0
💾 Sauvé: FABLAB_21_22/tasmota/tele/tasmota_071D00/SENSOR/energy_current = 0.0
🔔 Message MQTT [FABLAB_21_22/tasmota/tele/tasmota_0725C0/STATE] : {"Time":"2026-05-05T13:29:09","Uptime":"5T05:35:13","UptimeSec":452113,"Heap":186,"SleepMode":"Dynamic","Sleep":50,"LoadAvg":19,"MqttCount":1,"Berry":{"HeapUsed":4,"Objects":55},"POWER":"ON","Wifi":{"AP":1,"SSId":"Fablab_104","BSSId":"40:ED:00:CD:4B:EB","Channel":6,"Mode":"HT20","RSSI":100,"Signal":-29,"LinkCount":1,"Downtime":"0T00:00:03"},"Hostname":"tasmota-0725C0-1472","IPAddress":"192.168.0.99"}
✅ JSON détecté sur FABLAB_21_22/tasmota/tele/tasmota_0725C0/STATE. Champs numériques extraits: 12
💾 Sauvé: FABLAB_21_22/tasmota/tele/tasmota_0725C0/STATE/uptimesec = 452113.0
💾 Sauvé: FABLAB_21_22/tasmota/tele/tasmota_0725C0/STATE/heap = 186.0
💾 Sauvé: FABLAB_21_22/tasmota/tele/tasmota_0725C0/STATE/sleep = 50.0
💾 Sauvé: FABLAB_21_22/tasmota/tele/tasmota_0725C0/STATE/loadavg = 19.0
💾 Sauvé: FABLAB_21_22/tasmota/tele/tasmota_0725C0/STATE/mqttcount = 1.0
💾 Sauvé: FABLAB_21_22/tasmota/tele/tasmota_0725C0/STATE/berry_heapused = 4.0
💾 Sauvé: FABLAB_21_22/tasmota/tele/tasmota_0725C0/STATE/berry_objects = 55.0
💾 Sauvé: FABLAB_21_22/tasmota/tele/tasmota_0725C0/STATE/wifi_ap = 1.0
💾 Sauvé: FABLAB_21_22/tasmota/tele/tasmota_0725C0/STATE/wifi_channel = 6.0
💾 Sauvé: FABLAB_21_22/tasmota/tele/tasmota_0725C0/STATE/wifi_rssi = 100.0
💾 Sauvé: FABLAB_21_22/tasmota/tele/tasmota_0725C0/STATE/wifi_signal = -29.0
💾 Sauvé: FABLAB_21_22/tasmota/tele/tasmota_0725C0/STATE/wifi_linkcount = 1.0
🔔 Message MQTT [FABLAB_21_22/tasmota/tele/tasmota_0725C0/SENSOR] : {"Time":"2026-05-05T13:29:09","ENERGY":{"TotalStartTime":"2026-04-01T07:18:43","Total":283.811,"Yesterday":0.000,"Today":2.589,"Period":30,"Power":0,"ApparentPower":0,"ReactivePower":0,"Factor":0.00,"Voltage":247,"Current":0.000}}
✅ JSON détecté sur FABLAB_21_22/tasmota/tele/tasmota_0725C0/SENSOR. Champs numériques extraits: 10
💾 Sauvé: FABLAB_21_22/tasmota/tele/tasmota_0725C0/SENSOR/energy_total = 283.811
💾 Sauvé: FABLAB_21_22/tasmota/tele/tasmota_0725C0/SENSOR/energy_yesterday = 0.0
💾 Sauvé: FABLAB_21_22/tasmota/tele/tasmota_0725C0/SENSOR/energy_today = 2.589
💾 Sauvé: FABLAB_21_22/tasmota/tele/tasmota_0725C0/SENSOR/energy_period = 30.0
💾 Sauvé: FABLAB_21_22/tasmota/tele/tasmota_0725C0/SENSOR/energy_power = 0.0
💾 Sauvé: FABLAB_21_22/tasmota/tele/tasmota_0725C0/SENSOR/energy_apparentpower = 0.0
💾 Sauvé: FABLAB_21_22/tasmota/tele/tasmota_0725C0/SENSOR/energy_reactivepower = 0.0
💾 Sauvé: FABLAB_21_22/tasmota/tele/tasmota_0725C0/SENSOR/energy_factor = 0.0
💾 Sauvé: FABLAB_21_22/tasmota/tele/tasmota_0725C0/SENSOR/energy_voltage = 247.0
💾 Sauvé: FABLAB_21_22/tasmota/tele/tasmota_0725C0/SENSOR/energy_current = 0.0
🔔 Message MQTT [FABLAB_21_22/tasmota/tele/tasmota_071D00/STATE] : {"Time":"2026-05-05T13:31:52","Uptime":"18T02:40:13","UptimeSec":1564813,"Heap":184,"SleepMode":"Dynamic","Sleep":50,"LoadAvg":19,"MqttCount":1,"Berry":{"HeapUsed":4,"Objects":55},"POWER":"ON","Wifi":{"AP":1,"SSId":"Fablab_104","BSSId":"40:ED:00:CD:4B:EB","Channel":6,"Mode":"HT20","RSSI":68,"Signal":-66,"LinkCount":1,"Downtime":"0T00:00:03"},"Hostname":"tasmota-071D00-7424","IPAddress":"192.168.0.31"}
✅ JSON détecté sur FABLAB_21_22/tasmota/tele/tasmota_071D00/STATE. Champs numériques extraits: 12
💾 Sauvé: FABLAB_21_22/tasmota/tele/tasmota_071D00/STATE/uptimesec = 1564813.0
💾 Sauvé: FABLAB_21_22/tasmota/tele/tasmota_071D00/STATE/heap = 184.0
💾 Sauvé: FABLAB_21_22/tasmota/tele/tasmota_071D00/STATE/sleep = 50.0
💾 Sauvé: FABLAB_21_22/tasmota/tele/tasmota_071D00/STATE/loadavg = 19.0
💾 Sauvé: FABLAB_21_22/tasmota/tele/tasmota_071D00/STATE/mqttcount = 1.0
💾 Sauvé: FABLAB_21_22/tasmota/tele/tasmota_071D00/STATE/berry_heapused = 4.0
💾 Sauvé: FABLAB_21_22/tasmota/tele/tasmota_071D00/STATE/berry_objects = 55.0
💾 Sauvé: FABLAB_21_22/tasmota/tele/tasmota_071D00/STATE/wifi_ap = 1.0
💾 Sauvé: FABLAB_21_22/tasmota/tele/tasmota_071D00/STATE/wifi_channel = 6.0
💾 Sauvé: FABLAB_21_22/tasmota/tele/tasmota_071D00/STATE/wifi_rssi = 68.0
💾 Sauvé: FABLAB_21_22/tasmota/tele/tasmota_071D00/STATE/wifi_signal = -66.0
💾 Sauvé: FABLAB_21_22/tasmota/tele/tasmota_071D00/STATE/wifi_linkcount = 1.0
🔔 Message MQTT [FABLAB_21_22/tasmota/tele/tasmota_071D00/SENSOR] : {"Time":"2026-05-05T13:31:52","ENERGY":{"TotalStartTime":"2026-04-01T07:06:06","Total":0.500,"Yesterday":0.001,"Today":0.001,"Period":0,"Power":0,"ApparentPower":0,"ReactivePower":0,"Factor":0.00,"Voltage":243,"Current":0.000}}
✅ JSON détecté sur FABLAB_21_22/tasmota/tele/tasmota_071D00/SENSOR. Champs numériques extraits: 10
💾 Sauvé: FABLAB_21_22/tasmota/tele/tasmota_071D00/SENSOR/energy_total = 0.5
💾 Sauvé: FABLAB_21_22/tasmota/tele/tasmota_071D00/SENSOR/energy_yesterday = 0.001
💾 Sauvé: FABLAB_21_22/tasmota/tele/tasmota_071D00/SENSOR/energy_today = 0.001
💾 Sauvé: FABLAB_21_22/tasmota/tele/tasmota_071D00/SENSOR/energy_period = 0.0
💾 Sauvé: FABLAB_21_22/tasmota/tele/tasmota_071D00/SENSOR/energy_power = 0.0
💾 Sauvé: FABLAB_21_22/tasmota/tele/tasmota_071D00/SENSOR/energy_apparentpower = 0.0
💾 Sauvé: FABLAB_21_22/tasmota/tele/tasmota_071D00/SENSOR/energy_reactivepower = 0.0
💾 Sauvé: FABLAB_21_22/tasmota/tele/tasmota_071D00/SENSOR/energy_factor = 0.0
💾 Sauvé: FABLAB_21_22/tasmota/tele/tasmota_071D00/SENSOR/energy_voltage = 243.0
💾 Sauvé: FABLAB_21_22/tasmota/tele/tasmota_071D00/SENSOR/energy_current = 0.0
🔔 Message MQTT [FABLAB_21_22/RADAR/salle104] : {"nb":0,"presence":false,"ts":15366}
✅ JSON détecté sur FABLAB_21_22/RADAR/salle104. Champs numériques extraits: 2
💾 Sauvé: FABLAB_21_22/RADAR/salle104/nb = 0.0
💾 Sauvé: FABLAB_21_22/RADAR/salle104/presence = 0.0
🔔 Message MQTT [FABLAB_21_22/RADAR/salle104] : {"nb":0,"presence":false,"ts":18366}
✅ JSON détecté sur FABLAB_21_22/RADAR/salle104. Champs numériques extraits: 2
⏳ Ignoré (throttle): FABLAB_21_22/RADAR/salle104/nb, dernier insert il y a 2s
⏳ Ignoré (throttle): FABLAB_21_22/RADAR/salle104/presence, dernier insert il y a 2s
🔔 Message MQTT [FABLAB_21_22/RADAR/salle104] : {"nb":0,"presence":false,"ts":21366}
✅ JSON détecté sur FABLAB_21_22/RADAR/salle104. Champs numériques extraits: 2
⏳ Ignoré (throttle): FABLAB_21_22/RADAR/salle104/nb, dernier insert il y a 6s
⏳ Ignoré (throttle): FABLAB_21_22/RADAR/salle104/presence, dernier insert il y a 5s
🔔 Message MQTT [FABLAB_21_22/RADAR/salle104] : {"nb":0,"presence":false,"ts":24366}
✅ JSON détecté sur FABLAB_21_22/RADAR/salle104. Champs numériques extraits: 2
⏳ Ignoré (throttle): FABLAB_21_22/RADAR/salle104/nb, dernier insert il y a 9s
⏳ Ignoré (throttle): FABLAB_21_22/RADAR/salle104/presence, dernier insert il y a 8s
🔔 Message MQTT [FABLAB_21_22/RADAR/salle104] : {"nb":0,"presence":false,"ts":27366}
✅ JSON détecté sur FABLAB_21_22/RADAR/salle104. Champs numériques extraits: 2
⏳ Ignoré (throttle): FABLAB_21_22/RADAR/salle104/nb, dernier insert il y a 11s
⏳ Ignoré (throttle): FABLAB_21_22/RADAR/salle104/presence, dernier insert il y a 11s
🔔 Message MQTT [FABLAB_21_22/RADAR/salle104] : {"nb":0,"presence":false,"ts":30366}
✅ JSON détecté sur FABLAB_21_22/RADAR/salle104. Champs numériques extraits: 2
⏳ Ignoré (throttle): FABLAB_21_22/RADAR/salle104/nb, dernier insert il y a 14s
⏳ Ignoré (throttle): FABLAB_21_22/RADAR/salle104/presence, dernier insert il y a 14s
🔔 Message MQTT [FABLAB_21_22/RADAR/salle104] : {"nb":0,"presence":false,"ts":33366}
✅ JSON détecté sur FABLAB_21_22/RADAR/salle104. Champs numériques extraits: 2
⏳ Ignoré (throttle): FABLAB_21_22/RADAR/salle104/nb, dernier insert il y a 18s
⏳ Ignoré (throttle): FABLAB_21_22/RADAR/salle104/presence, dernier insert il y a 17s
🔔 Message MQTT [FABLAB_21_22/RADAR/salle104] : {"nb":0,"presence":false,"ts":36366}
✅ JSON détecté sur FABLAB_21_22/RADAR/salle104. Champs numériques extraits: 2
⏳ Ignoré (throttle): FABLAB_21_22/RADAR/salle104/nb, dernier insert il y a 21s
⏳ Ignoré (throttle): FABLAB_21_22/RADAR/salle104/presence, dernier insert il y a 20s
🔔 Message MQTT [FABLAB_21_22/RADAR/salle104] : {"nb":0,"presence":false,"ts":39366}
✅ JSON détecté sur FABLAB_21_22/RADAR/salle104. Champs numériques extraits: 2
⏳ Ignoré (throttle): FABLAB_21_22/RADAR/salle104/nb, dernier insert il y a 24s
⏳ Ignoré (throttle): FABLAB_21_22/RADAR/salle104/presence, dernier insert il y a 23s
🔔 Message MQTT [FABLAB_21_22/RADAR/salle104] : {"nb":0,"presence":false,"ts":42366}
✅ JSON détecté sur FABLAB_21_22/RADAR/salle104. Champs numériques extraits: 2
⏳ Ignoré (throttle): FABLAB_21_22/RADAR/salle104/nb, dernier insert il y a 26s
⏳ Ignoré (throttle): FABLAB_21_22/RADAR/salle104/presence, dernier insert il y a 26s
🔔 Message MQTT [FABLAB_21_22/RADAR/salle104] : {"nb":0,"presence":false,"ts":45366}
✅ JSON détecté sur FABLAB_21_22/RADAR/salle104. Champs numériques extraits: 2
⏳ Ignoré (throttle): FABLAB_21_22/RADAR/salle104/nb, dernier insert il y a 29s
⏳ Ignoré (throttle): FABLAB_21_22/RADAR/salle104/presence, dernier insert il y a 29s
🔔 Message MQTT [FABLAB_21_22/tasmota/tele/tasmota_0725C0/STATE] : {"Time":"2026-05-05T13:34:09","Uptime":"5T05:40:13","UptimeSec":452413,"Heap":186,"SleepMode":"Dynamic","Sleep":50,"LoadAvg":19,"MqttCount":1,"Berry":{"HeapUsed":4,"Objects":55},"POWER":"ON","Wifi":{"AP":1,"SSId":"Fablab_104","BSSId":"40:ED:00:CD:4B:EB","Channel":6,"Mode":"HT20","RSSI":100,"Signal":-28,"LinkCount":1,"Downtime":"0T00:00:03"},"Hostname":"tasmota-0725C0-1472","IPAddress":"192.168.0.99"}
✅ JSON détecté sur FABLAB_21_22/tasmota/tele/tasmota_0725C0/STATE. Champs numériques extraits: 12
💾 Sauvé: FABLAB_21_22/tasmota/tele/tasmota_0725C0/STATE/uptimesec = 452413.0
💾 Sauvé: FABLAB_21_22/tasmota/tele/tasmota_0725C0/STATE/heap = 186.0
💾 Sauvé: FABLAB_21_22/tasmota/tele/tasmota_0725C0/STATE/sleep = 50.0
💾 Sauvé: FABLAB_21_22/tasmota/tele/tasmota_0725C0/STATE/loadavg = 19.0
💾 Sauvé: FABLAB_21_22/tasmota/tele/tasmota_0725C0/STATE/mqttcount = 1.0
💾 Sauvé: FABLAB_21_22/tasmota/tele/tasmota_0725C0/STATE/berry_heapused = 4.0
💾 Sauvé: FABLAB_21_22/tasmota/tele/tasmota_0725C0/STATE/berry_objects = 55.0
💾 Sauvé: FABLAB_21_22/tasmota/tele/tasmota_0725C0/STATE/wifi_ap = 1.0
💾 Sauvé: FABLAB_21_22/tasmota/tele/tasmota_0725C0/STATE/wifi_channel = 6.0
💾 Sauvé: FABLAB_21_22/tasmota/tele/tasmota_0725C0/STATE/wifi_rssi = 100.0
💾 Sauvé: FABLAB_21_22/tasmota/tele/tasmota_0725C0/STATE/wifi_signal = -28.0
💾 Sauvé: FABLAB_21_22/tasmota/tele/tasmota_0725C0/STATE/wifi_linkcount = 1.0
🔔 Message MQTT [FABLAB_21_22/tasmota/tele/tasmota_0725C0/SENSOR] : {"Time":"2026-05-05T13:34:09","ENERGY":{"TotalStartTime":"2026-04-01T07:18:43","Total":283.844,"Yesterday":0.000,"Today":2.622,"Period":33,"Power":0,"ApparentPower":0,"ReactivePower":0,"Factor":0.00,"Voltage":247,"Current":0.000}}
✅ JSON détecté sur FABLAB_21_22/tasmota/tele/tasmota_0725C0/SENSOR. Champs numériques extraits: 10
💾 Sauvé: FABLAB_21_22/tasmota/tele/tasmota_0725C0/SENSOR/energy_total = 283.844
💾 Sauvé: FABLAB_21_22/tasmota/tele/tasmota_0725C0/SENSOR/energy_yesterday = 0.0
💾 Sauvé: FABLAB_21_22/tasmota/tele/tasmota_0725C0/SENSOR/energy_today = 2.622
💾 Sauvé: FABLAB_21_22/tasmota/tele/tasmota_0725C0/SENSOR/energy_period = 33.0
💾 Sauvé: FABLAB_21_22/tasmota/tele/tasmota_0725C0/SENSOR/energy_power = 0.0
💾 Sauvé: FABLAB_21_22/tasmota/tele/tasmota_0725C0/SENSOR/energy_apparentpower = 0.0
💾 Sauvé: FABLAB_21_22/tasmota/tele/tasmota_0725C0/SENSOR/energy_reactivepower = 0.0
💾 Sauvé: FABLAB_21_22/tasmota/tele/tasmota_0725C0/SENSOR/energy_factor = 0.0
💾 Sauvé: FABLAB_21_22/tasmota/tele/tasmota_0725C0/SENSOR/energy_voltage = 247.0
💾 Sauvé: FABLAB_21_22/tasmota/tele/tasmota_0725C0/SENSOR/energy_current = 0.0
🔔 Message MQTT [FABLAB_21_22/RADAR/salle104] : {"nb":0,"presence":false,"ts":48366}
✅ JSON détecté sur FABLAB_21_22/RADAR/salle104. Champs numériques extraits: 2
⏳ Ignoré (throttle): FABLAB_21_22/RADAR/salle104/nb, dernier insert il y a 36s
⏳ Ignoré (throttle): FABLAB_21_22/RADAR/salle104/presence, dernier insert il y a 36s
🔔 Message MQTT [FABLAB_21_22/RADAR/salle104] : {"nb":0,"presence":false,"ts":51366}
✅ JSON détecté sur FABLAB_21_22/RADAR/salle104. Champs numériques extraits: 2
⏳ Ignoré (throttle): FABLAB_21_22/RADAR/salle104/nb, dernier insert il y a 36s
⏳ Ignoré (throttle): FABLAB_21_22/RADAR/salle104/presence, dernier insert il y a 36s
🔔 Message MQTT [FABLAB_21_22/RADAR/salle104] : {"nb":0,"presence":false,"ts":54366}
✅ JSON détecté sur FABLAB_21_22/RADAR/salle104. Champs numériques extraits: 2
⏳ Ignoré (throttle): FABLAB_21_22/RADAR/salle104/nb, dernier insert il y a 39s
⏳ Ignoré (throttle): FABLAB_21_22/RADAR/salle104/presence, dernier insert il y a 38s
🔔 Message MQTT [FABLAB_21_22/RADAR/salle104] : {"nb":0,"presence":false,"ts":57366}
✅ JSON détecté sur FABLAB_21_22/RADAR/salle104. Champs numériques extraits: 2
⏳ Ignoré (throttle): FABLAB_21_22/RADAR/salle104/nb, dernier insert il y a 42s
⏳ Ignoré (throttle): FABLAB_21_22/RADAR/salle104/presence, dernier insert il y a 41s
🔔 Message MQTT [FABLAB_21_22/RADAR/salle104] : {"nb":0,"presence":false,"ts":60366}
✅ JSON détecté sur FABLAB_21_22/RADAR/salle104. Champs numériques extraits: 2
⏳ Ignoré (throttle): FABLAB_21_22/RADAR/salle104/nb, dernier insert il y a 45s
⏳ Ignoré (throttle): FABLAB_21_22/RADAR/salle104/presence, dernier insert il y a 44s
🔔 Message MQTT [FABLAB_21_22/RADAR/salle104] : {"nb":0,"presence":false,"ts":63366}
✅ JSON détecté sur FABLAB_21_22/RADAR/salle104. Champs numériques extraits: 2
⏳ Ignoré (throttle): FABLAB_21_22/RADAR/salle104/nb, dernier insert il y a 48s
⏳ Ignoré (throttle): FABLAB_21_22/RADAR/salle104/presence, dernier insert il y a 47s
🔔 Message MQTT [FABLAB_21_22/RADAR/salle104] : {"nb":0,"presence":false,"ts":66366}
✅ JSON détecté sur FABLAB_21_22/RADAR/salle104. Champs numériques extraits: 2
⏳ Ignoré (throttle): FABLAB_21_22/RADAR/salle104/nb, dernier insert il y a 51s
⏳ Ignoré (throttle): FABLAB_21_22/RADAR/salle104/presence, dernier insert il y a 50s
🔔 Message MQTT [FABLAB_21_22/RADAR/salle104] : {"nb":0,"presence":false,"ts":69366}
✅ JSON détecté sur FABLAB_21_22/RADAR/salle104. Champs numériques extraits: 2
⏳ Ignoré (throttle): FABLAB_21_22/RADAR/salle104/nb, dernier insert il y a 54s
⏳ Ignoré (throttle): FABLAB_21_22/RADAR/salle104/presence, dernier insert il y a 53s
✅ Connecté au broker MQTT avec le code 0
📡 Écoute sur le topic : FABLAB_21_22/#
🔔 Message MQTT [FABLAB_21_22/RADAR/salle104] : {"nb":0,"presence":false,"ts":369366}
✅ JSON détecté sur FABLAB_21_22/RADAR/salle104. Champs numériques extraits: 2
💾 Sauvé: FABLAB_21_22/RADAR/salle104/nb = 0.0
💾 Sauvé: FABLAB_21_22/RADAR/salle104/presence = 0.0
🔔 Message MQTT [FABLAB_21_22/envir/salle12] : {"ts":32917}
✅ JSON détecté sur FABLAB_21_22/envir/salle12. Champs numériques extraits: 0
⚠️ Ignoré (inexploitable): topic=FABLAB_21_22/envir/salle12
🔔 Message MQTT [FABLAB_21_22/envir/salle_104] : {"ts":118783,"temperature":22.2,"humidite":56.8,"pm25":3.6,"pm10":6.6,"lux":126.3514}
✅ JSON détecté sur FABLAB_21_22/envir/salle_104. Champs numériques extraits: 5
💾 Sauvé: FABLAB_21_22/envir/salle_104/temperature = 22.2
💾 Sauvé: FABLAB_21_22/envir/salle_104/humidite = 56.8
💾 Sauvé: FABLAB_21_22/envir/salle_104/pm25 = 3.6
💾 Sauvé: FABLAB_21_22/envir/salle_104/pm10 = 6.6
💾 Sauvé: FABLAB_21_22/envir/salle_104/lux = 126.3514
🔔 Message MQTT [FABLAB_21_22/salle12/all] : {"ts":1175902,"temperature":23.3,"humidite":68.6,"pm25":146.9,"pm10":232.3,"lux":427.707}
✅ JSON détecté sur FABLAB_21_22/salle12/all. Champs numériques extraits: 5
💾 Sauvé: FABLAB_21_22/salle12/all/temperature = 23.3
💾 Sauvé: FABLAB_21_22/salle12/all/humidite = 68.6
💾 Sauvé: FABLAB_21_22/salle12/all/pm25 = 146.9
💾 Sauvé: FABLAB_21_22/salle12/all/pm10 = 232.3
💾 Sauvé: FABLAB_21_22/salle12/all/lux = 427.707
🔔 Message MQTT [FABLAB_21_22/tasmota/tele/tasmota_0725C0/LWT] : Online
⚠️ Ignoré (inexploitable): topic=FABLAB_21_22/tasmota/tele/tasmota_0725C0/LWT
🔔 Message MQTT [FABLAB_21_22/tasmota/tele/tasmota_071D00/LWT] : Online
⚠️ Ignoré (inexploitable): topic=FABLAB_21_22/tasmota/tele/tasmota_071D00/LWT
🔔 Message MQTT [FABLAB_21_22/tasmota/tasmota/discovery/3CDC750725C0/config] : {"ip":"192.168.0.99","dn":"Tasmota","fn":["Tasmota",null,null,null,null,null,null,null],"hn":"tasmota-0725C0-1472","mac":"3CDC750725C0","md":"EIGHTREE","ty":0,"if":0,"cam":0,"ofln":"Offline","onln":"Online","state":["OFF","ON","TOGGLE","HOLD"],"sw":"15.3.0","t":"tasmota_0725C0","ft":"%prefix%/%topic%/","tp":["cmnd","stat","tele"],"rl":[1,0,0,0,0,0,0,0,0,0,0,0,0,0,0,0,0,0,0,0,0,0,0,0,0,0,0,0,0,0,0,0],"swc":[-1,-1,-1,-1,-1,-1,-1,-1,-1,-1,-1,-1,-1,-1,-1,-1,-1,-1,-1,-1,-1,-1,-1,-1,-1,-1,-1,-1,-1,-1,-1,-1],"swn":[null,null,null,null,null,null,null,null,null,null,null,null,null,null,null,null,null,null,null,null,null,null,null,null,null,null,null,null,null,null,null,null],"btn":[0,0,0,0,0,0,0,0,0,0,0,0,0,0,0,0,0,0,0,0,0,0,0,0,0,0,0,0,0,0,0,0],"so":{"4":0,"11":0,"13":0,"17":0,"20":0,"30":0,"68":0,"73":0,"82":0,"114":0,"117":0},"lk":0,"lt_st":0,"bat":0,"dslp":0,"sho":[],"sht":[],"ver":1}
✅ JSON détecté sur FABLAB_21_22/tasmota/tasmota/discovery/3CDC750725C0/config. Champs numériques extraits: 19
💾 Sauvé: FABLAB_21_22/tasmota/tasmota/discovery/3CDC750725C0/config/ty = 0.0
💾 Sauvé: FABLAB_21_22/tasmota/tasmota/discovery/3CDC750725C0/config/if = 0.0
💾 Sauvé: FABLAB_21_22/tasmota/tasmota/discovery/3CDC750725C0/config/cam = 0.0
💾 Sauvé: FABLAB_21_22/tasmota/tasmota/discovery/3CDC750725C0/config/so_4 = 0.0
💾 Sauvé: FABLAB_21_22/tasmota/tasmota/discovery/3CDC750725C0/config/so_11 = 0.0
💾 Sauvé: FABLAB_21_22/tasmota/tasmota/discovery/3CDC750725C0/config/so_13 = 0.0
💾 Sauvé: FABLAB_21_22/tasmota/tasmota/discovery/3CDC750725C0/config/so_17 = 0.0
💾 Sauvé: FABLAB_21_22/tasmota/tasmota/discovery/3CDC750725C0/config/so_20 = 0.0
💾 Sauvé: FABLAB_21_22/tasmota/tasmota/discovery/3CDC750725C0/config/so_30 = 0.0
💾 Sauvé: FABLAB_21_22/tasmota/tasmota/discovery/3CDC750725C0/config/so_68 = 0.0
💾 Sauvé: FABLAB_21_22/tasmota/tasmota/discovery/3CDC750725C0/config/so_73 = 0.0
💾 Sauvé: FABLAB_21_22/tasmota/tasmota/discovery/3CDC750725C0/config/so_82 = 0.0
💾 Sauvé: FABLAB_21_22/tasmota/tasmota/discovery/3CDC750725C0/config/so_114 = 0.0
💾 Sauvé: FABLAB_21_22/tasmota/tasmota/discovery/3CDC750725C0/config/so_117 = 0.0
💾 Sauvé: FABLAB_21_22/tasmota/tasmota/discovery/3CDC750725C0/config/lk = 0.0
💾 Sauvé: FABLAB_21_22/tasmota/tasmota/discovery/3CDC750725C0/config/lt_st = 0.0
💾 Sauvé: FABLAB_21_22/tasmota/tasmota/discovery/3CDC750725C0/config/bat = 0.0
💾 Sauvé: FABLAB_21_22/tasmota/tasmota/discovery/3CDC750725C0/config/dslp = 0.0
💾 Sauvé: FABLAB_21_22/tasmota/tasmota/discovery/3CDC750725C0/config/ver = 1.0
🔔 Message MQTT [FABLAB_21_22/tasmota/tasmota/discovery/3CDC750725C0/sensors] : {"sn":{"Time":"2026-04-30T07:54:10","ENERGY":{"TotalStartTime":"2026-04-01T07:18:43","Total":281.222,"Yesterday":0.001,"Today":0.000,"Power":0,"ApparentPower":0,"ReactivePower":0,"Factor":0.00,"Voltage":244,"Current":0.000}},"ver":1}
✅ JSON détecté sur FABLAB_21_22/tasmota/tasmota/discovery/3CDC750725C0/sensors. Champs numériques extraits: 1
💾 Sauvé: FABLAB_21_22/tasmota/tasmota/discovery/3CDC750725C0/sensors/ver = 1.0
🔔 Message MQTT [FABLAB_21_22/tasmota/tasmota/discovery/3CDC75071D00/config] : {"ip":"192.168.0.31","dn":"Tasmota","fn":["Tasmota",null,null,null,null,null,null,null],"hn":"tasmota-071D00-7424","mac":"3CDC75071D00","md":"EIGHTREE","ty":0,"if":0,"cam":0,"ofln":"Offline","onln":"Online","state":["OFF","ON","TOGGLE","HOLD"],"sw":"15.3.0","t":"tasmota_071D00","ft":"%prefix%/%topic%/","tp":["cmnd","stat","tele"],"rl":[1,0,0,0,0,0,0,0,0,0,0,0,0,0,0,0,0,0,0,0,0,0,0,0,0,0,0,0,0,0,0,0],"swc":[-1,-1,-1,-1,-1,-1,-1,-1,-1,-1,-1,-1,-1,-1,-1,-1,-1,-1,-1,-1,-1,-1,-1,-1,-1,-1,-1,-1,-1,-1,-1,-1],"swn":[null,null,null,null,null,null,null,null,null,null,null,null,null,null,null,null,null,null,null,null,null,null,null,null,null,null,null,null,null,null,null,null],"btn":[0,0,0,0,0,0,0,0,0,0,0,0,0,0,0,0,0,0,0,0,0,0,0,0,0,0,0,0,0,0,0,0],"so":{"4":0,"11":0,"13":0,"17":0,"20":0,"30":0,"68":0,"73":0,"82":0,"114":0,"117":0},"lk":0,"lt_st":0,"bat":0,"dslp":0,"sho":[],"sht":[],"ver":1}
✅ JSON détecté sur FABLAB_21_22/tasmota/tasmota/discovery/3CDC75071D00/config. Champs numériques extraits: 19
💾 Sauvé: FABLAB_21_22/tasmota/tasmota/discovery/3CDC75071D00/config/ty = 0.0
💾 Sauvé: FABLAB_21_22/tasmota/tasmota/discovery/3CDC75071D00/config/if = 0.0
💾 Sauvé: FABLAB_21_22/tasmota/tasmota/discovery/3CDC75071D00/config/cam = 0.0
💾 Sauvé: FABLAB_21_22/tasmota/tasmota/discovery/3CDC75071D00/config/so_4 = 0.0
💾 Sauvé: FABLAB_21_22/tasmota/tasmota/discovery/3CDC75071D00/config/so_11 = 0.0
💾 Sauvé: FABLAB_21_22/tasmota/tasmota/discovery/3CDC75071D00/config/so_13 = 0.0
💾 Sauvé: FABLAB_21_22/tasmota/tasmota/discovery/3CDC75071D00/config/so_17 = 0.0
💾 Sauvé: FABLAB_21_22/tasmota/tasmota/discovery/3CDC75071D00/config/so_20 = 0.0
💾 Sauvé: FABLAB_21_22/tasmota/tasmota/discovery/3CDC75071D00/config/so_30 = 0.0
💾 Sauvé: FABLAB_21_22/tasmota/tasmota/discovery/3CDC75071D00/config/so_68 = 0.0
💾 Sauvé: FABLAB_21_22/tasmota/tasmota/discovery/3CDC75071D00/config/so_73 = 0.0
💾 Sauvé: FABLAB_21_22/tasmota/tasmota/discovery/3CDC75071D00/config/so_82 = 0.0
💾 Sauvé: FABLAB_21_22/tasmota/tasmota/discovery/3CDC75071D00/config/so_114 = 0.0
💾 Sauvé: FABLAB_21_22/tasmota/tasmota/discovery/3CDC75071D00/config/so_117 = 0.0
💾 Sauvé: FABLAB_21_22/tasmota/tasmota/discovery/3CDC75071D00/config/lk = 0.0
💾 Sauvé: FABLAB_21_22/tasmota/tasmota/discovery/3CDC75071D00/config/lt_st = 0.0
💾 Sauvé: FABLAB_21_22/tasmota/tasmota/discovery/3CDC75071D00/config/bat = 0.0
💾 Sauvé: FABLAB_21_22/tasmota/tasmota/discovery/3CDC75071D00/config/dslp = 0.0
💾 Sauvé: FABLAB_21_22/tasmota/tasmota/discovery/3CDC75071D00/config/ver = 1.0
🔔 Message MQTT [FABLAB_21_22/tasmota/tasmota/discovery/3CDC75071D00/sensors] : {"sn":{"Time":"2026-04-17T10:51:52","ENERGY":{"TotalStartTime":"2026-04-01T07:06:06","Total":0.013,"Yesterday":0.013,"Today":0.000,"Power":0,"ApparentPower":0,"ReactivePower":0,"Factor":0.00,"Voltage":243,"Current":0.000}},"ver":1}
✅ JSON détecté sur FABLAB_21_22/tasmota/tasmota/discovery/3CDC75071D00/sensors. Champs numériques extraits: 1
💾 Sauvé: FABLAB_21_22/tasmota/tasmota/discovery/3CDC75071D00/sensors/ver = 1.0
🔔 Message MQTT [FABLAB_21_22/environ/salle_104] : {"ts":296576,"lux":259.5628}
✅ JSON détecté sur FABLAB_21_22/environ/salle_104. Champs numériques extraits: 1
💾 Sauvé: FABLAB_21_22/environ/salle_104/lux = 259.5628
🔔 Message MQTT [FABLAB_21_22/tasmota/tele/tasmota_0725C0/STATE] : {"Time":"2026-05-05T13:44:09","Uptime":"5T05:50:13","UptimeSec":453013,"Heap":186,"SleepMode":"Dynamic","Sleep":50,"LoadAvg":19,"MqttCount":1,"Berry":{"HeapUsed":4,"Objects":55},"POWER":"ON","Wifi":{"AP":1,"SSId":"Fablab_104","BSSId":"40:ED:00:CD:4B:EB","Channel":6,"Mode":"HT20","RSSI":100,"Signal":-32,"LinkCount":1,"Downtime":"0T00:00:03"},"Hostname":"tasmota-0725C0-1472","IPAddress":"192.168.0.99"}
✅ JSON détecté sur FABLAB_21_22/tasmota/tele/tasmota_0725C0/STATE. Champs numériques extraits: 12
💾 Sauvé: FABLAB_21_22/tasmota/tele/tasmota_0725C0/STATE/uptimesec = 453013.0
💾 Sauvé: FABLAB_21_22/tasmota/tele/tasmota_0725C0/STATE/heap = 186.0
💾 Sauvé: FABLAB_21_22/tasmota/tele/tasmota_0725C0/STATE/sleep = 50.0
💾 Sauvé: FABLAB_21_22/tasmota/tele/tasmota_0725C0/STATE/loadavg = 19.0
💾 Sauvé: FABLAB_21_22/tasmota/tele/tasmota_0725C0/STATE/mqttcount = 1.0
💾 Sauvé: FABLAB_21_22/tasmota/tele/tasmota_0725C0/STATE/berry_heapused = 4.0
💾 Sauvé: FABLAB_21_22/tasmota/tele/tasmota_0725C0/STATE/berry_objects = 55.0
💾 Sauvé: FABLAB_21_22/tasmota/tele/tasmota_0725C0/STATE/wifi_ap = 1.0
💾 Sauvé: FABLAB_21_22/tasmota/tele/tasmota_0725C0/STATE/wifi_channel = 6.0
💾 Sauvé: FABLAB_21_22/tasmota/tele/tasmota_0725C0/STATE/wifi_rssi = 100.0
💾 Sauvé: FABLAB_21_22/tasmota/tele/tasmota_0725C0/STATE/wifi_signal = -32.0
💾 Sauvé: FABLAB_21_22/tasmota/tele/tasmota_0725C0/STATE/wifi_linkcount = 1.0
🔔 Message MQTT [FABLAB_21_22/tasmota/tele/tasmota_0725C0/SENSOR] : {"Time":"2026-05-05T13:44:09","ENERGY":{"TotalStartTime":"2026-04-01T07:18:43","Total":283.942,"Yesterday":0.000,"Today":2.720,"Period":36,"Power":0,"ApparentPower":0,"ReactivePower":0,"Factor":0.00,"Voltage":247,"Current":0.000}}
✅ JSON détecté sur FABLAB_21_22/tasmota/tele/tasmota_0725C0/SENSOR. Champs numériques extraits: 10
💾 Sauvé: FABLAB_21_22/tasmota/tele/tasmota_0725C0/SENSOR/energy_total = 283.942
💾 Sauvé: FABLAB_21_22/tasmota/tele/tasmota_0725C0/SENSOR/energy_yesterday = 0.0
💾 Sauvé: FABLAB_21_22/tasmota/tele/tasmota_0725C0/SENSOR/energy_today = 2.72
💾 Sauvé: FABLAB_21_22/tasmota/tele/tasmota_0725C0/SENSOR/energy_period = 36.0
💾 Sauvé: FABLAB_21_22/tasmota/tele/tasmota_0725C0/SENSOR/energy_power = 0.0
💾 Sauvé: FABLAB_21_22/tasmota/tele/tasmota_0725C0/SENSOR/energy_apparentpower = 0.0
💾 Sauvé: FABLAB_21_22/tasmota/tele/tasmota_0725C0/SENSOR/energy_reactivepower = 0.0
💾 Sauvé: FABLAB_21_22/tasmota/tele/tasmota_0725C0/SENSOR/energy_factor = 0.0
💾 Sauvé: FABLAB_21_22/tasmota/tele/tasmota_0725C0/SENSOR/energy_voltage = 247.0
💾 Sauvé: FABLAB_21_22/tasmota/tele/tasmota_0725C0/SENSOR/energy_current = 0.0
🔔 Message MQTT [FABLAB_21_22/tasmota/tele/tasmota_071D00/STATE] : {"Time":"2026-05-05T13:46:52","Uptime":"18T02:55:13","UptimeSec":1565713,"Heap":184,"SleepMode":"Dynamic","Sleep":50,"LoadAvg":19,"MqttCount":1,"Berry":{"HeapUsed":4,"Objects":55},"POWER":"ON","Wifi":{"AP":1,"SSId":"Fablab_104","BSSId":"40:ED:00:CD:4B:EB","Channel":6,"Mode":"HT20","RSSI":72,"Signal":-64,"LinkCount":1,"Downtime":"0T00:00:03"},"Hostname":"tasmota-071D00-7424","IPAddress":"192.168.0.31"}
✅ JSON détecté sur FABLAB_21_22/tasmota/tele/tasmota_071D00/STATE. Champs numériques extraits: 12
💾 Sauvé: FABLAB_21_22/tasmota/tele/tasmota_071D00/STATE/uptimesec = 1565713.0
💾 Sauvé: FABLAB_21_22/tasmota/tele/tasmota_071D00/STATE/heap = 184.0
💾 Sauvé: FABLAB_21_22/tasmota/tele/tasmota_071D00/STATE/sleep = 50.0
💾 Sauvé: FABLAB_21_22/tasmota/tele/tasmota_071D00/STATE/loadavg = 19.0
💾 Sauvé: FABLAB_21_22/tasmota/tele/tasmota_071D00/STATE/mqttcount = 1.0
💾 Sauvé: FABLAB_21_22/tasmota/tele/tasmota_071D00/STATE/berry_heapused = 4.0
💾 Sauvé: FABLAB_21_22/tasmota/tele/tasmota_071D00/STATE/berry_objects = 55.0
💾 Sauvé: FABLAB_21_22/tasmota/tele/tasmota_071D00/STATE/wifi_ap = 1.0
💾 Sauvé: FABLAB_21_22/tasmota/tele/tasmota_071D00/STATE/wifi_channel = 6.0
💾 Sauvé: FABLAB_21_22/tasmota/tele/tasmota_071D00/STATE/wifi_rssi = 72.0
💾 Sauvé: FABLAB_21_22/tasmota/tele/tasmota_071D00/STATE/wifi_signal = -64.0
💾 Sauvé: FABLAB_21_22/tasmota/tele/tasmota_071D00/STATE/wifi_linkcount = 1.0
🔔 Message MQTT [FABLAB_21_22/tasmota/tele/tasmota_071D00/SENSOR] : {"Time":"2026-05-05T13:46:52","ENERGY":{"TotalStartTime":"2026-04-01T07:06:06","Total":0.500,"Yesterday":0.001,"Today":0.001,"Period":0,"Power":0,"ApparentPower":0,"ReactivePower":0,"Factor":0.00,"Voltage":243,"Current":0.000}}
✅ JSON détecté sur FABLAB_21_22/tasmota/tele/tasmota_071D00/SENSOR. Champs numériques extraits: 10
💾 Sauvé: FABLAB_21_22/tasmota/tele/tasmota_071D00/SENSOR/energy_total = 0.5
💾 Sauvé: FABLAB_21_22/tasmota/tele/tasmota_071D00/SENSOR/energy_yesterday = 0.001
💾 Sauvé: FABLAB_21_22/tasmota/tele/tasmota_071D00/SENSOR/energy_today = 0.001
💾 Sauvé: FABLAB_21_22/tasmota/tele/tasmota_071D00/SENSOR/energy_period = 0.0
💾 Sauvé: FABLAB_21_22/tasmota/tele/tasmota_071D00/SENSOR/energy_power = 0.0
💾 Sauvé: FABLAB_21_22/tasmota/tele/tasmota_071D00/SENSOR/energy_apparentpower = 0.0
💾 Sauvé: FABLAB_21_22/tasmota/tele/tasmota_071D00/SENSOR/energy_reactivepower = 0.0
💾 Sauvé: FABLAB_21_22/tasmota/tele/tasmota_071D00/SENSOR/energy_factor = 0.0
💾 Sauvé: FABLAB_21_22/tasmota/tele/tasmota_071D00/SENSOR/energy_voltage = 243.0
💾 Sauvé: FABLAB_21_22/tasmota/tele/tasmota_071D00/SENSOR/energy_current = 0.0
🔔 Message MQTT [FABLAB_21_22/tasmota/tele/tasmota_0725C0/STATE] : {"Time":"2026-05-05T13:49:09","Uptime":"5T05:55:13","UptimeSec":453313,"Heap":187,"SleepMode":"Dynamic","Sleep":50,"LoadAvg":19,"MqttCount":1,"Berry":{"HeapUsed":4,"Objects":55},"POWER":"ON","Wifi":{"AP":1,"SSId":"Fablab_104","BSSId":"40:ED:00:CD:4B:EB","Channel":6,"Mode":"HT20","RSSI":100,"Signal":-29,"LinkCount":1,"Downtime":"0T00:00:03"},"Hostname":"tasmota-0725C0-1472","IPAddress":"192.168.0.99"}
✅ JSON détecté sur FABLAB_21_22/tasmota/tele/tasmota_0725C0/STATE. Champs numériques extraits: 12
💾 Sauvé: FABLAB_21_22/tasmota/tele/tasmota_0725C0/STATE/uptimesec = 453313.0
💾 Sauvé: FABLAB_21_22/tasmota/tele/tasmota_0725C0/STATE/heap = 187.0
💾 Sauvé: FABLAB_21_22/tasmota/tele/tasmota_0725C0/STATE/sleep = 50.0
💾 Sauvé: FABLAB_21_22/tasmota/tele/tasmota_0725C0/STATE/loadavg = 19.0
💾 Sauvé: FABLAB_21_22/tasmota/tele/tasmota_0725C0/STATE/mqttcount = 1.0
💾 Sauvé: FABLAB_21_22/tasmota/tele/tasmota_0725C0/STATE/berry_heapused = 4.0
💾 Sauvé: FABLAB_21_22/tasmota/tele/tasmota_0725C0/STATE/berry_objects = 55.0
💾 Sauvé: FABLAB_21_22/tasmota/tele/tasmota_0725C0/STATE/wifi_ap = 1.0
💾 Sauvé: FABLAB_21_22/tasmota/tele/tasmota_0725C0/STATE/wifi_channel = 6.0
💾 Sauvé: FABLAB_21_22/tasmota/tele/tasmota_0725C0/STATE/wifi_rssi = 100.0
💾 Sauvé: FABLAB_21_22/tasmota/tele/tasmota_0725C0/STATE/wifi_signal = -29.0
💾 Sauvé: FABLAB_21_22/tasmota/tele/tasmota_0725C0/STATE/wifi_linkcount = 1.0
🔔 Message MQTT [FABLAB_21_22/tasmota/tele/tasmota_0725C0/SENSOR] : {"Time":"2026-05-05T13:49:09","ENERGY":{"TotalStartTime":"2026-04-01T07:18:43","Total":283.974,"Yesterday":0.000,"Today":2.752,"Period":32,"Power":0,"ApparentPower":0,"ReactivePower":0,"Factor":0.00,"Voltage":248,"Current":0.000}}
✅ JSON détecté sur FABLAB_21_22/tasmota/tele/tasmota_0725C0/SENSOR. Champs numériques extraits: 10
💾 Sauvé: FABLAB_21_22/tasmota/tele/tasmota_0725C0/SENSOR/energy_total = 283.974
💾 Sauvé: FABLAB_21_22/tasmota/tele/tasmota_0725C0/SENSOR/energy_yesterday = 0.0
💾 Sauvé: FABLAB_21_22/tasmota/tele/tasmota_0725C0/SENSOR/energy_today = 2.752
💾 Sauvé: FABLAB_21_22/tasmota/tele/tasmota_0725C0/SENSOR/energy_period = 32.0
💾 Sauvé: FABLAB_21_22/tasmota/tele/tasmota_0725C0/SENSOR/energy_power = 0.0
💾 Sauvé: FABLAB_21_22/tasmota/tele/tasmota_0725C0/SENSOR/energy_apparentpower = 0.0
💾 Sauvé: FABLAB_21_22/tasmota/tele/tasmota_0725C0/SENSOR/energy_reactivepower = 0.0
💾 Sauvé: FABLAB_21_22/tasmota/tele/tasmota_0725C0/SENSOR/energy_factor = 0.0
💾 Sauvé: FABLAB_21_22/tasmota/tele/tasmota_0725C0/SENSOR/energy_voltage = 248.0
💾 Sauvé: FABLAB_21_22/tasmota/tele/tasmota_0725C0/SENSOR/energy_current = 0.0
🔔 Message MQTT [FABLAB_21_22/tasmota/tele/tasmota_071D00/STATE] : {"Time":"2026-05-05T13:51:52","Uptime":"18T03:00:13","UptimeSec":1566013,"Heap":184,"SleepMode":"Dynamic","Sleep":50,"LoadAvg":19,"MqttCount":1,"Berry":{"HeapUsed":4,"Objects":55},"POWER":"ON","Wifi":{"AP":1,"SSId":"Fablab_104","BSSId":"40:ED:00:CD:4B:EB","Channel":6,"Mode":"HT20","RSSI":72,"Signal":-64,"LinkCount":1,"Downtime":"0T00:00:03"},"Hostname":"tasmota-071D00-7424","IPAddress":"192.168.0.31"}
✅ JSON détecté sur FABLAB_21_22/tasmota/tele/tasmota_071D00/STATE. Champs numériques extraits: 12
💾 Sauvé: FABLAB_21_22/tasmota/tele/tasmota_071D00/STATE/uptimesec = 1566013.0
💾 Sauvé: FABLAB_21_22/tasmota/tele/tasmota_071D00/STATE/heap = 184.0
💾 Sauvé: FABLAB_21_22/tasmota/tele/tasmota_071D00/STATE/sleep = 50.0
💾 Sauvé: FABLAB_21_22/tasmota/tele/tasmota_071D00/STATE/loadavg = 19.0
💾 Sauvé: FABLAB_21_22/tasmota/tele/tasmota_071D00/STATE/mqttcount = 1.0
💾 Sauvé: FABLAB_21_22/tasmota/tele/tasmota_071D00/STATE/berry_heapused = 4.0
💾 Sauvé: FABLAB_21_22/tasmota/tele/tasmota_071D00/STATE/berry_objects = 55.0
💾 Sauvé: FABLAB_21_22/tasmota/tele/tasmota_071D00/STATE/wifi_ap = 1.0
💾 Sauvé: FABLAB_21_22/tasmota/tele/tasmota_071D00/STATE/wifi_channel = 6.0
💾 Sauvé: FABLAB_21_22/tasmota/tele/tasmota_071D00/STATE/wifi_rssi = 72.0
💾 Sauvé: FABLAB_21_22/tasmota/tele/tasmota_071D00/STATE/wifi_signal = -64.0
💾 Sauvé: FABLAB_21_22/tasmota/tele/tasmota_071D00/STATE/wifi_linkcount = 1.0
🔔 Message MQTT [FABLAB_21_22/tasmota/tele/tasmota_071D00/SENSOR] : {"Time":"2026-05-05T13:51:52","ENERGY":{"TotalStartTime":"2026-04-01T07:06:06","Total":0.500,"Yesterday":0.001,"Today":0.001,"Period":0,"Power":0,"ApparentPower":0,"ReactivePower":0,"Factor":0.00,"Voltage":242,"Current":0.000}}
✅ JSON détecté sur FABLAB_21_22/tasmota/tele/tasmota_071D00/SENSOR. Champs numériques extraits: 10
💾 Sauvé: FABLAB_21_22/tasmota/tele/tasmota_071D00/SENSOR/energy_total = 0.5
💾 Sauvé: FABLAB_21_22/tasmota/tele/tasmota_071D00/SENSOR/energy_yesterday = 0.001
💾 Sauvé: FABLAB_21_22/tasmota/tele/tasmota_071D00/SENSOR/energy_today = 0.001
💾 Sauvé: FABLAB_21_22/tasmota/tele/tasmota_071D00/SENSOR/energy_period = 0.0
💾 Sauvé: FABLAB_21_22/tasmota/tele/tasmota_071D00/SENSOR/energy_power = 0.0
💾 Sauvé: FABLAB_21_22/tasmota/tele/tasmota_071D00/SENSOR/energy_apparentpower = 0.0
💾 Sauvé: FABLAB_21_22/tasmota/tele/tasmota_071D00/SENSOR/energy_reactivepower = 0.0
💾 Sauvé: FABLAB_21_22/tasmota/tele/tasmota_071D00/SENSOR/energy_factor = 0.0
💾 Sauvé: FABLAB_21_22/tasmota/tele/tasmota_071D00/SENSOR/energy_voltage = 242.0
💾 Sauvé: FABLAB_21_22/tasmota/tele/tasmota_071D00/SENSOR/energy_current = 0.0
🔔 Message MQTT [FABLAB_21_22/RADAR/salle104] : {"nb":0,"presence":false,"ts":12112}
✅ JSON détecté sur FABLAB_21_22/RADAR/salle104. Champs numériques extraits: 2
💾 Sauvé: FABLAB_21_22/RADAR/salle104/nb = 0.0
💾 Sauvé: FABLAB_21_22/RADAR/salle104/presence = 0.0
🔔 Message MQTT [FABLAB_21_22/RADAR/salle104] : {"nb":0,"presence":false,"ts":15112}
✅ JSON détecté sur FABLAB_21_22/RADAR/salle104. Champs numériques extraits: 2
⏳ Ignoré (throttle): FABLAB_21_22/RADAR/salle104/nb, dernier insert il y a 2s
⏳ Ignoré (throttle): FABLAB_21_22/RADAR/salle104/presence, dernier insert il y a 2s
🔔 Message MQTT [FABLAB_21_22/RADAR/salle104] : {"nb":0,"presence":false,"ts":18112}
✅ JSON détecté sur FABLAB_21_22/RADAR/salle104. Champs numériques extraits: 2
⏳ Ignoré (throttle): FABLAB_21_22/RADAR/salle104/nb, dernier insert il y a 5s
⏳ Ignoré (throttle): FABLAB_21_22/RADAR/salle104/presence, dernier insert il y a 5s
🔔 Message MQTT [FABLAB_21_22/RADAR/salle104] : {"nb":0,"presence":false,"ts":21112}
✅ JSON détecté sur FABLAB_21_22/RADAR/salle104. Champs numériques extraits: 2
⏳ Ignoré (throttle): FABLAB_21_22/RADAR/salle104/nb, dernier insert il y a 8s
⏳ Ignoré (throttle): FABLAB_21_22/RADAR/salle104/presence, dernier insert il y a 8s
🔔 Message MQTT [FABLAB_21_22/RADAR/salle104] : {"nb":1,"presence":true,"ts":24112,"c1":{"x":-135,"y":-288,"vitesse":0,"dist_cm":31}}
✅ JSON détecté sur FABLAB_21_22/RADAR/salle104. Champs numériques extraits: 6
⏳ Ignoré (throttle): FABLAB_21_22/RADAR/salle104/nb, dernier insert il y a 12s
⏳ Ignoré (throttle): FABLAB_21_22/RADAR/salle104/presence, dernier insert il y a 11s
💾 Sauvé: FABLAB_21_22/RADAR/salle104/c1_x = -135.0
💾 Sauvé: FABLAB_21_22/RADAR/salle104/c1_y = -288.0
💾 Sauvé: FABLAB_21_22/RADAR/salle104/c1_vitesse = 0.0
💾 Sauvé: FABLAB_21_22/RADAR/salle104/c1_dist_cm = 31.0
🔔 Message MQTT [FABLAB_21_22/RADAR/salle104] : {"nb":0,"presence":false,"ts":27112}
✅ JSON détecté sur FABLAB_21_22/RADAR/salle104. Champs numériques extraits: 2
⏳ Ignoré (throttle): FABLAB_21_22/RADAR/salle104/nb, dernier insert il y a 14s
⏳ Ignoré (throttle): FABLAB_21_22/RADAR/salle104/presence, dernier insert il y a 14s
🔔 Message MQTT [FABLAB_21_22/RADAR/salle104] : {"nb":0,"presence":false,"ts":30112}
✅ JSON détecté sur FABLAB_21_22/RADAR/salle104. Champs numériques extraits: 2
⏳ Ignoré (throttle): FABLAB_21_22/RADAR/salle104/nb, dernier insert il y a 17s
⏳ Ignoré (throttle): FABLAB_21_22/RADAR/salle104/presence, dernier insert il y a 17s
🔔 Message MQTT [FABLAB_21_22/RADAR/salle104] : {"nb":0,"presence":false,"ts":33112}
✅ JSON détecté sur FABLAB_21_22/RADAR/salle104. Champs numériques extraits: 2
⏳ Ignoré (throttle): FABLAB_21_22/RADAR/salle104/nb, dernier insert il y a 20s
⏳ Ignoré (throttle): FABLAB_21_22/RADAR/salle104/presence, dernier insert il y a 20s
🔔 Message MQTT [FABLAB_21_22/RADAR/salle104] : {"nb":0,"presence":false,"ts":36112}
✅ JSON détecté sur FABLAB_21_22/RADAR/salle104. Champs numériques extraits: 2
⏳ Ignoré (throttle): FABLAB_21_22/RADAR/salle104/nb, dernier insert il y a 23s
⏳ Ignoré (throttle): FABLAB_21_22/RADAR/salle104/presence, dernier insert il y a 23s
🔔 Message MQTT [FABLAB_21_22/RADAR/salle104] : {"nb":0,"presence":false,"ts":39112}
✅ JSON détecté sur FABLAB_21_22/RADAR/salle104. Champs numériques extraits: 2
⏳ Ignoré (throttle): FABLAB_21_22/RADAR/salle104/nb, dernier insert il y a 26s
⏳ Ignoré (throttle): FABLAB_21_22/RADAR/salle104/presence, dernier insert il y a 26s
🔔 Message MQTT [FABLAB_21_22/RADAR/salle104] : {"nb":0,"presence":false,"ts":42112}
✅ JSON détecté sur FABLAB_21_22/RADAR/salle104. Champs numériques extraits: 2
⏳ Ignoré (throttle): FABLAB_21_22/RADAR/salle104/nb, dernier insert il y a 29s
⏳ Ignoré (throttle): FABLAB_21_22/RADAR/salle104/presence, dernier insert il y a 29s
🔔 Message MQTT [FABLAB_21_22/RADAR/salle104] : {"nb":0,"presence":false,"ts":45112}
✅ JSON détecté sur FABLAB_21_22/RADAR/salle104. Champs numériques extraits: 2
⏳ Ignoré (throttle): FABLAB_21_22/RADAR/salle104/nb, dernier insert il y a 32s
⏳ Ignoré (throttle): FABLAB_21_22/RADAR/salle104/presence, dernier insert il y a 32s
🔔 Message MQTT [FABLAB_21_22/RADAR/salle104] : {"nb":0,"presence":false,"ts":48112}
✅ JSON détecté sur FABLAB_21_22/RADAR/salle104. Champs numériques extraits: 2
⏳ Ignoré (throttle): FABLAB_21_22/RADAR/salle104/nb, dernier insert il y a 35s
⏳ Ignoré (throttle): FABLAB_21_22/RADAR/salle104/presence, dernier insert il y a 35s
🔔 Message MQTT [FABLAB_21_22/RADAR/salle104] : {"nb":0,"presence":false,"ts":51112}
✅ JSON détecté sur FABLAB_21_22/RADAR/salle104. Champs numériques extraits: 2
⏳ Ignoré (throttle): FABLAB_21_22/RADAR/salle104/nb, dernier insert il y a 38s
⏳ Ignoré (throttle): FABLAB_21_22/RADAR/salle104/presence, dernier insert il y a 38s
🔔 Message MQTT [FABLAB_21_22/RADAR/salle104] : {"nb":0,"presence":false,"ts":54112}
✅ JSON détecté sur FABLAB_21_22/RADAR/salle104. Champs numériques extraits: 2
⏳ Ignoré (throttle): FABLAB_21_22/RADAR/salle104/nb, dernier insert il y a 41s
⏳ Ignoré (throttle): FABLAB_21_22/RADAR/salle104/presence, dernier insert il y a 41s
🔔 Message MQTT [FABLAB_21_22/RADAR/salle104] : {"nb":0,"presence":false,"ts":57112}
✅ JSON détecté sur FABLAB_21_22/RADAR/salle104. Champs numériques extraits: 2
⏳ Ignoré (throttle): FABLAB_21_22/RADAR/salle104/nb, dernier insert il y a 44s
⏳ Ignoré (throttle): FABLAB_21_22/RADAR/salle104/presence, dernier insert il y a 44s
🔔 Message MQTT [FABLAB_21_22/RADAR/salle104] : {"nb":0,"presence":false,"ts":60112}
✅ JSON détecté sur FABLAB_21_22/RADAR/salle104. Champs numériques extraits: 2
⏳ Ignoré (throttle): FABLAB_21_22/RADAR/salle104/nb, dernier insert il y a 47s
⏳ Ignoré (throttle): FABLAB_21_22/RADAR/salle104/presence, dernier insert il y a 47s
🔔 Message MQTT [FABLAB_21_22/RADAR/salle104] : {"nb":0,"presence":false,"ts":63112}
✅ JSON détecté sur FABLAB_21_22/RADAR/salle104. Champs numériques extraits: 2
⏳ Ignoré (throttle): FABLAB_21_22/RADAR/salle104/nb, dernier insert il y a 50s
⏳ Ignoré (throttle): FABLAB_21_22/RADAR/salle104/presence, dernier insert il y a 50s
🔔 Message MQTT [FABLAB_21_22/RADAR/salle104] : {"nb":0,"presence":false,"ts":66112}
✅ JSON détecté sur FABLAB_21_22/RADAR/salle104. Champs numériques extraits: 2
⏳ Ignoré (throttle): FABLAB_21_22/RADAR/salle104/nb, dernier insert il y a 53s
⏳ Ignoré (throttle): FABLAB_21_22/RADAR/salle104/presence, dernier insert il y a 53s
🔔 Message MQTT [FABLAB_21_22/RADAR/salle104] : {"nb":0,"presence":false,"ts":69112}
✅ JSON détecté sur FABLAB_21_22/RADAR/salle104. Champs numériques extraits: 2
⏳ Ignoré (throttle): FABLAB_21_22/RADAR/salle104/nb, dernier insert il y a 56s
⏳ Ignoré (throttle): FABLAB_21_22/RADAR/salle104/presence, dernier insert il y a 56s
🔔 Message MQTT [FABLAB_21_22/RADAR/salle104] : {"nb":0,"presence":false,"ts":72112}
✅ JSON détecté sur FABLAB_21_22/RADAR/salle104. Champs numériques extraits: 2
⏳ Ignoré (throttle): FABLAB_21_22/RADAR/salle104/nb, dernier insert il y a 59s
⏳ Ignoré (throttle): FABLAB_21_22/RADAR/salle104/presence, dernier insert il y a 59s
🔔 Message MQTT [FABLAB_21_22/RADAR/salle104] : {"nb":0,"presence":false,"ts":75112}
✅ JSON détecté sur FABLAB_21_22/RADAR/salle104. Champs numériques extraits: 2
💾 Sauvé: FABLAB_21_22/RADAR/salle104/nb = 0.0
💾 Sauvé: FABLAB_21_22/RADAR/salle104/presence = 0.0
🔔 Message MQTT [FABLAB_21_22/RADAR/salle104] : {"nb":0,"presence":false,"ts":78112}
✅ JSON détecté sur FABLAB_21_22/RADAR/salle104. Champs numériques extraits: 2
⏳ Ignoré (throttle): FABLAB_21_22/RADAR/salle104/nb, dernier insert il y a 3s
⏳ Ignoré (throttle): FABLAB_21_22/RADAR/salle104/presence, dernier insert il y a 2s
🔔 Message MQTT [FABLAB_21_22/RADAR/salle104] : {"nb":0,"presence":false,"ts":81112}
✅ JSON détecté sur FABLAB_21_22/RADAR/salle104. Champs numériques extraits: 2
⏳ Ignoré (throttle): FABLAB_21_22/RADAR/salle104/nb, dernier insert il y a 6s
⏳ Ignoré (throttle): FABLAB_21_22/RADAR/salle104/presence, dernier insert il y a 5s
🔔 Message MQTT [FABLAB_21_22/RADAR/salle104] : {"nb":0,"presence":false,"ts":84112}
✅ JSON détecté sur FABLAB_21_22/RADAR/salle104. Champs numériques extraits: 2
⏳ Ignoré (throttle): FABLAB_21_22/RADAR/salle104/nb, dernier insert il y a 9s
⏳ Ignoré (throttle): FABLAB_21_22/RADAR/salle104/presence, dernier insert il y a 8s
🔔 Message MQTT [FABLAB_21_22/RADAR/salle104] : {"nb":0,"presence":false,"ts":87112}
✅ JSON détecté sur FABLAB_21_22/RADAR/salle104. Champs numériques extraits: 2
⏳ Ignoré (throttle): FABLAB_21_22/RADAR/salle104/nb, dernier insert il y a 12s
⏳ Ignoré (throttle): FABLAB_21_22/RADAR/salle104/presence, dernier insert il y a 11s
🔔 Message MQTT [FABLAB_21_22/RADAR/salle104] : {"nb":0,"presence":false,"ts":90112}
✅ JSON détecté sur FABLAB_21_22/RADAR/salle104. Champs numériques extraits: 2
⏳ Ignoré (throttle): FABLAB_21_22/RADAR/salle104/nb, dernier insert il y a 15s
⏳ Ignoré (throttle): FABLAB_21_22/RADAR/salle104/presence, dernier insert il y a 14s
🔔 Message MQTT [FABLAB_21_22/RADAR/salle104] : {"nb":0,"presence":false,"ts":93112}
✅ JSON détecté sur FABLAB_21_22/RADAR/salle104. Champs numériques extraits: 2
⏳ Ignoré (throttle): FABLAB_21_22/RADAR/salle104/nb, dernier insert il y a 18s
⏳ Ignoré (throttle): FABLAB_21_22/RADAR/salle104/presence, dernier insert il y a 17s
🔔 Message MQTT [FABLAB_21_22/RADAR/salle104] : {"nb":0,"presence":false,"ts":96112}
✅ JSON détecté sur FABLAB_21_22/RADAR/salle104. Champs numériques extraits: 2
⏳ Ignoré (throttle): FABLAB_21_22/RADAR/salle104/nb, dernier insert il y a 21s
⏳ Ignoré (throttle): FABLAB_21_22/RADAR/salle104/presence, dernier insert il y a 20s
🔔 Message MQTT [FABLAB_21_22/tasmota/tele/tasmota_0725C0/STATE] : {"Time":"2026-05-05T13:54:09","Uptime":"5T06:00:13","UptimeSec":453613,"Heap":186,"SleepMode":"Dynamic","Sleep":50,"LoadAvg":19,"MqttCount":1,"Berry":{"HeapUsed":4,"Objects":55},"POWER":"ON","Wifi":{"AP":1,"SSId":"Fablab_104","BSSId":"40:ED:00:CD:4B:EB","Channel":6,"Mode":"HT20","RSSI":100,"Signal":-32,"LinkCount":1,"Downtime":"0T00:00:03"},"Hostname":"tasmota-0725C0-1472","IPAddress":"192.168.0.99"}
✅ JSON détecté sur FABLAB_21_22/tasmota/tele/tasmota_0725C0/STATE. Champs numériques extraits: 12
💾 Sauvé: FABLAB_21_22/tasmota/tele/tasmota_0725C0/STATE/uptimesec = 453613.0
💾 Sauvé: FABLAB_21_22/tasmota/tele/tasmota_0725C0/STATE/heap = 186.0
💾 Sauvé: FABLAB_21_22/tasmota/tele/tasmota_0725C0/STATE/sleep = 50.0
💾 Sauvé: FABLAB_21_22/tasmota/tele/tasmota_0725C0/STATE/loadavg = 19.0
💾 Sauvé: FABLAB_21_22/tasmota/tele/tasmota_0725C0/STATE/mqttcount = 1.0
💾 Sauvé: FABLAB_21_22/tasmota/tele/tasmota_0725C0/STATE/berry_heapused = 4.0
💾 Sauvé: FABLAB_21_22/tasmota/tele/tasmota_0725C0/STATE/berry_objects = 55.0
💾 Sauvé: FABLAB_21_22/tasmota/tele/tasmota_0725C0/STATE/wifi_ap = 1.0
💾 Sauvé: FABLAB_21_22/tasmota/tele/tasmota_0725C0/STATE/wifi_channel = 6.0
💾 Sauvé: FABLAB_21_22/tasmota/tele/tasmota_0725C0/STATE/wifi_rssi = 100.0
💾 Sauvé: FABLAB_21_22/tasmota/tele/tasmota_0725C0/STATE/wifi_signal = -32.0
💾 Sauvé: FABLAB_21_22/tasmota/tele/tasmota_0725C0/STATE/wifi_linkcount = 1.0
🔔 Message MQTT [FABLAB_21_22/tasmota/tele/tasmota_0725C0/SENSOR] : {"Time":"2026-05-05T13:54:09","ENERGY":{"TotalStartTime":"2026-04-01T07:18:43","Total":284.012,"Yesterday":0.000,"Today":2.791,"Period":38,"Power":0,"ApparentPower":0,"ReactivePower":0,"Factor":0.00,"Voltage":247,"Current":0.000}}
✅ JSON détecté sur FABLAB_21_22/tasmota/tele/tasmota_0725C0/SENSOR. Champs numériques extraits: 10
💾 Sauvé: FABLAB_21_22/tasmota/tele/tasmota_0725C0/SENSOR/energy_total = 284.012
💾 Sauvé: FABLAB_21_22/tasmota/tele/tasmota_0725C0/SENSOR/energy_yesterday = 0.0
💾 Sauvé: FABLAB_21_22/tasmota/tele/tasmota_0725C0/SENSOR/energy_today = 2.791
💾 Sauvé: FABLAB_21_22/tasmota/tele/tasmota_0725C0/SENSOR/energy_period = 38.0
💾 Sauvé: FABLAB_21_22/tasmota/tele/tasmota_0725C0/SENSOR/energy_power = 0.0
💾 Sauvé: FABLAB_21_22/tasmota/tele/tasmota_0725C0/SENSOR/energy_apparentpower = 0.0
💾 Sauvé: FABLAB_21_22/tasmota/tele/tasmota_0725C0/SENSOR/energy_reactivepower = 0.0
💾 Sauvé: FABLAB_21_22/tasmota/tele/tasmota_0725C0/SENSOR/energy_factor = 0.0
💾 Sauvé: FABLAB_21_22/tasmota/tele/tasmota_0725C0/SENSOR/energy_voltage = 247.0
💾 Sauvé: FABLAB_21_22/tasmota/tele/tasmota_0725C0/SENSOR/energy_current = 0.0
🔔 Message MQTT [FABLAB_21_22/RADAR/salle104] : {"nb":1,"presence":true,"ts":99112,"c1":{"x":-15,"y":-369,"vitesse":8,"dist_cm":36}}
✅ JSON détecté sur FABLAB_21_22/RADAR/salle104. Champs numériques extraits: 6
⏳ Ignoré (throttle): FABLAB_21_22/RADAR/salle104/nb, dernier insert il y a 26s
⏳ Ignoré (throttle): FABLAB_21_22/RADAR/salle104/presence, dernier insert il y a 26s
💾 Sauvé: FABLAB_21_22/RADAR/salle104/c1_x = -15.0
💾 Sauvé: FABLAB_21_22/RADAR/salle104/c1_y = -369.0
💾 Sauvé: FABLAB_21_22/RADAR/salle104/c1_vitesse = 8.0
💾 Sauvé: FABLAB_21_22/RADAR/salle104/c1_dist_cm = 36.0
🔔 Message MQTT [FABLAB_21_22/RADAR/salle104] : {"nb":1,"presence":true,"ts":102112,"c1":{"x":189,"y":-390,"vitesse":8,"dist_cm":43}}
✅ JSON détecté sur FABLAB_21_22/RADAR/salle104. Champs numériques extraits: 6
⏳ Ignoré (throttle): FABLAB_21_22/RADAR/salle104/nb, dernier insert il y a 27s
⏳ Ignoré (throttle): FABLAB_21_22/RADAR/salle104/presence, dernier insert il y a 26s
⏳ Ignoré (throttle): FABLAB_21_22/RADAR/salle104/c1_x, dernier insert il y a 0s
⏳ Ignoré (throttle): FABLAB_21_22/RADAR/salle104/c1_y, dernier insert il y a 0s
⏳ Ignoré (throttle): FABLAB_21_22/RADAR/salle104/c1_vitesse, dernier insert il y a 0s
⏳ Ignoré (throttle): FABLAB_21_22/RADAR/salle104/c1_dist_cm, dernier insert il y a 0s
🔔 Message MQTT [FABLAB_21_22/RADAR/salle104] : {"nb":1,"presence":true,"ts":105112,"c1":{"x":272,"y":-409,"vitesse":0,"dist_cm":49}}
✅ JSON détecté sur FABLAB_21_22/RADAR/salle104. Champs numériques extraits: 6
⏳ Ignoré (throttle): FABLAB_21_22/RADAR/salle104/nb, dernier insert il y a 30s
⏳ Ignoré (throttle): FABLAB_21_22/RADAR/salle104/presence, dernier insert il y a 29s
⏳ Ignoré (throttle): FABLAB_21_22/RADAR/salle104/c1_x, dernier insert il y a 3s
⏳ Ignoré (throttle): FABLAB_21_22/RADAR/salle104/c1_y, dernier insert il y a 3s
⏳ Ignoré (throttle): FABLAB_21_22/RADAR/salle104/c1_vitesse, dernier insert il y a 3s
⏳ Ignoré (throttle): FABLAB_21_22/RADAR/salle104/c1_dist_cm, dernier insert il y a 3s
🔔 Message MQTT [FABLAB_21_22/RADAR/salle104] : {"nb":1,"presence":true,"ts":108112,"c1":{"x":281,"y":-440,"vitesse":0,"dist_cm":52}}
✅ JSON détecté sur FABLAB_21_22/RADAR/salle104. Champs numériques extraits: 6
⏳ Ignoré (throttle): FABLAB_21_22/RADAR/salle104/nb, dernier insert il y a 33s
⏳ Ignoré (throttle): FABLAB_21_22/RADAR/salle104/presence, dernier insert il y a 32s
⏳ Ignoré (throttle): FABLAB_21_22/RADAR/salle104/c1_x, dernier insert il y a 6s
⏳ Ignoré (throttle): FABLAB_21_22/RADAR/salle104/c1_y, dernier insert il y a 6s
⏳ Ignoré (throttle): FABLAB_21_22/RADAR/salle104/c1_vitesse, dernier insert il y a 6s
⏳ Ignoré (throttle): FABLAB_21_22/RADAR/salle104/c1_dist_cm, dernier insert il y a 6s
🔔 Message MQTT [FABLAB_21_22/RADAR/salle104] : {"nb":1,"presence":true,"ts":111112,"c1":{"x":277,"y":-431,"vitesse":8,"dist_cm":51}}
✅ JSON détecté sur FABLAB_21_22/RADAR/salle104. Champs numériques extraits: 6
⏳ Ignoré (throttle): FABLAB_21_22/RADAR/salle104/nb, dernier insert il y a 35s
⏳ Ignoré (throttle): FABLAB_21_22/RADAR/salle104/presence, dernier insert il y a 35s
⏳ Ignoré (throttle): FABLAB_21_22/RADAR/salle104/c1_x, dernier insert il y a 9s
⏳ Ignoré (throttle): FABLAB_21_22/RADAR/salle104/c1_y, dernier insert il y a 9s
⏳ Ignoré (throttle): FABLAB_21_22/RADAR/salle104/c1_vitesse, dernier insert il y a 9s
⏳ Ignoré (throttle): FABLAB_21_22/RADAR/salle104/c1_dist_cm, dernier insert il y a 9s
🔔 Message MQTT [FABLAB_21_22/RADAR/salle104] : {"nb":1,"presence":true,"ts":114112,"c1":{"x":300,"y":-472,"vitesse":0,"dist_cm":55}}
✅ JSON détecté sur FABLAB_21_22/RADAR/salle104. Champs numériques extraits: 6
⏳ Ignoré (throttle): FABLAB_21_22/RADAR/salle104/nb, dernier insert il y a 38s
⏳ Ignoré (throttle): FABLAB_21_22/RADAR/salle104/presence, dernier insert il y a 38s
⏳ Ignoré (throttle): FABLAB_21_22/RADAR/salle104/c1_x, dernier insert il y a 12s
⏳ Ignoré (throttle): FABLAB_21_22/RADAR/salle104/c1_y, dernier insert il y a 12s
⏳ Ignoré (throttle): FABLAB_21_22/RADAR/salle104/c1_vitesse, dernier insert il y a 12s
⏳ Ignoré (throttle): FABLAB_21_22/RADAR/salle104/c1_dist_cm, dernier insert il y a 12s
🔔 Message MQTT [FABLAB_21_22/RADAR/salle104] : {"nb":1,"presence":true,"ts":117112,"c1":{"x":288,"y":-507,"vitesse":0,"dist_cm":58}}
✅ JSON détecté sur FABLAB_21_22/RADAR/salle104. Champs numériques extraits: 6
⏳ Ignoré (throttle): FABLAB_21_22/RADAR/salle104/nb, dernier insert il y a 42s
⏳ Ignoré (throttle): FABLAB_21_22/RADAR/salle104/presence, dernier insert il y a 41s
⏳ Ignoré (throttle): FABLAB_21_22/RADAR/salle104/c1_x, dernier insert il y a 15s
⏳ Ignoré (throttle): FABLAB_21_22/RADAR/salle104/c1_y, dernier insert il y a 15s
⏳ Ignoré (throttle): FABLAB_21_22/RADAR/salle104/c1_vitesse, dernier insert il y a 15s
⏳ Ignoré (throttle): FABLAB_21_22/RADAR/salle104/c1_dist_cm, dernier insert il y a 15s
🔔 Message MQTT [FABLAB_21_22/RADAR/salle104] : {"nb":1,"presence":true,"ts":120112,"c1":{"x":274,"y":-515,"vitesse":0,"dist_cm":58}}
✅ JSON détecté sur FABLAB_21_22/RADAR/salle104. Champs numériques extraits: 6
⏳ Ignoré (throttle): FABLAB_21_22/RADAR/salle104/nb, dernier insert il y a 44s
⏳ Ignoré (throttle): FABLAB_21_22/RADAR/salle104/presence, dernier insert il y a 44s
⏳ Ignoré (throttle): FABLAB_21_22/RADAR/salle104/c1_x, dernier insert il y a 18s
⏳ Ignoré (throttle): FABLAB_21_22/RADAR/salle104/c1_y, dernier insert il y a 18s
⏳ Ignoré (throttle): FABLAB_21_22/RADAR/salle104/c1_vitesse, dernier insert il y a 18s
⏳ Ignoré (throttle): FABLAB_21_22/RADAR/salle104/c1_dist_cm, dernier insert il y a 18s
🔔 Message MQTT [FABLAB_21_22/RADAR/salle104] : {"nb":1,"presence":true,"ts":123112,"c1":{"x":304,"y":-428,"vitesse":0,"dist_cm":52}}
✅ JSON détecté sur FABLAB_21_22/RADAR/salle104. Champs numériques extraits: 6
⏳ Ignoré (throttle): FABLAB_21_22/RADAR/salle104/nb, dernier insert il y a 48s
⏳ Ignoré (throttle): FABLAB_21_22/RADAR/salle104/presence, dernier insert il y a 47s
⏳ Ignoré (throttle): FABLAB_21_22/RADAR/salle104/c1_x, dernier insert il y a 21s
⏳ Ignoré (throttle): FABLAB_21_22/RADAR/salle104/c1_y, dernier insert il y a 21s
⏳ Ignoré (throttle): FABLAB_21_22/RADAR/salle104/c1_vitesse, dernier insert il y a 21s
⏳ Ignoré (throttle): FABLAB_21_22/RADAR/salle104/c1_dist_cm, dernier insert il y a 21s
🔔 Message MQTT [FABLAB_21_22/RADAR/salle104] : {"nb":1,"presence":true,"ts":126112,"c1":{"x":191,"y":-462,"vitesse":0,"dist_cm":49}}
✅ JSON détecté sur FABLAB_21_22/RADAR/salle104. Champs numériques extraits: 6
⏳ Ignoré (throttle): FABLAB_21_22/RADAR/salle104/nb, dernier insert il y a 51s
⏳ Ignoré (throttle): FABLAB_21_22/RADAR/salle104/presence, dernier insert il y a 50s
⏳ Ignoré (throttle): FABLAB_21_22/RADAR/salle104/c1_x, dernier insert il y a 24s
⏳ Ignoré (throttle): FABLAB_21_22/RADAR/salle104/c1_y, dernier insert il y a 24s
⏳ Ignoré (throttle): FABLAB_21_22/RADAR/salle104/c1_vitesse, dernier insert il y a 24s
⏳ Ignoré (throttle): FABLAB_21_22/RADAR/salle104/c1_dist_cm, dernier insert il y a 24s
🔔 Message MQTT [FABLAB_21_22/RADAR/salle104] : {"nb":1,"presence":true,"ts":129112,"c1":{"x":311,"y":-432,"vitesse":0,"dist_cm":53}}
✅ JSON détecté sur FABLAB_21_22/RADAR/salle104. Champs numériques extraits: 6
⏳ Ignoré (throttle): FABLAB_21_22/RADAR/salle104/nb, dernier insert il y a 54s
⏳ Ignoré (throttle): FABLAB_21_22/RADAR/salle104/presence, dernier insert il y a 53s
⏳ Ignoré (throttle): FABLAB_21_22/RADAR/salle104/c1_x, dernier insert il y a 27s
⏳ Ignoré (throttle): FABLAB_21_22/RADAR/salle104/c1_y, dernier insert il y a 27s
⏳ Ignoré (throttle): FABLAB_21_22/RADAR/salle104/c1_vitesse, dernier insert il y a 27s
⏳ Ignoré (throttle): FABLAB_21_22/RADAR/salle104/c1_dist_cm, dernier insert il y a 27s
🔔 Message MQTT [FABLAB_21_22/RADAR/salle104] : {"nb":1,"presence":true,"ts":132112,"c1":{"x":273,"y":-456,"vitesse":0,"dist_cm":53}}
✅ JSON détecté sur FABLAB_21_22/RADAR/salle104. Champs numériques extraits: 6
⏳ Ignoré (throttle): FABLAB_21_22/RADAR/salle104/nb, dernier insert il y a 57s
⏳ Ignoré (throttle): FABLAB_21_22/RADAR/salle104/presence, dernier insert il y a 56s
⏳ Ignoré (throttle): FABLAB_21_22/RADAR/salle104/c1_x, dernier insert il y a 30s
⏳ Ignoré (throttle): FABLAB_21_22/RADAR/salle104/c1_y, dernier insert il y a 30s
⏳ Ignoré (throttle): FABLAB_21_22/RADAR/salle104/c1_vitesse, dernier insert il y a 30s
⏳ Ignoré (throttle): FABLAB_21_22/RADAR/salle104/c1_dist_cm, dernier insert il y a 30s
🔔 Message MQTT [FABLAB_21_22/RADAR/salle104] : {"nb":1,"presence":true,"ts":135112,"c1":{"x":312,"y":-457,"vitesse":0,"dist_cm":55}}
✅ JSON détecté sur FABLAB_21_22/RADAR/salle104. Champs numériques extraits: 6
💾 Sauvé: FABLAB_21_22/RADAR/salle104/nb = 1.0
💾 Sauvé: FABLAB_21_22/RADAR/salle104/presence = 1.0
⏳ Ignoré (throttle): FABLAB_21_22/RADAR/salle104/c1_x, dernier insert il y a 33s
⏳ Ignoré (throttle): FABLAB_21_22/RADAR/salle104/c1_y, dernier insert il y a 33s
⏳ Ignoré (throttle): FABLAB_21_22/RADAR/salle104/c1_vitesse, dernier insert il y a 33s
⏳ Ignoré (throttle): FABLAB_21_22/RADAR/salle104/c1_dist_cm, dernier insert il y a 33s
🔔 Message MQTT [FABLAB_21_22/RADAR/salle104] : {"nb":1,"presence":true,"ts":138112,"c1":{"x":333,"y":-449,"vitesse":0,"dist_cm":55}}
✅ JSON détecté sur FABLAB_21_22/RADAR/salle104. Champs numériques extraits: 6
⏳ Ignoré (throttle): FABLAB_21_22/RADAR/salle104/nb, dernier insert il y a 3s
⏳ Ignoré (throttle): FABLAB_21_22/RADAR/salle104/presence, dernier insert il y a 2s
⏳ Ignoré (throttle): FABLAB_21_22/RADAR/salle104/c1_x, dernier insert il y a 36s
⏳ Ignoré (throttle): FABLAB_21_22/RADAR/salle104/c1_y, dernier insert il y a 36s
⏳ Ignoré (throttle): FABLAB_21_22/RADAR/salle104/c1_vitesse, dernier insert il y a 36s
⏳ Ignoré (throttle): FABLAB_21_22/RADAR/salle104/c1_dist_cm, dernier insert il y a 36s
🔔 Message MQTT [FABLAB_21_22/RADAR/salle104] : {"nb":1,"presence":true,"ts":141112,"c1":{"x":332,"y":-441,"vitesse":0,"dist_cm":55}}
✅ JSON détecté sur FABLAB_21_22/RADAR/salle104. Champs numériques extraits: 6
⏳ Ignoré (throttle): FABLAB_21_22/RADAR/salle104/nb, dernier insert il y a 6s
⏳ Ignoré (throttle): FABLAB_21_22/RADAR/salle104/presence, dernier insert il y a 5s
⏳ Ignoré (throttle): FABLAB_21_22/RADAR/salle104/c1_x, dernier insert il y a 39s
⏳ Ignoré (throttle): FABLAB_21_22/RADAR/salle104/c1_y, dernier insert il y a 39s
⏳ Ignoré (throttle): FABLAB_21_22/RADAR/salle104/c1_vitesse, dernier insert il y a 39s
⏳ Ignoré (throttle): FABLAB_21_22/RADAR/salle104/c1_dist_cm, dernier insert il y a 39s
🔔 Message MQTT [FABLAB_21_22/RADAR/salle104] : {"nb":1,"presence":true,"ts":144112,"c1":{"x":323,"y":-455,"vitesse":0,"dist_cm":55}}
✅ JSON détecté sur FABLAB_21_22/RADAR/salle104. Champs numériques extraits: 6
⏳ Ignoré (throttle): FABLAB_21_22/RADAR/salle104/nb, dernier insert il y a 8s
⏳ Ignoré (throttle): FABLAB_21_22/RADAR/salle104/presence, dernier insert il y a 8s
⏳ Ignoré (throttle): FABLAB_21_22/RADAR/salle104/c1_x, dernier insert il y a 42s
⏳ Ignoré (throttle): FABLAB_21_22/RADAR/salle104/c1_y, dernier insert il y a 42s
⏳ Ignoré (throttle): FABLAB_21_22/RADAR/salle104/c1_vitesse, dernier insert il y a 42s
⏳ Ignoré (throttle): FABLAB_21_22/RADAR/salle104/c1_dist_cm, dernier insert il y a 42s
🔔 Message MQTT [FABLAB_21_22/RADAR/salle104] : {"nb":1,"presence":true,"ts":147112,"c1":{"x":346,"y":-445,"vitesse":0,"dist_cm":56}}
✅ JSON détecté sur FABLAB_21_22/RADAR/salle104. Champs numériques extraits: 6
⏳ Ignoré (throttle): FABLAB_21_22/RADAR/salle104/nb, dernier insert il y a 11s
⏳ Ignoré (throttle): FABLAB_21_22/RADAR/salle104/presence, dernier insert il y a 11s
⏳ Ignoré (throttle): FABLAB_21_22/RADAR/salle104/c1_x, dernier insert il y a 45s
⏳ Ignoré (throttle): FABLAB_21_22/RADAR/salle104/c1_y, dernier insert il y a 45s
⏳ Ignoré (throttle): FABLAB_21_22/RADAR/salle104/c1_vitesse, dernier insert il y a 45s
⏳ Ignoré (throttle): FABLAB_21_22/RADAR/salle104/c1_dist_cm, dernier insert il y a 45s
🔔 Message MQTT [FABLAB_21_22/RADAR/salle104] : {"nb":1,"presence":true,"ts":150112,"c1":{"x":294,"y":-452,"vitesse":8,"dist_cm":53}}
✅ JSON détecté sur FABLAB_21_22/RADAR/salle104. Champs numériques extraits: 6
⏳ Ignoré (throttle): FABLAB_21_22/RADAR/salle104/nb, dernier insert il y a 15s
⏳ Ignoré (throttle): FABLAB_21_22/RADAR/salle104/presence, dernier insert il y a 14s
⏳ Ignoré (throttle): FABLAB_21_22/RADAR/salle104/c1_x, dernier insert il y a 48s
⏳ Ignoré (throttle): FABLAB_21_22/RADAR/salle104/c1_y, dernier insert il y a 48s
⏳ Ignoré (throttle): FABLAB_21_22/RADAR/salle104/c1_vitesse, dernier insert il y a 48s
⏳ Ignoré (throttle): FABLAB_21_22/RADAR/salle104/c1_dist_cm, dernier insert il y a 48s
🔔 Message MQTT [FABLAB_21_22/RADAR/salle104] : {"nb":1,"presence":true,"ts":153112,"c1":{"x":307,"y":-404,"vitesse":0,"dist_cm":50}}
✅ JSON détecté sur FABLAB_21_22/RADAR/salle104. Champs numériques extraits: 6
⏳ Ignoré (throttle): FABLAB_21_22/RADAR/salle104/nb, dernier insert il y a 17s
⏳ Ignoré (throttle): FABLAB_21_22/RADAR/salle104/presence, dernier insert il y a 17s
⏳ Ignoré (throttle): FABLAB_21_22/RADAR/salle104/c1_x, dernier insert il y a 51s
⏳ Ignoré (throttle): FABLAB_21_22/RADAR/salle104/c1_y, dernier insert il y a 51s
⏳ Ignoré (throttle): FABLAB_21_22/RADAR/salle104/c1_vitesse, dernier insert il y a 51s
⏳ Ignoré (throttle): FABLAB_21_22/RADAR/salle104/c1_dist_cm, dernier insert il y a 51s
🔔 Message MQTT [FABLAB_21_22/RADAR/salle104] : {"nb":1,"presence":true,"ts":156112,"c1":{"x":500,"y":-430,"vitesse":-16,"dist_cm":65}}
✅ JSON détecté sur FABLAB_21_22/RADAR/salle104. Champs numériques extraits: 6
⏳ Ignoré (throttle): FABLAB_21_22/RADAR/salle104/nb, dernier insert il y a 20s
⏳ Ignoré (throttle): FABLAB_21_22/RADAR/salle104/presence, dernier insert il y a 20s
⏳ Ignoré (throttle): FABLAB_21_22/RADAR/salle104/c1_x, dernier insert il y a 54s
⏳ Ignoré (throttle): FABLAB_21_22/RADAR/salle104/c1_y, dernier insert il y a 54s
⏳ Ignoré (throttle): FABLAB_21_22/RADAR/salle104/c1_vitesse, dernier insert il y a 54s
⏳ Ignoré (throttle): FABLAB_21_22/RADAR/salle104/c1_dist_cm, dernier insert il y a 54s
🔔 Message MQTT [FABLAB_21_22/RADAR/salle104] : {"nb":1,"presence":true,"ts":159112,"c1":{"x":122,"y":-481,"vitesse":0,"dist_cm":49}}
✅ JSON détecté sur FABLAB_21_22/RADAR/salle104. Champs numériques extraits: 6
⏳ Ignoré (throttle): FABLAB_21_22/RADAR/salle104/nb, dernier insert il y a 24s
⏳ Ignoré (throttle): FABLAB_21_22/RADAR/salle104/presence, dernier insert il y a 23s
⏳ Ignoré (throttle): FABLAB_21_22/RADAR/salle104/c1_x, dernier insert il y a 57s
⏳ Ignoré (throttle): FABLAB_21_22/RADAR/salle104/c1_y, dernier insert il y a 57s
⏳ Ignoré (throttle): FABLAB_21_22/RADAR/salle104/c1_vitesse, dernier insert il y a 57s
⏳ Ignoré (throttle): FABLAB_21_22/RADAR/salle104/c1_dist_cm, dernier insert il y a 57s
🔔 Message MQTT [FABLAB_21_22/RADAR/salle104] : {"nb":1,"presence":true,"ts":162112,"c1":{"x":0,"y":-509,"vitesse":0,"dist_cm":50}}
✅ JSON détecté sur FABLAB_21_22/RADAR/salle104. Champs numériques extraits: 6
⏳ Ignoré (throttle): FABLAB_21_22/RADAR/salle104/nb, dernier insert il y a 26s
⏳ Ignoré (throttle): FABLAB_21_22/RADAR/salle104/presence, dernier insert il y a 26s
💾 Sauvé: FABLAB_21_22/RADAR/salle104/c1_x = 0.0
💾 Sauvé: FABLAB_21_22/RADAR/salle104/c1_y = -509.0
💾 Sauvé: FABLAB_21_22/RADAR/salle104/c1_vitesse = 0.0
💾 Sauvé: FABLAB_21_22/RADAR/salle104/c1_dist_cm = 50.0
🔔 Message MQTT [FABLAB_21_22/RADAR/salle104] : {"nb":1,"presence":true,"ts":165112,"c1":{"x":222,"y":-462,"vitesse":0,"dist_cm":51}}
✅ JSON détecté sur FABLAB_21_22/RADAR/salle104. Champs numériques extraits: 6
⏳ Ignoré (throttle): FABLAB_21_22/RADAR/salle104/nb, dernier insert il y a 30s
⏳ Ignoré (throttle): FABLAB_21_22/RADAR/salle104/presence, dernier insert il y a 29s
⏳ Ignoré (throttle): FABLAB_21_22/RADAR/salle104/c1_x, dernier insert il y a 3s
⏳ Ignoré (throttle): FABLAB_21_22/RADAR/salle104/c1_y, dernier insert il y a 2s
⏳ Ignoré (throttle): FABLAB_21_22/RADAR/salle104/c1_vitesse, dernier insert il y a 2s
⏳ Ignoré (throttle): FABLAB_21_22/RADAR/salle104/c1_dist_cm, dernier insert il y a 2s
🔔 Message MQTT [FABLAB_21_22/RADAR/salle104] : {"nb":1,"presence":true,"ts":168112,"c1":{"x":223,"y":-503,"vitesse":0,"dist_cm":55}}
✅ JSON détecté sur FABLAB_21_22/RADAR/salle104. Champs numériques extraits: 6
⏳ Ignoré (throttle): FABLAB_21_22/RADAR/salle104/nb, dernier insert il y a 33s
⏳ Ignoré (throttle): FABLAB_21_22/RADAR/salle104/presence, dernier insert il y a 32s
⏳ Ignoré (throttle): FABLAB_21_22/RADAR/salle104/c1_x, dernier insert il y a 6s
⏳ Ignoré (throttle): FABLAB_21_22/RADAR/salle104/c1_y, dernier insert il y a 5s
⏳ Ignoré (throttle): FABLAB_21_22/RADAR/salle104/c1_vitesse, dernier insert il y a 5s
⏳ Ignoré (throttle): FABLAB_21_22/RADAR/salle104/c1_dist_cm, dernier insert il y a 5s
🔔 Message MQTT [FABLAB_21_22/RADAR/salle104] : {"nb":1,"presence":true,"ts":171112,"c1":{"x":133,"y":-450,"vitesse":0,"dist_cm":46}}
✅ JSON détecté sur FABLAB_21_22/RADAR/salle104. Champs numériques extraits: 6
⏳ Ignoré (throttle): FABLAB_21_22/RADAR/salle104/nb, dernier insert il y a 36s
⏳ Ignoré (throttle): FABLAB_21_22/RADAR/salle104/presence, dernier insert il y a 35s
⏳ Ignoré (throttle): FABLAB_21_22/RADAR/salle104/c1_x, dernier insert il y a 9s
⏳ Ignoré (throttle): FABLAB_21_22/RADAR/salle104/c1_y, dernier insert il y a 8s
⏳ Ignoré (throttle): FABLAB_21_22/RADAR/salle104/c1_vitesse, dernier insert il y a 8s
⏳ Ignoré (throttle): FABLAB_21_22/RADAR/salle104/c1_dist_cm, dernier insert il y a 8s
🔔 Message MQTT [FABLAB_21_22/RADAR/salle104] : {"nb":1,"presence":true,"ts":174112,"c1":{"x":-10,"y":-387,"vitesse":-8,"dist_cm":38}}
✅ JSON détecté sur FABLAB_21_22/RADAR/salle104. Champs numériques extraits: 6
⏳ Ignoré (throttle): FABLAB_21_22/RADAR/salle104/nb, dernier insert il y a 39s
⏳ Ignoré (throttle): FABLAB_21_22/RADAR/salle104/presence, dernier insert il y a 38s
⏳ Ignoré (throttle): FABLAB_21_22/RADAR/salle104/c1_x, dernier insert il y a 12s
⏳ Ignoré (throttle): FABLAB_21_22/RADAR/salle104/c1_y, dernier insert il y a 11s
⏳ Ignoré (throttle): FABLAB_21_22/RADAR/salle104/c1_vitesse, dernier insert il y a 11s
⏳ Ignoré (throttle): FABLAB_21_22/RADAR/salle104/c1_dist_cm, dernier insert il y a 11s
🔔 Message MQTT [FABLAB_21_22/RADAR/salle104] : {"nb":1,"presence":true,"ts":177112,"c1":{"x":242,"y":-794,"vitesse":0,"dist_cm":83}}
✅ JSON détecté sur FABLAB_21_22/RADAR/salle104. Champs numériques extraits: 6
⏳ Ignoré (throttle): FABLAB_21_22/RADAR/salle104/nb, dernier insert il y a 41s
⏳ Ignoré (throttle): FABLAB_21_22/RADAR/salle104/presence, dernier insert il y a 41s
⏳ Ignoré (throttle): FABLAB_21_22/RADAR/salle104/c1_x, dernier insert il y a 15s
⏳ Ignoré (throttle): FABLAB_21_22/RADAR/salle104/c1_y, dernier insert il y a 14s
⏳ Ignoré (throttle): FABLAB_21_22/RADAR/salle104/c1_vitesse, dernier insert il y a 14s
⏳ Ignoré (throttle): FABLAB_21_22/RADAR/salle104/c1_dist_cm, dernier insert il y a 14s
🔔 Message MQTT [FABLAB_21_22/RADAR/salle104] : {"nb":1,"presence":true,"ts":180112,"c1":{"x":302,"y":-674,"vitesse":0,"dist_cm":73}}
✅ JSON détecté sur FABLAB_21_22/RADAR/salle104. Champs numériques extraits: 6
⏳ Ignoré (throttle): FABLAB_21_22/RADAR/salle104/nb, dernier insert il y a 45s
⏳ Ignoré (throttle): FABLAB_21_22/RADAR/salle104/presence, dernier insert il y a 44s
⏳ Ignoré (throttle): FABLAB_21_22/RADAR/salle104/c1_x, dernier insert il y a 18s
⏳ Ignoré (throttle): FABLAB_21_22/RADAR/salle104/c1_y, dernier insert il y a 17s
⏳ Ignoré (throttle): FABLAB_21_22/RADAR/salle104/c1_vitesse, dernier insert il y a 17s
⏳ Ignoré (throttle): FABLAB_21_22/RADAR/salle104/c1_dist_cm, dernier insert il y a 17s
🔔 Message MQTT [FABLAB_21_22/RADAR/salle104] : {"nb":1,"presence":true,"ts":183112,"c1":{"x":191,"y":-516,"vitesse":8,"dist_cm":55}}
✅ JSON détecté sur FABLAB_21_22/RADAR/salle104. Champs numériques extraits: 6
⏳ Ignoré (throttle): FABLAB_21_22/RADAR/salle104/nb, dernier insert il y a 48s
⏳ Ignoré (throttle): FABLAB_21_22/RADAR/salle104/presence, dernier insert il y a 47s
⏳ Ignoré (throttle): FABLAB_21_22/RADAR/salle104/c1_x, dernier insert il y a 21s
⏳ Ignoré (throttle): FABLAB_21_22/RADAR/salle104/c1_y, dernier insert il y a 20s
⏳ Ignoré (throttle): FABLAB_21_22/RADAR/salle104/c1_vitesse, dernier insert il y a 20s
⏳ Ignoré (throttle): FABLAB_21_22/RADAR/salle104/c1_dist_cm, dernier insert il y a 20s
🔔 Message MQTT [FABLAB_21_22/RADAR/salle104] : {"nb":1,"presence":true,"ts":186112,"c1":{"x":315,"y":-646,"vitesse":-8,"dist_cm":71}}
✅ JSON détecté sur FABLAB_21_22/RADAR/salle104. Champs numériques extraits: 6
⏳ Ignoré (throttle): FABLAB_21_22/RADAR/salle104/nb, dernier insert il y a 50s
⏳ Ignoré (throttle): FABLAB_21_22/RADAR/salle104/presence, dernier insert il y a 50s
⏳ Ignoré (throttle): FABLAB_21_22/RADAR/salle104/c1_x, dernier insert il y a 24s
⏳ Ignoré (throttle): FABLAB_21_22/RADAR/salle104/c1_y, dernier insert il y a 23s
⏳ Ignoré (throttle): FABLAB_21_22/RADAR/salle104/c1_vitesse, dernier insert il y a 23s
⏳ Ignoré (throttle): FABLAB_21_22/RADAR/salle104/c1_dist_cm, dernier insert il y a 23s
🔔 Message MQTT [FABLAB_21_22/RADAR/salle104] : {"nb":1,"presence":true,"ts":189112,"c1":{"x":-110,"y":-477,"vitesse":48,"dist_cm":48}}
✅ JSON détecté sur FABLAB_21_22/RADAR/salle104. Champs numériques extraits: 6
⏳ Ignoré (throttle): FABLAB_21_22/RADAR/salle104/nb, dernier insert il y a 53s
⏳ Ignoré (throttle): FABLAB_21_22/RADAR/salle104/presence, dernier insert il y a 53s
⏳ Ignoré (throttle): FABLAB_21_22/RADAR/salle104/c1_x, dernier insert il y a 27s
⏳ Ignoré (throttle): FABLAB_21_22/RADAR/salle104/c1_y, dernier insert il y a 26s
⏳ Ignoré (throttle): FABLAB_21_22/RADAR/salle104/c1_vitesse, dernier insert il y a 26s
⏳ Ignoré (throttle): FABLAB_21_22/RADAR/salle104/c1_dist_cm, dernier insert il y a 26s
🔔 Message MQTT [FABLAB_21_22/RADAR/salle104] : {"nb":1,"presence":true,"ts":192112,"c1":{"x":195,"y":-548,"vitesse":-16,"dist_cm":58}}
✅ JSON détecté sur FABLAB_21_22/RADAR/salle104. Champs numériques extraits: 6
⏳ Ignoré (throttle): FABLAB_21_22/RADAR/salle104/nb, dernier insert il y a 57s
⏳ Ignoré (throttle): FABLAB_21_22/RADAR/salle104/presence, dernier insert il y a 56s
⏳ Ignoré (throttle): FABLAB_21_22/RADAR/salle104/c1_x, dernier insert il y a 30s
⏳ Ignoré (throttle): FABLAB_21_22/RADAR/salle104/c1_y, dernier insert il y a 29s
⏳ Ignoré (throttle): FABLAB_21_22/RADAR/salle104/c1_vitesse, dernier insert il y a 29s
⏳ Ignoré (throttle): FABLAB_21_22/RADAR/salle104/c1_dist_cm, dernier insert il y a 29s
🔔 Message MQTT [FABLAB_21_22/RADAR/salle104] : {"nb":1,"presence":true,"ts":195112,"c1":{"x":405,"y":-622,"vitesse":-8,"dist_cm":74}}
✅ JSON détecté sur FABLAB_21_22/RADAR/salle104. Champs numériques extraits: 6
⏳ Ignoré (throttle): FABLAB_21_22/RADAR/salle104/nb, dernier insert il y a 59s
⏳ Ignoré (throttle): FABLAB_21_22/RADAR/salle104/presence, dernier insert il y a 59s
⏳ Ignoré (throttle): FABLAB_21_22/RADAR/salle104/c1_x, dernier insert il y a 33s
⏳ Ignoré (throttle): FABLAB_21_22/RADAR/salle104/c1_y, dernier insert il y a 32s
⏳ Ignoré (throttle): FABLAB_21_22/RADAR/salle104/c1_vitesse, dernier insert il y a 32s
⏳ Ignoré (throttle): FABLAB_21_22/RADAR/salle104/c1_dist_cm, dernier insert il y a 32s
🔔 Message MQTT [FABLAB_21_22/RADAR/salle104] : {"nb":1,"presence":true,"ts":198112,"c1":{"x":360,"y":-536,"vitesse":8,"dist_cm":64}}
✅ JSON détecté sur FABLAB_21_22/RADAR/salle104. Champs numériques extraits: 6
💾 Sauvé: FABLAB_21_22/RADAR/salle104/nb = 1.0
💾 Sauvé: FABLAB_21_22/RADAR/salle104/presence = 1.0
⏳ Ignoré (throttle): FABLAB_21_22/RADAR/salle104/c1_x, dernier insert il y a 36s
⏳ Ignoré (throttle): FABLAB_21_22/RADAR/salle104/c1_y, dernier insert il y a 36s
⏳ Ignoré (throttle): FABLAB_21_22/RADAR/salle104/c1_vitesse, dernier insert il y a 35s
⏳ Ignoré (throttle): FABLAB_21_22/RADAR/salle104/c1_dist_cm, dernier insert il y a 35s
🔔 Message MQTT [FABLAB_21_22/RADAR/salle104] : {"nb":1,"presence":true,"ts":201112,"c1":{"x":208,"y":-542,"vitesse":0,"dist_cm":58}}
✅ JSON détecté sur FABLAB_21_22/RADAR/salle104. Champs numériques extraits: 6
⏳ Ignoré (throttle): FABLAB_21_22/RADAR/salle104/nb, dernier insert il y a 2s
⏳ Ignoré (throttle): FABLAB_21_22/RADAR/salle104/presence, dernier insert il y a 2s
⏳ Ignoré (throttle): FABLAB_21_22/RADAR/salle104/c1_x, dernier insert il y a 39s
⏳ Ignoré (throttle): FABLAB_21_22/RADAR/salle104/c1_y, dernier insert il y a 38s
⏳ Ignoré (throttle): FABLAB_21_22/RADAR/salle104/c1_vitesse, dernier insert il y a 38s
⏳ Ignoré (throttle): FABLAB_21_22/RADAR/salle104/c1_dist_cm, dernier insert il y a 38s
🔔 Message MQTT [FABLAB_21_22/RADAR/salle104] : {"nb":1,"presence":true,"ts":204112,"c1":{"x":247,"y":-463,"vitesse":16,"dist_cm":52}}
✅ JSON détecté sur FABLAB_21_22/RADAR/salle104. Champs numériques extraits: 6
⏳ Ignoré (throttle): FABLAB_21_22/RADAR/salle104/nb, dernier insert il y a 6s
⏳ Ignoré (throttle): FABLAB_21_22/RADAR/salle104/presence, dernier insert il y a 5s
⏳ Ignoré (throttle): FABLAB_21_22/RADAR/salle104/c1_x, dernier insert il y a 42s
⏳ Ignoré (throttle): FABLAB_21_22/RADAR/salle104/c1_y, dernier insert il y a 41s
⏳ Ignoré (throttle): FABLAB_21_22/RADAR/salle104/c1_vitesse, dernier insert il y a 41s
⏳ Ignoré (throttle): FABLAB_21_22/RADAR/salle104/c1_dist_cm, dernier insert il y a 41s
🔔 Message MQTT [FABLAB_21_22/RADAR/salle104] : {"nb":1,"presence":true,"ts":207112,"c1":{"x":185,"y":-441,"vitesse":-8,"dist_cm":47}}
✅ JSON détecté sur FABLAB_21_22/RADAR/salle104. Champs numériques extraits: 6
⏳ Ignoré (throttle): FABLAB_21_22/RADAR/salle104/nb, dernier insert il y a 9s
⏳ Ignoré (throttle): FABLAB_21_22/RADAR/salle104/presence, dernier insert il y a 8s
⏳ Ignoré (throttle): FABLAB_21_22/RADAR/salle104/c1_x, dernier insert il y a 45s
⏳ Ignoré (throttle): FABLAB_21_22/RADAR/salle104/c1_y, dernier insert il y a 44s
⏳ Ignoré (throttle): FABLAB_21_22/RADAR/salle104/c1_vitesse, dernier insert il y a 44s
⏳ Ignoré (throttle): FABLAB_21_22/RADAR/salle104/c1_dist_cm, dernier insert il y a 44s
🔔 Message MQTT [FABLAB_21_22/RADAR/salle104] : {"nb":1,"presence":true,"ts":210112,"c1":{"x":243,"y":-446,"vitesse":-48,"dist_cm":50}}
✅ JSON détecté sur FABLAB_21_22/RADAR/salle104. Champs numériques extraits: 6
⏳ Ignoré (throttle): FABLAB_21_22/RADAR/salle104/nb, dernier insert il y a 11s
⏳ Ignoré (throttle): FABLAB_21_22/RADAR/salle104/presence, dernier insert il y a 11s
⏳ Ignoré (throttle): FABLAB_21_22/RADAR/salle104/c1_x, dernier insert il y a 48s
⏳ Ignoré (throttle): FABLAB_21_22/RADAR/salle104/c1_y, dernier insert il y a 47s
⏳ Ignoré (throttle): FABLAB_21_22/RADAR/salle104/c1_vitesse, dernier insert il y a 47s
⏳ Ignoré (throttle): FABLAB_21_22/RADAR/salle104/c1_dist_cm, dernier insert il y a 47s
🔔 Message MQTT [FABLAB_21_22/RADAR/salle104] : {"nb":1,"presence":true,"ts":213112,"c1":{"x":243,"y":-1095,"vitesse":32,"dist_cm":112}}
✅ JSON détecté sur FABLAB_21_22/RADAR/salle104. Champs numériques extraits: 6
⏳ Ignoré (throttle): FABLAB_21_22/RADAR/salle104/nb, dernier insert il y a 15s
⏳ Ignoré (throttle): FABLAB_21_22/RADAR/salle104/presence, dernier insert il y a 14s
⏳ Ignoré (throttle): FABLAB_21_22/RADAR/salle104/c1_x, dernier insert il y a 51s
⏳ Ignoré (throttle): FABLAB_21_22/RADAR/salle104/c1_y, dernier insert il y a 50s
⏳ Ignoré (throttle): FABLAB_21_22/RADAR/salle104/c1_vitesse, dernier insert il y a 50s
⏳ Ignoré (throttle): FABLAB_21_22/RADAR/salle104/c1_dist_cm, dernier insert il y a 50s
🔔 Message MQTT [FABLAB_21_22/RADAR/salle104] : {"nb":1,"presence":true,"ts":216112,"c1":{"x":398,"y":-970,"vitesse":-24,"dist_cm":104}}
✅ JSON détecté sur FABLAB_21_22/RADAR/salle104. Champs numériques extraits: 6
⏳ Ignoré (throttle): FABLAB_21_22/RADAR/salle104/nb, dernier insert il y a 18s
⏳ Ignoré (throttle): FABLAB_21_22/RADAR/salle104/presence, dernier insert il y a 17s
⏳ Ignoré (throttle): FABLAB_21_22/RADAR/salle104/c1_x, dernier insert il y a 54s
⏳ Ignoré (throttle): FABLAB_21_22/RADAR/salle104/c1_y, dernier insert il y a 53s
⏳ Ignoré (throttle): FABLAB_21_22/RADAR/salle104/c1_vitesse, dernier insert il y a 53s
⏳ Ignoré (throttle): FABLAB_21_22/RADAR/salle104/c1_dist_cm, dernier insert il y a 53s
🔔 Message MQTT [FABLAB_21_22/RADAR/salle104] : {"nb":1,"presence":true,"ts":219112,"c1":{"x":513,"y":-1224,"vitesse":0,"dist_cm":132}}
✅ JSON détecté sur FABLAB_21_22/RADAR/salle104. Champs numériques extraits: 6
⏳ Ignoré (throttle): FABLAB_21_22/RADAR/salle104/nb, dernier insert il y a 21s
⏳ Ignoré (throttle): FABLAB_21_22/RADAR/salle104/presence, dernier insert il y a 20s
⏳ Ignoré (throttle): FABLAB_21_22/RADAR/salle104/c1_x, dernier insert il y a 57s
⏳ Ignoré (throttle): FABLAB_21_22/RADAR/salle104/c1_y, dernier insert il y a 56s
⏳ Ignoré (throttle): FABLAB_21_22/RADAR/salle104/c1_vitesse, dernier insert il y a 56s
⏳ Ignoré (throttle): FABLAB_21_22/RADAR/salle104/c1_dist_cm, dernier insert il y a 56s
🔔 Message MQTT [FABLAB_21_22/RADAR/salle104] : {"nb":1,"presence":true,"ts":222112,"c1":{"x":-75,"y":-666,"vitesse":0,"dist_cm":67}}
✅ JSON détecté sur FABLAB_21_22/RADAR/salle104. Champs numériques extraits: 6
⏳ Ignoré (throttle): FABLAB_21_22/RADAR/salle104/nb, dernier insert il y a 24s
⏳ Ignoré (throttle): FABLAB_21_22/RADAR/salle104/presence, dernier insert il y a 23s
💾 Sauvé: FABLAB_21_22/RADAR/salle104/c1_x = -75.0
💾 Sauvé: FABLAB_21_22/RADAR/salle104/c1_y = -666.0
💾 Sauvé: FABLAB_21_22/RADAR/salle104/c1_vitesse = 0.0
⏳ Ignoré (throttle): FABLAB_21_22/RADAR/salle104/c1_dist_cm, dernier insert il y a 59s
🔔 Message MQTT [FABLAB_21_22/RADAR/salle104] : {"nb":1,"presence":true,"ts":225112,"c1":{"x":702,"y":-1270,"vitesse":0,"dist_cm":145}}
✅ JSON détecté sur FABLAB_21_22/RADAR/salle104. Champs numériques extraits: 6
⏳ Ignoré (throttle): FABLAB_21_22/RADAR/salle104/nb, dernier insert il y a 27s
⏳ Ignoré (throttle): FABLAB_21_22/RADAR/salle104/presence, dernier insert il y a 26s
⏳ Ignoré (throttle): FABLAB_21_22/RADAR/salle104/c1_x, dernier insert il y a 3s
⏳ Ignoré (throttle): FABLAB_21_22/RADAR/salle104/c1_y, dernier insert il y a 2s
⏳ Ignoré (throttle): FABLAB_21_22/RADAR/salle104/c1_vitesse, dernier insert il y a 2s
💾 Sauvé: FABLAB_21_22/RADAR/salle104/c1_dist_cm = 145.0
🔔 Message MQTT [FABLAB_21_22/RADAR/salle104] : {"nb":1,"presence":true,"ts":228112,"c1":{"x":111,"y":-720,"vitesse":0,"dist_cm":72}}
✅ JSON détecté sur FABLAB_21_22/RADAR/salle104. Champs numériques extraits: 6
⏳ Ignoré (throttle): FABLAB_21_22/RADAR/salle104/nb, dernier insert il y a 29s
⏳ Ignoré (throttle): FABLAB_21_22/RADAR/salle104/presence, dernier insert il y a 29s
⏳ Ignoré (throttle): FABLAB_21_22/RADAR/salle104/c1_x, dernier insert il y a 5s
⏳ Ignoré (throttle): FABLAB_21_22/RADAR/salle104/c1_y, dernier insert il y a 5s
⏳ Ignoré (throttle): FABLAB_21_22/RADAR/salle104/c1_vitesse, dernier insert il y a 5s
⏳ Ignoré (throttle): FABLAB_21_22/RADAR/salle104/c1_dist_cm, dernier insert il y a 2s
🔔 Message MQTT [FABLAB_21_22/RADAR/salle104] : {"nb":2,"presence":true,"ts":231112,"c1":{"x":-990,"y":-816,"vitesse":24,"dist_cm":128},"c2":{"x":515,"y":-995,"vitesse":24,"dist_cm":112}}
✅ JSON détecté sur FABLAB_21_22/RADAR/salle104. Champs numériques extraits: 10
⏳ Ignoré (throttle): FABLAB_21_22/RADAR/salle104/nb, dernier insert il y a 33s
⏳ Ignoré (throttle): FABLAB_21_22/RADAR/salle104/presence, dernier insert il y a 32s
⏳ Ignoré (throttle): FABLAB_21_22/RADAR/salle104/c1_x, dernier insert il y a 8s
⏳ Ignoré (throttle): FABLAB_21_22/RADAR/salle104/c1_y, dernier insert il y a 8s
⏳ Ignoré (throttle): FABLAB_21_22/RADAR/salle104/c1_vitesse, dernier insert il y a 8s
⏳ Ignoré (throttle): FABLAB_21_22/RADAR/salle104/c1_dist_cm, dernier insert il y a 5s
💾 Sauvé: FABLAB_21_22/RADAR/salle104/c2_x = 515.0
💾 Sauvé: FABLAB_21_22/RADAR/salle104/c2_y = -995.0
💾 Sauvé: FABLAB_21_22/RADAR/salle104/c2_vitesse = 24.0
💾 Sauvé: FABLAB_21_22/RADAR/salle104/c2_dist_cm = 112.0
🔔 Message MQTT [FABLAB_21_22/RADAR/salle104] : {"nb":1,"presence":true,"ts":234112,"c1":{"x":543,"y":-1212,"vitesse":-8,"dist_cm":132}}
✅ JSON détecté sur FABLAB_21_22/RADAR/salle104. Champs numériques extraits: 6
⏳ Ignoré (throttle): FABLAB_21_22/RADAR/salle104/nb, dernier insert il y a 36s
⏳ Ignoré (throttle): FABLAB_21_22/RADAR/salle104/presence, dernier insert il y a 35s
⏳ Ignoré (throttle): FABLAB_21_22/RADAR/salle104/c1_x, dernier insert il y a 11s
⏳ Ignoré (throttle): FABLAB_21_22/RADAR/salle104/c1_y, dernier insert il y a 11s
⏳ Ignoré (throttle): FABLAB_21_22/RADAR/salle104/c1_vitesse, dernier insert il y a 11s
⏳ Ignoré (throttle): FABLAB_21_22/RADAR/salle104/c1_dist_cm, dernier insert il y a 8s
🔔 Message MQTT [FABLAB_21_22/RADAR/salle104] : {"nb":1,"presence":true,"ts":237112,"c1":{"x":677,"y":-1088,"vitesse":0,"dist_cm":128}}
✅ JSON détecté sur FABLAB_21_22/RADAR/salle104. Champs numériques extraits: 6
⏳ Ignoré (throttle): FABLAB_21_22/RADAR/salle104/nb, dernier insert il y a 39s
⏳ Ignoré (throttle): FABLAB_21_22/RADAR/salle104/presence, dernier insert il y a 38s
⏳ Ignoré (throttle): FABLAB_21_22/RADAR/salle104/c1_x, dernier insert il y a 15s
⏳ Ignoré (throttle): FABLAB_21_22/RADAR/salle104/c1_y, dernier insert il y a 14s
⏳ Ignoré (throttle): FABLAB_21_22/RADAR/salle104/c1_vitesse, dernier insert il y a 14s
⏳ Ignoré (throttle): FABLAB_21_22/RADAR/salle104/c1_dist_cm, dernier insert il y a 12s
🔔 Message MQTT [FABLAB_21_22/RADAR/salle104] : {"nb":1,"presence":true,"ts":240112,"c1":{"x":-366,"y":-1043,"vitesse":0,"dist_cm":110}}
✅ JSON détecté sur FABLAB_21_22/RADAR/salle104. Champs numériques extraits: 6
⏳ Ignoré (throttle): FABLAB_21_22/RADAR/salle104/nb, dernier insert il y a 41s
⏳ Ignoré (throttle): FABLAB_21_22/RADAR/salle104/presence, dernier insert il y a 41s
⏳ Ignoré (throttle): FABLAB_21_22/RADAR/salle104/c1_x, dernier insert il y a 17s
⏳ Ignoré (throttle): FABLAB_21_22/RADAR/salle104/c1_y, dernier insert il y a 17s
⏳ Ignoré (throttle): FABLAB_21_22/RADAR/salle104/c1_vitesse, dernier insert il y a 17s
⏳ Ignoré (throttle): FABLAB_21_22/RADAR/salle104/c1_dist_cm, dernier insert il y a 14s
🔔 Message MQTT [FABLAB_21_22/RADAR/salle104] : {"nb":1,"presence":true,"ts":243112,"c1":{"x":242,"y":-1363,"vitesse":-8,"dist_cm":138}}
✅ JSON détecté sur FABLAB_21_22/RADAR/salle104. Champs numériques extraits: 6
⏳ Ignoré (throttle): FABLAB_21_22/RADAR/salle104/nb, dernier insert il y a 45s
⏳ Ignoré (throttle): FABLAB_21_22/RADAR/salle104/presence, dernier insert il y a 44s
⏳ Ignoré (throttle): FABLAB_21_22/RADAR/salle104/c1_x, dernier insert il y a 20s
⏳ Ignoré (throttle): FABLAB_21_22/RADAR/salle104/c1_y, dernier insert il y a 20s
⏳ Ignoré (throttle): FABLAB_21_22/RADAR/salle104/c1_vitesse, dernier insert il y a 20s
⏳ Ignoré (throttle): FABLAB_21_22/RADAR/salle104/c1_dist_cm, dernier insert il y a 17s
🔔 Message MQTT [FABLAB_21_22/RADAR/salle104] : {"nb":1,"presence":true,"ts":246112,"c1":{"x":540,"y":-1240,"vitesse":0,"dist_cm":135}}
✅ JSON détecté sur FABLAB_21_22/RADAR/salle104. Champs numériques extraits: 6
⏳ Ignoré (throttle): FABLAB_21_22/RADAR/salle104/nb, dernier insert il y a 47s
⏳ Ignoré (throttle): FABLAB_21_22/RADAR/salle104/presence, dernier insert il y a 47s
⏳ Ignoré (throttle): FABLAB_21_22/RADAR/salle104/c1_x, dernier insert il y a 23s
⏳ Ignoré (throttle): FABLAB_21_22/RADAR/salle104/c1_y, dernier insert il y a 23s
⏳ Ignoré (throttle): FABLAB_21_22/RADAR/salle104/c1_vitesse, dernier insert il y a 23s
⏳ Ignoré (throttle): FABLAB_21_22/RADAR/salle104/c1_dist_cm, dernier insert il y a 20s
🔔 Message MQTT [FABLAB_21_22/RADAR/salle104] : {"nb":1,"presence":true,"ts":249112,"c1":{"x":-213,"y":-690,"vitesse":0,"dist_cm":72}}
✅ JSON détecté sur FABLAB_21_22/RADAR/salle104. Champs numériques extraits: 6
⏳ Ignoré (throttle): FABLAB_21_22/RADAR/salle104/nb, dernier insert il y a 51s
⏳ Ignoré (throttle): FABLAB_21_22/RADAR/salle104/presence, dernier insert il y a 50s
⏳ Ignoré (throttle): FABLAB_21_22/RADAR/salle104/c1_x, dernier insert il y a 27s
⏳ Ignoré (throttle): FABLAB_21_22/RADAR/salle104/c1_y, dernier insert il y a 26s
⏳ Ignoré (throttle): FABLAB_21_22/RADAR/salle104/c1_vitesse, dernier insert il y a 26s
⏳ Ignoré (throttle): FABLAB_21_22/RADAR/salle104/c1_dist_cm, dernier insert il y a 23s
🔔 Message MQTT [FABLAB_21_22/RADAR/salle104] : {"nb":1,"presence":true,"ts":252112,"c1":{"x":461,"y":-636,"vitesse":8,"dist_cm":78}}
✅ JSON détecté sur FABLAB_21_22/RADAR/salle104. Champs numériques extraits: 6
⏳ Ignoré (throttle): FABLAB_21_22/RADAR/salle104/nb, dernier insert il y a 53s
⏳ Ignoré (throttle): FABLAB_21_22/RADAR/salle104/presence, dernier insert il y a 53s
⏳ Ignoré (throttle): FABLAB_21_22/RADAR/salle104/c1_x, dernier insert il y a 29s
⏳ Ignoré (throttle): FABLAB_21_22/RADAR/salle104/c1_y, dernier insert il y a 29s
⏳ Ignoré (throttle): FABLAB_21_22/RADAR/salle104/c1_vitesse, dernier insert il y a 29s
⏳ Ignoré (throttle): FABLAB_21_22/RADAR/salle104/c1_dist_cm, dernier insert il y a 26s
🔔 Message MQTT [FABLAB_21_22/RADAR/salle104] : {"nb":1,"presence":true,"ts":255112,"c1":{"x":592,"y":-632,"vitesse":0,"dist_cm":86}}
✅ JSON détecté sur FABLAB_21_22/RADAR/salle104. Champs numériques extraits: 6
⏳ Ignoré (throttle): FABLAB_21_22/RADAR/salle104/nb, dernier insert il y a 57s
⏳ Ignoré (throttle): FABLAB_21_22/RADAR/salle104/presence, dernier insert il y a 56s
⏳ Ignoré (throttle): FABLAB_21_22/RADAR/salle104/c1_x, dernier insert il y a 33s
⏳ Ignoré (throttle): FABLAB_21_22/RADAR/salle104/c1_y, dernier insert il y a 32s
⏳ Ignoré (throttle): FABLAB_21_22/RADAR/salle104/c1_vitesse, dernier insert il y a 32s
⏳ Ignoré (throttle): FABLAB_21_22/RADAR/salle104/c1_dist_cm, dernier insert il y a 29s
🔔 Message MQTT [FABLAB_21_22/RADAR/salle104] : {"nb":1,"presence":true,"ts":258112,"c1":{"x":354,"y":-564,"vitesse":0,"dist_cm":66}}
✅ JSON détecté sur FABLAB_21_22/RADAR/salle104. Champs numériques extraits: 6
⏳ Ignoré (throttle): FABLAB_21_22/RADAR/salle104/nb, dernier insert il y a 59s
⏳ Ignoré (throttle): FABLAB_21_22/RADAR/salle104/presence, dernier insert il y a 59s
⏳ Ignoré (throttle): FABLAB_21_22/RADAR/salle104/c1_x, dernier insert il y a 35s
⏳ Ignoré (throttle): FABLAB_21_22/RADAR/salle104/c1_y, dernier insert il y a 35s
⏳ Ignoré (throttle): FABLAB_21_22/RADAR/salle104/c1_vitesse, dernier insert il y a 35s
⏳ Ignoré (throttle): FABLAB_21_22/RADAR/salle104/c1_dist_cm, dernier insert il y a 32s
🔔 Message MQTT [FABLAB_21_22/tasmota/tele/tasmota_071D00/STATE] : {"Time":"2026-05-05T13:56:52","Uptime":"18T03:05:13","UptimeSec":1566313,"Heap":184,"SleepMode":"Dynamic","Sleep":50,"LoadAvg":19,"MqttCount":1,"Berry":{"HeapUsed":4,"Objects":55},"POWER":"ON","Wifi":{"AP":1,"SSId":"Fablab_104","BSSId":"40:ED:00:CD:4B:EB","Channel":6,"Mode":"HT20","RSSI":72,"Signal":-64,"LinkCount":1,"Downtime":"0T00:00:03"},"Hostname":"tasmota-071D00-7424","IPAddress":"192.168.0.31"}
✅ JSON détecté sur FABLAB_21_22/tasmota/tele/tasmota_071D00/STATE. Champs numériques extraits: 12
💾 Sauvé: FABLAB_21_22/tasmota/tele/tasmota_071D00/STATE/uptimesec = 1566313.0
💾 Sauvé: FABLAB_21_22/tasmota/tele/tasmota_071D00/STATE/heap = 184.0
💾 Sauvé: FABLAB_21_22/tasmota/tele/tasmota_071D00/STATE/sleep = 50.0
💾 Sauvé: FABLAB_21_22/tasmota/tele/tasmota_071D00/STATE/loadavg = 19.0
💾 Sauvé: FABLAB_21_22/tasmota/tele/tasmota_071D00/STATE/mqttcount = 1.0
💾 Sauvé: FABLAB_21_22/tasmota/tele/tasmota_071D00/STATE/berry_heapused = 4.0
💾 Sauvé: FABLAB_21_22/tasmota/tele/tasmota_071D00/STATE/berry_objects = 55.0
💾 Sauvé: FABLAB_21_22/tasmota/tele/tasmota_071D00/STATE/wifi_ap = 1.0
💾 Sauvé: FABLAB_21_22/tasmota/tele/tasmota_071D00/STATE/wifi_channel = 6.0
💾 Sauvé: FABLAB_21_22/tasmota/tele/tasmota_071D00/STATE/wifi_rssi = 72.0
💾 Sauvé: FABLAB_21_22/tasmota/tele/tasmota_071D00/STATE/wifi_signal = -64.0
💾 Sauvé: FABLAB_21_22/tasmota/tele/tasmota_071D00/STATE/wifi_linkcount = 1.0
🔔 Message MQTT [FABLAB_21_22/tasmota/tele/tasmota_071D00/SENSOR] : {"Time":"2026-05-05T13:56:52","ENERGY":{"TotalStartTime":"2026-04-01T07:06:06","Total":0.500,"Yesterday":0.001,"Today":0.001,"Period":0,"Power":0,"ApparentPower":0,"ReactivePower":0,"Factor":0.00,"Voltage":243,"Current":0.000}}
✅ JSON détecté sur FABLAB_21_22/tasmota/tele/tasmota_071D00/SENSOR. Champs numériques extraits: 10
💾 Sauvé: FABLAB_21_22/tasmota/tele/tasmota_071D00/SENSOR/energy_total = 0.5
💾 Sauvé: FABLAB_21_22/tasmota/tele/tasmota_071D00/SENSOR/energy_yesterday = 0.001
💾 Sauvé: FABLAB_21_22/tasmota/tele/tasmota_071D00/SENSOR/energy_today = 0.001
💾 Sauvé: FABLAB_21_22/tasmota/tele/tasmota_071D00/SENSOR/energy_period = 0.0
💾 Sauvé: FABLAB_21_22/tasmota/tele/tasmota_071D00/SENSOR/energy_power = 0.0
💾 Sauvé: FABLAB_21_22/tasmota/tele/tasmota_071D00/SENSOR/energy_apparentpower = 0.0
💾 Sauvé: FABLAB_21_22/tasmota/tele/tasmota_071D00/SENSOR/energy_reactivepower = 0.0
💾 Sauvé: FABLAB_21_22/tasmota/tele/tasmota_071D00/SENSOR/energy_factor = 0.0
💾 Sauvé: FABLAB_21_22/tasmota/tele/tasmota_071D00/SENSOR/energy_voltage = 243.0
💾 Sauvé: FABLAB_21_22/tasmota/tele/tasmota_071D00/SENSOR/energy_current = 0.0
🔔 Message MQTT [FABLAB_21_22/RADAR/salle104] : {"nb":1,"presence":true,"ts":261112,"c1":{"x":548,"y":-416,"vitesse":8,"dist_cm":68}}
✅ JSON détecté sur FABLAB_21_22/RADAR/salle104. Champs numériques extraits: 6
💾 Sauvé: FABLAB_21_22/RADAR/salle104/nb = 1.0
💾 Sauvé: FABLAB_21_22/RADAR/salle104/presence = 1.0
⏳ Ignoré (throttle): FABLAB_21_22/RADAR/salle104/c1_x, dernier insert il y a 45s
⏳ Ignoré (throttle): FABLAB_21_22/RADAR/salle104/c1_y, dernier insert il y a 45s
⏳ Ignoré (throttle): FABLAB_21_22/RADAR/salle104/c1_vitesse, dernier insert il y a 44s
⏳ Ignoré (throttle): FABLAB_21_22/RADAR/salle104/c1_dist_cm, dernier insert il y a 42s
🔔 Message MQTT [FABLAB_21_22/RADAR/salle104] : {"nb":1,"presence":true,"ts":264112,"c1":{"x":-115,"y":-421,"vitesse":8,"dist_cm":43}}
✅ JSON détecté sur FABLAB_21_22/RADAR/salle104. Champs numériques extraits: 6
⏳ Ignoré (throttle): FABLAB_21_22/RADAR/salle104/nb, dernier insert il y a 0s
⏳ Ignoré (throttle): FABLAB_21_22/RADAR/salle104/presence, dernier insert il y a 0s
⏳ Ignoré (throttle): FABLAB_21_22/RADAR/salle104/c1_x, dernier insert il y a 45s
⏳ Ignoré (throttle): FABLAB_21_22/RADAR/salle104/c1_y, dernier insert il y a 45s
⏳ Ignoré (throttle): FABLAB_21_22/RADAR/salle104/c1_vitesse, dernier insert il y a 44s
⏳ Ignoré (throttle): FABLAB_21_22/RADAR/salle104/c1_dist_cm, dernier insert il y a 42s
🔔 Message MQTT [FABLAB_21_22/RADAR/salle104] : {"nb":0,"presence":false,"ts":267112}
✅ JSON détecté sur FABLAB_21_22/RADAR/salle104. Champs numériques extraits: 2
⏳ Ignoré (throttle): FABLAB_21_22/RADAR/salle104/nb, dernier insert il y a 0s
⏳ Ignoré (throttle): FABLAB_21_22/RADAR/salle104/presence, dernier insert il y a 0s
🔔 Message MQTT [FABLAB_21_22/RADAR/salle104] : {"nb":0,"presence":false,"ts":270112}
✅ JSON détecté sur FABLAB_21_22/RADAR/salle104. Champs numériques extraits: 2
⏳ Ignoré (throttle): FABLAB_21_22/RADAR/salle104/nb, dernier insert il y a 3s
⏳ Ignoré (throttle): FABLAB_21_22/RADAR/salle104/presence, dernier insert il y a 3s
🔔 Message MQTT [FABLAB_21_22/RADAR/salle104] : {"nb":0,"presence":false,"ts":273112}
✅ JSON détecté sur FABLAB_21_22/RADAR/salle104. Champs numériques extraits: 2
⏳ Ignoré (throttle): FABLAB_21_22/RADAR/salle104/nb, dernier insert il y a 5s
⏳ Ignoré (throttle): FABLAB_21_22/RADAR/salle104/presence, dernier insert il y a 5s
🔔 Message MQTT [FABLAB_21_22/RADAR/salle104] : {"nb":1,"presence":true,"ts":276112,"c1":{"x":303,"y":-653,"vitesse":0,"dist_cm":71}}
✅ JSON détecté sur FABLAB_21_22/RADAR/salle104. Champs numériques extraits: 6
⏳ Ignoré (throttle): FABLAB_21_22/RADAR/salle104/nb, dernier insert il y a 8s
⏳ Ignoré (throttle): FABLAB_21_22/RADAR/salle104/presence, dernier insert il y a 8s
⏳ Ignoré (throttle): FABLAB_21_22/RADAR/salle104/c1_x, dernier insert il y a 53s
⏳ Ignoré (throttle): FABLAB_21_22/RADAR/salle104/c1_y, dernier insert il y a 53s
⏳ Ignoré (throttle): FABLAB_21_22/RADAR/salle104/c1_vitesse, dernier insert il y a 53s
⏳ Ignoré (throttle): FABLAB_21_22/RADAR/salle104/c1_dist_cm, dernier insert il y a 50s
🔔 Message MQTT [FABLAB_21_22/RADAR/salle104] : {"nb":1,"presence":true,"ts":279112,"c1":{"x":252,"y":-584,"vitesse":0,"dist_cm":63}}
✅ JSON détecté sur FABLAB_21_22/RADAR/salle104. Champs numériques extraits: 6
⏳ Ignoré (throttle): FABLAB_21_22/RADAR/salle104/nb, dernier insert il y a 11s
⏳ Ignoré (throttle): FABLAB_21_22/RADAR/salle104/presence, dernier insert il y a 11s
⏳ Ignoré (throttle): FABLAB_21_22/RADAR/salle104/c1_x, dernier insert il y a 56s
⏳ Ignoré (throttle): FABLAB_21_22/RADAR/salle104/c1_y, dernier insert il y a 56s
⏳ Ignoré (throttle): FABLAB_21_22/RADAR/salle104/c1_vitesse, dernier insert il y a 56s
⏳ Ignoré (throttle): FABLAB_21_22/RADAR/salle104/c1_dist_cm, dernier insert il y a 53s
🔔 Message MQTT [FABLAB_21_22/RADAR/salle104] : {"nb":1,"presence":true,"ts":282112,"c1":{"x":221,"y":-400,"vitesse":0,"dist_cm":45}}
✅ JSON détecté sur FABLAB_21_22/RADAR/salle104. Champs numériques extraits: 6
⏳ Ignoré (throttle): FABLAB_21_22/RADAR/salle104/nb, dernier insert il y a 14s
⏳ Ignoré (throttle): FABLAB_21_22/RADAR/salle104/presence, dernier insert il y a 14s
💾 Sauvé: FABLAB_21_22/RADAR/salle104/c1_x = 221.0
💾 Sauvé: FABLAB_21_22/RADAR/salle104/c1_y = -400.0
💾 Sauvé: FABLAB_21_22/RADAR/salle104/c1_vitesse = 0.0
⏳ Ignoré (throttle): FABLAB_21_22/RADAR/salle104/c1_dist_cm, dernier insert il y a 57s
🔔 Message MQTT [FABLAB_21_22/RADAR/salle104] : {"nb":1,"presence":true,"ts":285112,"c1":{"x":386,"y":-509,"vitesse":8,"dist_cm":63}}
✅ JSON détecté sur FABLAB_21_22/RADAR/salle104. Champs numériques extraits: 6
⏳ Ignoré (throttle): FABLAB_21_22/RADAR/salle104/nb, dernier insert il y a 17s
⏳ Ignoré (throttle): FABLAB_21_22/RADAR/salle104/presence, dernier insert il y a 17s
⏳ Ignoré (throttle): FABLAB_21_22/RADAR/salle104/c1_x, dernier insert il y a 2s
⏳ Ignoré (throttle): FABLAB_21_22/RADAR/salle104/c1_y, dernier insert il y a 2s
⏳ Ignoré (throttle): FABLAB_21_22/RADAR/salle104/c1_vitesse, dernier insert il y a 2s
⏳ Ignoré (throttle): FABLAB_21_22/RADAR/salle104/c1_dist_cm, dernier insert il y a 59s
🔔 Message MQTT [FABLAB_21_22/RADAR/salle104] : {"nb":0,"presence":false,"ts":288112}
✅ JSON détecté sur FABLAB_21_22/RADAR/salle104. Champs numériques extraits: 2
⏳ Ignoré (throttle): FABLAB_21_22/RADAR/salle104/nb, dernier insert il y a 20s
⏳ Ignoré (throttle): FABLAB_21_22/RADAR/salle104/presence, dernier insert il y a 20s
🔔 Message MQTT [FABLAB_21_22/RADAR/salle104] : {"nb":0,"presence":false,"ts":291112}
✅ JSON détecté sur FABLAB_21_22/RADAR/salle104. Champs numériques extraits: 2
⏳ Ignoré (throttle): FABLAB_21_22/RADAR/salle104/nb, dernier insert il y a 23s
⏳ Ignoré (throttle): FABLAB_21_22/RADAR/salle104/presence, dernier insert il y a 23s
🔔 Message MQTT [FABLAB_21_22/RADAR/salle104] : {"nb":1,"presence":true,"ts":294112,"c1":{"x":589,"y":-700,"vitesse":0,"dist_cm":91}}
✅ JSON détecté sur FABLAB_21_22/RADAR/salle104. Champs numériques extraits: 6
⏳ Ignoré (throttle): FABLAB_21_22/RADAR/salle104/nb, dernier insert il y a 26s
⏳ Ignoré (throttle): FABLAB_21_22/RADAR/salle104/presence, dernier insert il y a 26s
⏳ Ignoré (throttle): FABLAB_21_22/RADAR/salle104/c1_x, dernier insert il y a 11s
⏳ Ignoré (throttle): FABLAB_21_22/RADAR/salle104/c1_y, dernier insert il y a 11s
⏳ Ignoré (throttle): FABLAB_21_22/RADAR/salle104/c1_vitesse, dernier insert il y a 11s
💾 Sauvé: FABLAB_21_22/RADAR/salle104/c1_dist_cm = 91.0
🔔 Message MQTT [FABLAB_21_22/RADAR/salle104] : {"nb":1,"presence":true,"ts":297112,"c1":{"x":682,"y":-779,"vitesse":16,"dist_cm":103}}
✅ JSON détecté sur FABLAB_21_22/RADAR/salle104. Champs numériques extraits: 6
⏳ Ignoré (throttle): FABLAB_21_22/RADAR/salle104/nb, dernier insert il y a 29s
⏳ Ignoré (throttle): FABLAB_21_22/RADAR/salle104/presence, dernier insert il y a 29s
⏳ Ignoré (throttle): FABLAB_21_22/RADAR/salle104/c1_x, dernier insert il y a 14s
⏳ Ignoré (throttle): FABLAB_21_22/RADAR/salle104/c1_y, dernier insert il y a 14s
⏳ Ignoré (throttle): FABLAB_21_22/RADAR/salle104/c1_vitesse, dernier insert il y a 14s
⏳ Ignoré (throttle): FABLAB_21_22/RADAR/salle104/c1_dist_cm, dernier insert il y a 3s
🔔 Message MQTT [FABLAB_21_22/RADAR/salle104] : {"nb":1,"presence":true,"ts":300112,"c1":{"x":904,"y":-1125,"vitesse":8,"dist_cm":144}}
✅ JSON détecté sur FABLAB_21_22/RADAR/salle104. Champs numériques extraits: 6
⏳ Ignoré (throttle): FABLAB_21_22/RADAR/salle104/nb, dernier insert il y a 32s
⏳ Ignoré (throttle): FABLAB_21_22/RADAR/salle104/presence, dernier insert il y a 32s
⏳ Ignoré (throttle): FABLAB_21_22/RADAR/salle104/c1_x, dernier insert il y a 17s
⏳ Ignoré (throttle): FABLAB_21_22/RADAR/salle104/c1_y, dernier insert il y a 17s
⏳ Ignoré (throttle): FABLAB_21_22/RADAR/salle104/c1_vitesse, dernier insert il y a 17s
⏳ Ignoré (throttle): FABLAB_21_22/RADAR/salle104/c1_dist_cm, dernier insert il y a 6s
🔔 Message MQTT [FABLAB_21_22/RADAR/salle104] : {"nb":1,"presence":true,"ts":303112,"c1":{"x":504,"y":-742,"vitesse":0,"dist_cm":89}}
✅ JSON détecté sur FABLAB_21_22/RADAR/salle104. Champs numériques extraits: 6
⏳ Ignoré (throttle): FABLAB_21_22/RADAR/salle104/nb, dernier insert il y a 35s
⏳ Ignoré (throttle): FABLAB_21_22/RADAR/salle104/presence, dernier insert il y a 35s
⏳ Ignoré (throttle): FABLAB_21_22/RADAR/salle104/c1_x, dernier insert il y a 20s
⏳ Ignoré (throttle): FABLAB_21_22/RADAR/salle104/c1_y, dernier insert il y a 20s
⏳ Ignoré (throttle): FABLAB_21_22/RADAR/salle104/c1_vitesse, dernier insert il y a 20s
⏳ Ignoré (throttle): FABLAB_21_22/RADAR/salle104/c1_dist_cm, dernier insert il y a 8s
🔔 Message MQTT [FABLAB_21_22/RADAR/salle104] : {"nb":2,"presence":true,"ts":306112,"c1":{"x":-389,"y":-752,"vitesse":0,"dist_cm":84},"c2":{"x":612,"y":-692,"vitesse":8,"dist_cm":92}}
✅ JSON détecté sur FABLAB_21_22/RADAR/salle104. Champs numériques extraits: 10
⏳ Ignoré (throttle): FABLAB_21_22/RADAR/salle104/nb, dernier insert il y a 38s
⏳ Ignoré (throttle): FABLAB_21_22/RADAR/salle104/presence, dernier insert il y a 38s
⏳ Ignoré (throttle): FABLAB_21_22/RADAR/salle104/c1_x, dernier insert il y a 23s
⏳ Ignoré (throttle): FABLAB_21_22/RADAR/salle104/c1_y, dernier insert il y a 23s
⏳ Ignoré (throttle): FABLAB_21_22/RADAR/salle104/c1_vitesse, dernier insert il y a 23s
⏳ Ignoré (throttle): FABLAB_21_22/RADAR/salle104/c1_dist_cm, dernier insert il y a 12s
💾 Sauvé: FABLAB_21_22/RADAR/salle104/c2_x = 612.0
💾 Sauvé: FABLAB_21_22/RADAR/salle104/c2_y = -692.0
💾 Sauvé: FABLAB_21_22/RADAR/salle104/c2_vitesse = 8.0
💾 Sauvé: FABLAB_21_22/RADAR/salle104/c2_dist_cm = 92.0
🔔 Message MQTT [FABLAB_21_22/RADAR/salle104] : {"nb":2,"presence":true,"ts":309112,"c1":{"x":-572,"y":-501,"vitesse":0,"dist_cm":76},"c2":{"x":697,"y":-545,"vitesse":0,"dist_cm":88}}
✅ JSON détecté sur FABLAB_21_22/RADAR/salle104. Champs numériques extraits: 10
⏳ Ignoré (throttle): FABLAB_21_22/RADAR/salle104/nb, dernier insert il y a 41s
⏳ Ignoré (throttle): FABLAB_21_22/RADAR/salle104/presence, dernier insert il y a 41s
⏳ Ignoré (throttle): FABLAB_21_22/RADAR/salle104/c1_x, dernier insert il y a 26s
⏳ Ignoré (throttle): FABLAB_21_22/RADAR/salle104/c1_y, dernier insert il y a 26s
⏳ Ignoré (throttle): FABLAB_21_22/RADAR/salle104/c1_vitesse, dernier insert il y a 26s
⏳ Ignoré (throttle): FABLAB_21_22/RADAR/salle104/c1_dist_cm, dernier insert il y a 15s
⏳ Ignoré (throttle): FABLAB_21_22/RADAR/salle104/c2_x, dernier insert il y a 3s
⏳ Ignoré (throttle): FABLAB_21_22/RADAR/salle104/c2_y, dernier insert il y a 2s
⏳ Ignoré (throttle): FABLAB_21_22/RADAR/salle104/c2_vitesse, dernier insert il y a 2s
⏳ Ignoré (throttle): FABLAB_21_22/RADAR/salle104/c2_dist_cm, dernier insert il y a 2s
🔔 Message MQTT [FABLAB_21_22/RADAR/salle104] : {"nb":2,"presence":true,"ts":312112,"c1":{"x":-157,"y":-473,"vitesse":-8,"dist_cm":49},"c2":{"x":605,"y":-588,"vitesse":0,"dist_cm":84}}
✅ JSON détecté sur FABLAB_21_22/RADAR/salle104. Champs numériques extraits: 10
⏳ Ignoré (throttle): FABLAB_21_22/RADAR/salle104/nb, dernier insert il y a 44s
⏳ Ignoré (throttle): FABLAB_21_22/RADAR/salle104/presence, dernier insert il y a 44s
⏳ Ignoré (throttle): FABLAB_21_22/RADAR/salle104/c1_x, dernier insert il y a 29s
⏳ Ignoré (throttle): FABLAB_21_22/RADAR/salle104/c1_y, dernier insert il y a 29s
⏳ Ignoré (throttle): FABLAB_21_22/RADAR/salle104/c1_vitesse, dernier insert il y a 29s
⏳ Ignoré (throttle): FABLAB_21_22/RADAR/salle104/c1_dist_cm, dernier insert il y a 18s
⏳ Ignoré (throttle): FABLAB_21_22/RADAR/salle104/c2_x, dernier insert il y a 5s
⏳ Ignoré (throttle): FABLAB_21_22/RADAR/salle104/c2_y, dernier insert il y a 5s
⏳ Ignoré (throttle): FABLAB_21_22/RADAR/salle104/c2_vitesse, dernier insert il y a 5s
⏳ Ignoré (throttle): FABLAB_21_22/RADAR/salle104/c2_dist_cm, dernier insert il y a 5s
🔔 Message MQTT [FABLAB_21_22/RADAR/salle104] : {"nb":2,"presence":true,"ts":315112,"c1":{"x":-103,"y":-456,"vitesse":0,"dist_cm":46},"c2":{"x":614,"y":-632,"vitesse":0,"dist_cm":88}}
✅ JSON détecté sur FABLAB_21_22/RADAR/salle104. Champs numériques extraits: 10
⏳ Ignoré (throttle): FABLAB_21_22/RADAR/salle104/nb, dernier insert il y a 47s
⏳ Ignoré (throttle): FABLAB_21_22/RADAR/salle104/presence, dernier insert il y a 47s
⏳ Ignoré (throttle): FABLAB_21_22/RADAR/salle104/c1_x, dernier insert il y a 32s
⏳ Ignoré (throttle): FABLAB_21_22/RADAR/salle104/c1_y, dernier insert il y a 32s
⏳ Ignoré (throttle): FABLAB_21_22/RADAR/salle104/c1_vitesse, dernier insert il y a 32s
⏳ Ignoré (throttle): FABLAB_21_22/RADAR/salle104/c1_dist_cm, dernier insert il y a 21s
⏳ Ignoré (throttle): FABLAB_21_22/RADAR/salle104/c2_x, dernier insert il y a 9s
⏳ Ignoré (throttle): FABLAB_21_22/RADAR/salle104/c2_y, dernier insert il y a 8s
⏳ Ignoré (throttle): FABLAB_21_22/RADAR/salle104/c2_vitesse, dernier insert il y a 8s
⏳ Ignoré (throttle): FABLAB_21_22/RADAR/salle104/c2_dist_cm, dernier insert il y a 8s
🔔 Message MQTT [FABLAB_21_22/RADAR/salle104] : {"nb":1,"presence":true,"ts":318112,"c1":{"x":290,"y":-661,"vitesse":0,"dist_cm":72}}
✅ JSON détecté sur FABLAB_21_22/RADAR/salle104. Champs numériques extraits: 6
⏳ Ignoré (throttle): FABLAB_21_22/RADAR/salle104/nb, dernier insert il y a 50s
⏳ Ignoré (throttle): FABLAB_21_22/RADAR/salle104/presence, dernier insert il y a 50s
⏳ Ignoré (throttle): FABLAB_21_22/RADAR/salle104/c1_x, dernier insert il y a 35s
⏳ Ignoré (throttle): FABLAB_21_22/RADAR/salle104/c1_y, dernier insert il y a 35s
⏳ Ignoré (throttle): FABLAB_21_22/RADAR/salle104/c1_vitesse, dernier insert il y a 35s
⏳ Ignoré (throttle): FABLAB_21_22/RADAR/salle104/c1_dist_cm, dernier insert il y a 24s
🔔 Message MQTT [FABLAB_21_22/RADAR/salle104] : {"nb":1,"presence":true,"ts":321112,"c1":{"x":441,"y":-503,"vitesse":8,"dist_cm":66}}
✅ JSON détecté sur FABLAB_21_22/RADAR/salle104. Champs numériques extraits: 6
⏳ Ignoré (throttle): FABLAB_21_22/RADAR/salle104/nb, dernier insert il y a 53s
⏳ Ignoré (throttle): FABLAB_21_22/RADAR/salle104/presence, dernier insert il y a 53s
⏳ Ignoré (throttle): FABLAB_21_22/RADAR/salle104/c1_x, dernier insert il y a 38s
⏳ Ignoré (throttle): FABLAB_21_22/RADAR/salle104/c1_y, dernier insert il y a 38s
⏳ Ignoré (throttle): FABLAB_21_22/RADAR/salle104/c1_vitesse, dernier insert il y a 38s
⏳ Ignoré (throttle): FABLAB_21_22/RADAR/salle104/c1_dist_cm, dernier insert il y a 27s
🔔 Message MQTT [FABLAB_21_22/RADAR/salle104] : {"nb":1,"presence":true,"ts":324112,"c1":{"x":455,"y":-560,"vitesse":0,"dist_cm":72}}
✅ JSON détecté sur FABLAB_21_22/RADAR/salle104. Champs numériques extraits: 6
⏳ Ignoré (throttle): FABLAB_21_22/RADAR/salle104/nb, dernier insert il y a 56s
⏳ Ignoré (throttle): FABLAB_21_22/RADAR/salle104/presence, dernier insert il y a 56s
⏳ Ignoré (throttle): FABLAB_21_22/RADAR/salle104/c1_x, dernier insert il y a 41s
⏳ Ignoré (throttle): FABLAB_21_22/RADAR/salle104/c1_y, dernier insert il y a 41s
⏳ Ignoré (throttle): FABLAB_21_22/RADAR/salle104/c1_vitesse, dernier insert il y a 41s
⏳ Ignoré (throttle): FABLAB_21_22/RADAR/salle104/c1_dist_cm, dernier insert il y a 29s
🔔 Message MQTT [FABLAB_21_22/RADAR/salle104] : {"nb":1,"presence":true,"ts":327112,"c1":{"x":23,"y":-624,"vitesse":8,"dist_cm":62}}
✅ JSON détecté sur FABLAB_21_22/RADAR/salle104. Champs numériques extraits: 6
💾 Sauvé: FABLAB_21_22/RADAR/salle104/nb = 1.0
💾 Sauvé: FABLAB_21_22/RADAR/salle104/presence = 1.0
⏳ Ignoré (throttle): FABLAB_21_22/RADAR/salle104/c1_x, dernier insert il y a 45s
⏳ Ignoré (throttle): FABLAB_21_22/RADAR/salle104/c1_y, dernier insert il y a 45s
⏳ Ignoré (throttle): FABLAB_21_22/RADAR/salle104/c1_vitesse, dernier insert il y a 44s
⏳ Ignoré (throttle): FABLAB_21_22/RADAR/salle104/c1_dist_cm, dernier insert il y a 33s
🔔 Message MQTT [FABLAB_21_22/RADAR/salle104] : {"nb":1,"presence":true,"ts":330112,"c1":{"x":-46,"y":-539,"vitesse":0,"dist_cm":54}}
✅ JSON détecté sur FABLAB_21_22/RADAR/salle104. Champs numériques extraits: 6
⏳ Ignoré (throttle): FABLAB_21_22/RADAR/salle104/nb, dernier insert il y a 2s
⏳ Ignoré (throttle): FABLAB_21_22/RADAR/salle104/presence, dernier insert il y a 2s
⏳ Ignoré (throttle): FABLAB_21_22/RADAR/salle104/c1_x, dernier insert il y a 47s
⏳ Ignoré (throttle): FABLAB_21_22/RADAR/salle104/c1_y, dernier insert il y a 47s
⏳ Ignoré (throttle): FABLAB_21_22/RADAR/salle104/c1_vitesse, dernier insert il y a 47s
⏳ Ignoré (throttle): FABLAB_21_22/RADAR/salle104/c1_dist_cm, dernier insert il y a 36s
🔔 Message MQTT [FABLAB_21_22/RADAR/salle104] : {"nb":1,"presence":true,"ts":333112,"c1":{"x":-22,"y":-865,"vitesse":0,"dist_cm":86}}
✅ JSON détecté sur FABLAB_21_22/RADAR/salle104. Champs numériques extraits: 6
⏳ Ignoré (throttle): FABLAB_21_22/RADAR/salle104/nb, dernier insert il y a 5s
⏳ Ignoré (throttle): FABLAB_21_22/RADAR/salle104/presence, dernier insert il y a 5s
⏳ Ignoré (throttle): FABLAB_21_22/RADAR/salle104/c1_x, dernier insert il y a 50s
⏳ Ignoré (throttle): FABLAB_21_22/RADAR/salle104/c1_y, dernier insert il y a 50s
⏳ Ignoré (throttle): FABLAB_21_22/RADAR/salle104/c1_vitesse, dernier insert il y a 50s
⏳ Ignoré (throttle): FABLAB_21_22/RADAR/salle104/c1_dist_cm, dernier insert il y a 39s
🔔 Message MQTT [FABLAB_21_22/RADAR/salle104] : {"nb":1,"presence":true,"ts":336112,"c1":{"x":-121,"y":-777,"vitesse":0,"dist_cm":78}}
✅ JSON détecté sur FABLAB_21_22/RADAR/salle104. Champs numériques extraits: 6
⏳ Ignoré (throttle): FABLAB_21_22/RADAR/salle104/nb, dernier insert il y a 8s
⏳ Ignoré (throttle): FABLAB_21_22/RADAR/salle104/presence, dernier insert il y a 8s
⏳ Ignoré (throttle): FABLAB_21_22/RADAR/salle104/c1_x, dernier insert il y a 53s
⏳ Ignoré (throttle): FABLAB_21_22/RADAR/salle104/c1_y, dernier insert il y a 53s
⏳ Ignoré (throttle): FABLAB_21_22/RADAR/salle104/c1_vitesse, dernier insert il y a 53s
⏳ Ignoré (throttle): FABLAB_21_22/RADAR/salle104/c1_dist_cm, dernier insert il y a 42s
🔔 Message MQTT [FABLAB_21_22/RADAR/salle104] : {"nb":1,"presence":true,"ts":339112,"c1":{"x":-98,"y":-623,"vitesse":0,"dist_cm":63}}
✅ JSON détecté sur FABLAB_21_22/RADAR/salle104. Champs numériques extraits: 6
⏳ Ignoré (throttle): FABLAB_21_22/RADAR/salle104/nb, dernier insert il y a 11s
⏳ Ignoré (throttle): FABLAB_21_22/RADAR/salle104/presence, dernier insert il y a 11s
⏳ Ignoré (throttle): FABLAB_21_22/RADAR/salle104/c1_x, dernier insert il y a 56s
⏳ Ignoré (throttle): FABLAB_21_22/RADAR/salle104/c1_y, dernier insert il y a 56s
⏳ Ignoré (throttle): FABLAB_21_22/RADAR/salle104/c1_vitesse, dernier insert il y a 56s
⏳ Ignoré (throttle): FABLAB_21_22/RADAR/salle104/c1_dist_cm, dernier insert il y a 44s
🔔 Message MQTT [FABLAB_21_22/RADAR/salle104] : {"nb":1,"presence":true,"ts":342112,"c1":{"x":-51,"y":-465,"vitesse":-16,"dist_cm":46}}
✅ JSON détecté sur FABLAB_21_22/RADAR/salle104. Champs numériques extraits: 6
⏳ Ignoré (throttle): FABLAB_21_22/RADAR/salle104/nb, dernier insert il y a 14s
⏳ Ignoré (throttle): FABLAB_21_22/RADAR/salle104/presence, dernier insert il y a 14s
⏳ Ignoré (throttle): FABLAB_21_22/RADAR/salle104/c1_x, dernier insert il y a 59s
⏳ Ignoré (throttle): FABLAB_21_22/RADAR/salle104/c1_y, dernier insert il y a 59s
⏳ Ignoré (throttle): FABLAB_21_22/RADAR/salle104/c1_vitesse, dernier insert il y a 59s
⏳ Ignoré (throttle): FABLAB_21_22/RADAR/salle104/c1_dist_cm, dernier insert il y a 48s
🔔 Message MQTT [FABLAB_21_22/RADAR/salle104] : {"nb":1,"presence":true,"ts":345112,"c1":{"x":-72,"y":-493,"vitesse":-32,"dist_cm":49}}
✅ JSON détecté sur FABLAB_21_22/RADAR/salle104. Champs numériques extraits: 6
⏳ Ignoré (throttle): FABLAB_21_22/RADAR/salle104/nb, dernier insert il y a 17s
⏳ Ignoré (throttle): FABLAB_21_22/RADAR/salle104/presence, dernier insert il y a 17s
💾 Sauvé: FABLAB_21_22/RADAR/salle104/c1_x = -72.0
💾 Sauvé: FABLAB_21_22/RADAR/salle104/c1_y = -493.0
💾 Sauvé: FABLAB_21_22/RADAR/salle104/c1_vitesse = -32.0
⏳ Ignoré (throttle): FABLAB_21_22/RADAR/salle104/c1_dist_cm, dernier insert il y a 51s
🔔 Message MQTT [FABLAB_21_22/RADAR/salle104] : {"nb":1,"presence":true,"ts":348112,"c1":{"x":609,"y":-893,"vitesse":-8,"dist_cm":108}}
✅ JSON détecté sur FABLAB_21_22/RADAR/salle104. Champs numériques extraits: 6
⏳ Ignoré (throttle): FABLAB_21_22/RADAR/salle104/nb, dernier insert il y a 20s
⏳ Ignoré (throttle): FABLAB_21_22/RADAR/salle104/presence, dernier insert il y a 20s
⏳ Ignoré (throttle): FABLAB_21_22/RADAR/salle104/c1_x, dernier insert il y a 3s
⏳ Ignoré (throttle): FABLAB_21_22/RADAR/salle104/c1_y, dernier insert il y a 2s
⏳ Ignoré (throttle): FABLAB_21_22/RADAR/salle104/c1_vitesse, dernier insert il y a 2s
⏳ Ignoré (throttle): FABLAB_21_22/RADAR/salle104/c1_dist_cm, dernier insert il y a 54s
🔔 Message MQTT [FABLAB_21_22/RADAR/salle104] : {"nb":1,"presence":true,"ts":351112,"c1":{"x":-4,"y":-322,"vitesse":0,"dist_cm":32}}
✅ JSON détecté sur FABLAB_21_22/RADAR/salle104. Champs numériques extraits: 6
⏳ Ignoré (throttle): FABLAB_21_22/RADAR/salle104/nb, dernier insert il y a 23s
⏳ Ignoré (throttle): FABLAB_21_22/RADAR/salle104/presence, dernier insert il y a 23s
⏳ Ignoré (throttle): FABLAB_21_22/RADAR/salle104/c1_x, dernier insert il y a 6s
⏳ Ignoré (throttle): FABLAB_21_22/RADAR/salle104/c1_y, dernier insert il y a 5s
⏳ Ignoré (throttle): FABLAB_21_22/RADAR/salle104/c1_vitesse, dernier insert il y a 5s
⏳ Ignoré (throttle): FABLAB_21_22/RADAR/salle104/c1_dist_cm, dernier insert il y a 57s
🔔 Message MQTT [FABLAB_21_22/RADAR/salle104] : {"nb":1,"presence":true,"ts":354112,"c1":{"x":-71,"y":-295,"vitesse":0,"dist_cm":30}}
✅ JSON détecté sur FABLAB_21_22/RADAR/salle104. Champs numériques extraits: 6
⏳ Ignoré (throttle): FABLAB_21_22/RADAR/salle104/nb, dernier insert il y a 26s
⏳ Ignoré (throttle): FABLAB_21_22/RADAR/salle104/presence, dernier insert il y a 26s
⏳ Ignoré (throttle): FABLAB_21_22/RADAR/salle104/c1_x, dernier insert il y a 9s
⏳ Ignoré (throttle): FABLAB_21_22/RADAR/salle104/c1_y, dernier insert il y a 8s
⏳ Ignoré (throttle): FABLAB_21_22/RADAR/salle104/c1_vitesse, dernier insert il y a 8s
💾 Sauvé: FABLAB_21_22/RADAR/salle104/c1_dist_cm = 30.0
🔔 Message MQTT [FABLAB_21_22/RADAR/salle104] : {"nb":0,"presence":false,"ts":357112}
✅ JSON détecté sur FABLAB_21_22/RADAR/salle104. Champs numériques extraits: 2
⏳ Ignoré (throttle): FABLAB_21_22/RADAR/salle104/nb, dernier insert il y a 29s
⏳ Ignoré (throttle): FABLAB_21_22/RADAR/salle104/presence, dernier insert il y a 29s
🔔 Message MQTT [FABLAB_21_22/RADAR/salle104] : {"nb":0,"presence":false,"ts":360112}
✅ JSON détecté sur FABLAB_21_22/RADAR/salle104. Champs numériques extraits: 2
⏳ Ignoré (throttle): FABLAB_21_22/RADAR/salle104/nb, dernier insert il y a 32s
⏳ Ignoré (throttle): FABLAB_21_22/RADAR/salle104/presence, dernier insert il y a 32s
🔔 Message MQTT [FABLAB_21_22/RADAR/salle104] : {"nb":0,"presence":false,"ts":363112}
✅ JSON détecté sur FABLAB_21_22/RADAR/salle104. Champs numériques extraits: 2
⏳ Ignoré (throttle): FABLAB_21_22/RADAR/salle104/nb, dernier insert il y a 35s
⏳ Ignoré (throttle): FABLAB_21_22/RADAR/salle104/presence, dernier insert il y a 35s
🔔 Message MQTT [FABLAB_21_22/RADAR/salle104] : {"nb":1,"presence":true,"ts":366112,"c1":{"x":-228,"y":-461,"vitesse":0,"dist_cm":51}}
✅ JSON détecté sur FABLAB_21_22/RADAR/salle104. Champs numériques extraits: 6
⏳ Ignoré (throttle): FABLAB_21_22/RADAR/salle104/nb, dernier insert il y a 38s
⏳ Ignoré (throttle): FABLAB_21_22/RADAR/salle104/presence, dernier insert il y a 38s
⏳ Ignoré (throttle): FABLAB_21_22/RADAR/salle104/c1_x, dernier insert il y a 21s
⏳ Ignoré (throttle): FABLAB_21_22/RADAR/salle104/c1_y, dernier insert il y a 20s
⏳ Ignoré (throttle): FABLAB_21_22/RADAR/salle104/c1_vitesse, dernier insert il y a 20s
⏳ Ignoré (throttle): FABLAB_21_22/RADAR/salle104/c1_dist_cm, dernier insert il y a 12s
🔔 Message MQTT [FABLAB_21_22/RADAR/salle104] : {"nb":2,"presence":true,"ts":369112,"c1":{"x":-136,"y":-338,"vitesse":16,"dist_cm":36},"c2":{"x":770,"y":-927,"vitesse":8,"dist_cm":120}}
✅ JSON détecté sur FABLAB_21_22/RADAR/salle104. Champs numériques extraits: 10
⏳ Ignoré (throttle): FABLAB_21_22/RADAR/salle104/nb, dernier insert il y a 41s
⏳ Ignoré (throttle): FABLAB_21_22/RADAR/salle104/presence, dernier insert il y a 41s
⏳ Ignoré (throttle): FABLAB_21_22/RADAR/salle104/c1_x, dernier insert il y a 24s
⏳ Ignoré (throttle): FABLAB_21_22/RADAR/salle104/c1_y, dernier insert il y a 23s
⏳ Ignoré (throttle): FABLAB_21_22/RADAR/salle104/c1_vitesse, dernier insert il y a 23s
⏳ Ignoré (throttle): FABLAB_21_22/RADAR/salle104/c1_dist_cm, dernier insert il y a 15s
💾 Sauvé: FABLAB_21_22/RADAR/salle104/c2_x = 770.0
💾 Sauvé: FABLAB_21_22/RADAR/salle104/c2_y = -927.0
💾 Sauvé: FABLAB_21_22/RADAR/salle104/c2_vitesse = 8.0
💾 Sauvé: FABLAB_21_22/RADAR/salle104/c2_dist_cm = 120.0
🔔 Message MQTT [FABLAB_21_22/RADAR/salle104] : {"nb":2,"presence":true,"ts":372112,"c1":{"x":-110,"y":-284,"vitesse":8,"dist_cm":30},"c2":{"x":1358,"y":-990,"vitesse":-96,"dist_cm":168}}
✅ JSON détecté sur FABLAB_21_22/RADAR/salle104. Champs numériques extraits: 10
⏳ Ignoré (throttle): FABLAB_21_22/RADAR/salle104/nb, dernier insert il y a 44s
⏳ Ignoré (throttle): FABLAB_21_22/RADAR/salle104/presence, dernier insert il y a 44s
⏳ Ignoré (throttle): FABLAB_21_22/RADAR/salle104/c1_x, dernier insert il y a 27s
⏳ Ignoré (throttle): FABLAB_21_22/RADAR/salle104/c1_y, dernier insert il y a 26s
⏳ Ignoré (throttle): FABLAB_21_22/RADAR/salle104/c1_vitesse, dernier insert il y a 26s
⏳ Ignoré (throttle): FABLAB_21_22/RADAR/salle104/c1_dist_cm, dernier insert il y a 17s
⏳ Ignoré (throttle): FABLAB_21_22/RADAR/salle104/c2_x, dernier insert il y a 2s
⏳ Ignoré (throttle): FABLAB_21_22/RADAR/salle104/c2_y, dernier insert il y a 2s
⏳ Ignoré (throttle): FABLAB_21_22/RADAR/salle104/c2_vitesse, dernier insert il y a 2s
⏳ Ignoré (throttle): FABLAB_21_22/RADAR/salle104/c2_dist_cm, dernier insert il y a 2s
🔔 Message MQTT [FABLAB_21_22/RADAR/salle104] : {"nb":1,"presence":true,"ts":375112,"c2":{"x":1231,"y":-1237,"vitesse":0,"dist_cm":174}}
✅ JSON détecté sur FABLAB_21_22/RADAR/salle104. Champs numériques extraits: 6
⏳ Ignoré (throttle): FABLAB_21_22/RADAR/salle104/nb, dernier insert il y a 47s
⏳ Ignoré (throttle): FABLAB_21_22/RADAR/salle104/presence, dernier insert il y a 47s
⏳ Ignoré (throttle): FABLAB_21_22/RADAR/salle104/c2_x, dernier insert il y a 5s
⏳ Ignoré (throttle): FABLAB_21_22/RADAR/salle104/c2_y, dernier insert il y a 5s
⏳ Ignoré (throttle): FABLAB_21_22/RADAR/salle104/c2_vitesse, dernier insert il y a 5s
⏳ Ignoré (throttle): FABLAB_21_22/RADAR/salle104/c2_dist_cm, dernier insert il y a 5s
🔔 Message MQTT [FABLAB_21_22/RADAR/salle104] : {"nb":2,"presence":true,"ts":378112,"c1":{"x":-78,"y":-295,"vitesse":0,"dist_cm":30},"c2":{"x":1205,"y":-1101,"vitesse":0,"dist_cm":163}}
✅ JSON détecté sur FABLAB_21_22/RADAR/salle104. Champs numériques extraits: 10
⏳ Ignoré (throttle): FABLAB_21_22/RADAR/salle104/nb, dernier insert il y a 50s
⏳ Ignoré (throttle): FABLAB_21_22/RADAR/salle104/presence, dernier insert il y a 50s
⏳ Ignoré (throttle): FABLAB_21_22/RADAR/salle104/c1_x, dernier insert il y a 32s
⏳ Ignoré (throttle): FABLAB_21_22/RADAR/salle104/c1_y, dernier insert il y a 32s
⏳ Ignoré (throttle): FABLAB_21_22/RADAR/salle104/c1_vitesse, dernier insert il y a 32s
⏳ Ignoré (throttle): FABLAB_21_22/RADAR/salle104/c1_dist_cm, dernier insert il y a 23s
⏳ Ignoré (throttle): FABLAB_21_22/RADAR/salle104/c2_x, dernier insert il y a 8s
⏳ Ignoré (throttle): FABLAB_21_22/RADAR/salle104/c2_y, dernier insert il y a 8s
⏳ Ignoré (throttle): FABLAB_21_22/RADAR/salle104/c2_vitesse, dernier insert il y a 8s
⏳ Ignoré (throttle): FABLAB_21_22/RADAR/salle104/c2_dist_cm, dernier insert il y a 8s
🔔 Message MQTT [FABLAB_21_22/RADAR/salle104] : {"nb":1,"presence":true,"ts":381112,"c2":{"x":1264,"y":-1323,"vitesse":0,"dist_cm":182}}
✅ JSON détecté sur FABLAB_21_22/RADAR/salle104. Champs numériques extraits: 6
⏳ Ignoré (throttle): FABLAB_21_22/RADAR/salle104/nb, dernier insert il y a 53s
⏳ Ignoré (throttle): FABLAB_21_22/RADAR/salle104/presence, dernier insert il y a 53s
⏳ Ignoré (throttle): FABLAB_21_22/RADAR/salle104/c2_x, dernier insert il y a 11s
⏳ Ignoré (throttle): FABLAB_21_22/RADAR/salle104/c2_y, dernier insert il y a 11s
⏳ Ignoré (throttle): FABLAB_21_22/RADAR/salle104/c2_vitesse, dernier insert il y a 11s
⏳ Ignoré (throttle): FABLAB_21_22/RADAR/salle104/c2_dist_cm, dernier insert il y a 11s
🔔 Message MQTT [FABLAB_21_22/RADAR/salle104] : {"nb":1,"presence":true,"ts":384112,"c2":{"x":1268,"y":-1355,"vitesse":0,"dist_cm":185}}
✅ JSON détecté sur FABLAB_21_22/RADAR/salle104. Champs numériques extraits: 6
⏳ Ignoré (throttle): FABLAB_21_22/RADAR/salle104/nb, dernier insert il y a 56s
⏳ Ignoré (throttle): FABLAB_21_22/RADAR/salle104/presence, dernier insert il y a 56s
⏳ Ignoré (throttle): FABLAB_21_22/RADAR/salle104/c2_x, dernier insert il y a 14s
⏳ Ignoré (throttle): FABLAB_21_22/RADAR/salle104/c2_y, dernier insert il y a 14s
⏳ Ignoré (throttle): FABLAB_21_22/RADAR/salle104/c2_vitesse, dernier insert il y a 14s
⏳ Ignoré (throttle): FABLAB_21_22/RADAR/salle104/c2_dist_cm, dernier insert il y a 14s
🔔 Message MQTT [FABLAB_21_22/RADAR/salle104] : {"nb":1,"presence":true,"ts":387112,"c2":{"x":1270,"y":-1036,"vitesse":8,"dist_cm":163}}
✅ JSON détecté sur FABLAB_21_22/RADAR/salle104. Champs numériques extraits: 6
💾 Sauvé: FABLAB_21_22/RADAR/salle104/nb = 1.0
💾 Sauvé: FABLAB_21_22/RADAR/salle104/presence = 1.0
⏳ Ignoré (throttle): FABLAB_21_22/RADAR/salle104/c2_x, dernier insert il y a 18s
⏳ Ignoré (throttle): FABLAB_21_22/RADAR/salle104/c2_y, dernier insert il y a 18s
⏳ Ignoré (throttle): FABLAB_21_22/RADAR/salle104/c2_vitesse, dernier insert il y a 18s
⏳ Ignoré (throttle): FABLAB_21_22/RADAR/salle104/c2_dist_cm, dernier insert il y a 17s
🔔 Message MQTT [FABLAB_21_22/RADAR/salle104] : {"nb":1,"presence":true,"ts":390112,"c2":{"x":1271,"y":-1386,"vitesse":-8,"dist_cm":188}}
✅ JSON détecté sur FABLAB_21_22/RADAR/salle104. Champs numériques extraits: 6
⏳ Ignoré (throttle): FABLAB_21_22/RADAR/salle104/nb, dernier insert il y a 2s
⏳ Ignoré (throttle): FABLAB_21_22/RADAR/salle104/presence, dernier insert il y a 2s
⏳ Ignoré (throttle): FABLAB_21_22/RADAR/salle104/c2_x, dernier insert il y a 20s
⏳ Ignoré (throttle): FABLAB_21_22/RADAR/salle104/c2_y, dernier insert il y a 20s
⏳ Ignoré (throttle): FABLAB_21_22/RADAR/salle104/c2_vitesse, dernier insert il y a 20s
⏳ Ignoré (throttle): FABLAB_21_22/RADAR/salle104/c2_dist_cm, dernier insert il y a 20s
🔔 Message MQTT [FABLAB_21_22/RADAR/salle104] : {"nb":1,"presence":true,"ts":393112,"c2":{"x":1038,"y":-1297,"vitesse":0,"dist_cm":166}}
✅ JSON détecté sur FABLAB_21_22/RADAR/salle104. Champs numériques extraits: 6
⏳ Ignoré (throttle): FABLAB_21_22/RADAR/salle104/nb, dernier insert il y a 5s
⏳ Ignoré (throttle): FABLAB_21_22/RADAR/salle104/presence, dernier insert il y a 5s
⏳ Ignoré (throttle): FABLAB_21_22/RADAR/salle104/c2_x, dernier insert il y a 23s
⏳ Ignoré (throttle): FABLAB_21_22/RADAR/salle104/c2_y, dernier insert il y a 23s
⏳ Ignoré (throttle): FABLAB_21_22/RADAR/salle104/c2_vitesse, dernier insert il y a 23s
⏳ Ignoré (throttle): FABLAB_21_22/RADAR/salle104/c2_dist_cm, dernier insert il y a 23s
🔔 Message MQTT [FABLAB_21_22/RADAR/salle104] : {"nb":1,"presence":true,"ts":396112,"c2":{"x":1283,"y":-1295,"vitesse":8,"dist_cm":182}}
✅ JSON détecté sur FABLAB_21_22/RADAR/salle104. Champs numériques extraits: 6
⏳ Ignoré (throttle): FABLAB_21_22/RADAR/salle104/nb, dernier insert il y a 8s
⏳ Ignoré (throttle): FABLAB_21_22/RADAR/salle104/presence, dernier insert il y a 8s
⏳ Ignoré (throttle): FABLAB_21_22/RADAR/salle104/c2_x, dernier insert il y a 26s
⏳ Ignoré (throttle): FABLAB_21_22/RADAR/salle104/c2_y, dernier insert il y a 26s
⏳ Ignoré (throttle): FABLAB_21_22/RADAR/salle104/c2_vitesse, dernier insert il y a 26s
⏳ Ignoré (throttle): FABLAB_21_22/RADAR/salle104/c2_dist_cm, dernier insert il y a 26s
🔔 Message MQTT [FABLAB_21_22/tasmota/tele/tasmota_0725C0/STATE] : {"Time":"2026-05-05T13:59:09","Uptime":"5T06:05:13","UptimeSec":453913,"Heap":186,"SleepMode":"Dynamic","Sleep":50,"LoadAvg":19,"MqttCount":1,"Berry":{"HeapUsed":4,"Objects":55},"POWER":"ON","Wifi":{"AP":1,"SSId":"Fablab_104","BSSId":"40:ED:00:CD:4B:EB","Channel":6,"Mode":"HT20","RSSI":100,"Signal":-30,"LinkCount":1,"Downtime":"0T00:00:03"},"Hostname":"tasmota-0725C0-1472","IPAddress":"192.168.0.99"}
✅ JSON détecté sur FABLAB_21_22/tasmota/tele/tasmota_0725C0/STATE. Champs numériques extraits: 12
💾 Sauvé: FABLAB_21_22/tasmota/tele/tasmota_0725C0/STATE/uptimesec = 453913.0
💾 Sauvé: FABLAB_21_22/tasmota/tele/tasmota_0725C0/STATE/heap = 186.0
💾 Sauvé: FABLAB_21_22/tasmota/tele/tasmota_0725C0/STATE/sleep = 50.0
💾 Sauvé: FABLAB_21_22/tasmota/tele/tasmota_0725C0/STATE/loadavg = 19.0
💾 Sauvé: FABLAB_21_22/tasmota/tele/tasmota_0725C0/STATE/mqttcount = 1.0
💾 Sauvé: FABLAB_21_22/tasmota/tele/tasmota_0725C0/STATE/berry_heapused = 4.0
💾 Sauvé: FABLAB_21_22/tasmota/tele/tasmota_0725C0/STATE/berry_objects = 55.0
💾 Sauvé: FABLAB_21_22/tasmota/tele/tasmota_0725C0/STATE/wifi_ap = 1.0
💾 Sauvé: FABLAB_21_22/tasmota/tele/tasmota_0725C0/STATE/wifi_channel = 6.0
💾 Sauvé: FABLAB_21_22/tasmota/tele/tasmota_0725C0/STATE/wifi_rssi = 100.0
💾 Sauvé: FABLAB_21_22/tasmota/tele/tasmota_0725C0/STATE/wifi_signal = -30.0
💾 Sauvé: FABLAB_21_22/tasmota/tele/tasmota_0725C0/STATE/wifi_linkcount = 1.0
🔔 Message MQTT [FABLAB_21_22/tasmota/tele/tasmota_0725C0/SENSOR] : {"Time":"2026-05-05T13:59:09","ENERGY":{"TotalStartTime":"2026-04-01T07:18:43","Total":284.056,"Yesterday":0.000,"Today":2.834,"Period":43,"Power":2254,"ApparentPower":2254,"ReactivePower":0,"Factor":1.00,"Voltage":244,"Current":8.961}}
✅ JSON détecté sur FABLAB_21_22/tasmota/tele/tasmota_0725C0/SENSOR. Champs numériques extraits: 10
💾 Sauvé: FABLAB_21_22/tasmota/tele/tasmota_0725C0/SENSOR/energy_total = 284.056
💾 Sauvé: FABLAB_21_22/tasmota/tele/tasmota_0725C0/SENSOR/energy_yesterday = 0.0
💾 Sauvé: FABLAB_21_22/tasmota/tele/tasmota_0725C0/SENSOR/energy_today = 2.834
💾 Sauvé: FABLAB_21_22/tasmota/tele/tasmota_0725C0/SENSOR/energy_period = 43.0
💾 Sauvé: FABLAB_21_22/tasmota/tele/tasmota_0725C0/SENSOR/energy_power = 2254.0
💾 Sauvé: FABLAB_21_22/tasmota/tele/tasmota_0725C0/SENSOR/energy_apparentpower = 2254.0
💾 Sauvé: FABLAB_21_22/tasmota/tele/tasmota_0725C0/SENSOR/energy_reactivepower = 0.0
💾 Sauvé: FABLAB_21_22/tasmota/tele/tasmota_0725C0/SENSOR/energy_factor = 1.0
💾 Sauvé: FABLAB_21_22/tasmota/tele/tasmota_0725C0/SENSOR/energy_voltage = 244.0
💾 Sauvé: FABLAB_21_22/tasmota/tele/tasmota_0725C0/SENSOR/energy_current = 8.961
🔔 Message MQTT [FABLAB_21_22/RADAR/salle104] : {"nb":1,"presence":true,"ts":399112,"c2":{"x":1196,"y":-1216,"vitesse":-8,"dist_cm":170}}
✅ JSON détecté sur FABLAB_21_22/RADAR/salle104. Champs numériques extraits: 6
⏳ Ignoré (throttle): FABLAB_21_22/RADAR/salle104/nb, dernier insert il y a 15s
⏳ Ignoré (throttle): FABLAB_21_22/RADAR/salle104/presence, dernier insert il y a 15s
⏳ Ignoré (throttle): FABLAB_21_22/RADAR/salle104/c2_x, dernier insert il y a 33s
⏳ Ignoré (throttle): FABLAB_21_22/RADAR/salle104/c2_y, dernier insert il y a 33s
⏳ Ignoré (throttle): FABLAB_21_22/RADAR/salle104/c2_vitesse, dernier insert il y a 33s
⏳ Ignoré (throttle): FABLAB_21_22/RADAR/salle104/c2_dist_cm, dernier insert il y a 32s
🔔 Message MQTT [FABLAB_21_22/RADAR/salle104] : {"nb":1,"presence":true,"ts":402112,"c2":{"x":1066,"y":-1476,"vitesse":0,"dist_cm":182}}
✅ JSON détecté sur FABLAB_21_22/RADAR/salle104. Champs numériques extraits: 6
⏳ Ignoré (throttle): FABLAB_21_22/RADAR/salle104/nb, dernier insert il y a 15s
⏳ Ignoré (throttle): FABLAB_21_22/RADAR/salle104/presence, dernier insert il y a 15s
⏳ Ignoré (throttle): FABLAB_21_22/RADAR/salle104/c2_x, dernier insert il y a 33s
⏳ Ignoré (throttle): FABLAB_21_22/RADAR/salle104/c2_y, dernier insert il y a 33s
⏳ Ignoré (throttle): FABLAB_21_22/RADAR/salle104/c2_vitesse, dernier insert il y a 33s
⏳ Ignoré (throttle): FABLAB_21_22/RADAR/salle104/c2_dist_cm, dernier insert il y a 32s
🔔 Message MQTT [FABLAB_21_22/RADAR/salle104] : {"nb":1,"presence":true,"ts":405112,"c2":{"x":737,"y":-1519,"vitesse":0,"dist_cm":168}}
✅ JSON détecté sur FABLAB_21_22/RADAR/salle104. Champs numériques extraits: 6
⏳ Ignoré (throttle): FABLAB_21_22/RADAR/salle104/nb, dernier insert il y a 17s
⏳ Ignoré (throttle): FABLAB_21_22/RADAR/salle104/presence, dernier insert il y a 17s
⏳ Ignoré (throttle): FABLAB_21_22/RADAR/salle104/c2_x, dernier insert il y a 35s
⏳ Ignoré (throttle): FABLAB_21_22/RADAR/salle104/c2_y, dernier insert il y a 35s
⏳ Ignoré (throttle): FABLAB_21_22/RADAR/salle104/c2_vitesse, dernier insert il y a 35s
⏳ Ignoré (throttle): FABLAB_21_22/RADAR/salle104/c2_dist_cm, dernier insert il y a 35s
🔔 Message MQTT [FABLAB_21_22/RADAR/salle104] : {"nb":1,"presence":true,"ts":408112,"c2":{"x":999,"y":-1327,"vitesse":0,"dist_cm":166}}
✅ JSON détecté sur FABLAB_21_22/RADAR/salle104. Champs numériques extraits: 6
⏳ Ignoré (throttle): FABLAB_21_22/RADAR/salle104/nb, dernier insert il y a 20s
⏳ Ignoré (throttle): FABLAB_21_22/RADAR/salle104/presence, dernier insert il y a 20s
⏳ Ignoré (throttle): FABLAB_21_22/RADAR/salle104/c2_x, dernier insert il y a 38s
⏳ Ignoré (throttle): FABLAB_21_22/RADAR/salle104/c2_y, dernier insert il y a 38s
⏳ Ignoré (throttle): FABLAB_21_22/RADAR/salle104/c2_vitesse, dernier insert il y a 38s
⏳ Ignoré (throttle): FABLAB_21_22/RADAR/salle104/c2_dist_cm, dernier insert il y a 38s
🔔 Message MQTT [FABLAB_21_22/RADAR/salle104] : {"nb":2,"presence":true,"ts":411112,"c1":{"x":-120,"y":-458,"vitesse":8,"dist_cm":47},"c2":{"x":976,"y":-1080,"vitesse":8,"dist_cm":145}}
✅ JSON détecté sur FABLAB_21_22/RADAR/salle104. Champs numériques extraits: 10
⏳ Ignoré (throttle): FABLAB_21_22/RADAR/salle104/nb, dernier insert il y a 23s
⏳ Ignoré (throttle): FABLAB_21_22/RADAR/salle104/presence, dernier insert il y a 23s
💾 Sauvé: FABLAB_21_22/RADAR/salle104/c1_x = -120.0
💾 Sauvé: FABLAB_21_22/RADAR/salle104/c1_y = -458.0
💾 Sauvé: FABLAB_21_22/RADAR/salle104/c1_vitesse = 8.0
⏳ Ignoré (throttle): FABLAB_21_22/RADAR/salle104/c1_dist_cm, dernier insert il y a 57s
⏳ Ignoré (throttle): FABLAB_21_22/RADAR/salle104/c2_x, dernier insert il y a 42s
⏳ Ignoré (throttle): FABLAB_21_22/RADAR/salle104/c2_y, dernier insert il y a 42s
⏳ Ignoré (throttle): FABLAB_21_22/RADAR/salle104/c2_vitesse, dernier insert il y a 42s
⏳ Ignoré (throttle): FABLAB_21_22/RADAR/salle104/c2_dist_cm, dernier insert il y a 41s
🔔 Message MQTT [FABLAB_21_22/RADAR/salle104] : {"nb":2,"presence":true,"ts":414112,"c1":{"x":-279,"y":-573,"vitesse":0,"dist_cm":63},"c2":{"x":107,"y":-380,"vitesse":0,"dist_cm":39}}
✅ JSON détecté sur FABLAB_21_22/RADAR/salle104. Champs numériques extraits: 10
⏳ Ignoré (throttle): FABLAB_21_22/RADAR/salle104/nb, dernier insert il y a 26s
⏳ Ignoré (throttle): FABLAB_21_22/RADAR/salle104/presence, dernier insert il y a 26s
⏳ Ignoré (throttle): FABLAB_21_22/RADAR/salle104/c1_x, dernier insert il y a 2s
⏳ Ignoré (throttle): FABLAB_21_22/RADAR/salle104/c1_y, dernier insert il y a 2s
⏳ Ignoré (throttle): FABLAB_21_22/RADAR/salle104/c1_vitesse, dernier insert il y a 2s
⏳ Ignoré (throttle): FABLAB_21_22/RADAR/salle104/c1_dist_cm, dernier insert il y a 59s
⏳ Ignoré (throttle): FABLAB_21_22/RADAR/salle104/c2_x, dernier insert il y a 44s
⏳ Ignoré (throttle): FABLAB_21_22/RADAR/salle104/c2_y, dernier insert il y a 44s
⏳ Ignoré (throttle): FABLAB_21_22/RADAR/salle104/c2_vitesse, dernier insert il y a 44s
⏳ Ignoré (throttle): FABLAB_21_22/RADAR/salle104/c2_dist_cm, dernier insert il y a 44s
🔔 Message MQTT [FABLAB_21_22/RADAR/salle104] : {"nb":2,"presence":true,"ts":417112,"c1":{"x":-30,"y":-534,"vitesse":0,"dist_cm":53},"c2":{"x":484,"y":-546,"vitesse":0,"dist_cm":72}}
✅ JSON détecté sur FABLAB_21_22/RADAR/salle104. Champs numériques extraits: 10
⏳ Ignoré (throttle): FABLAB_21_22/RADAR/salle104/nb, dernier insert il y a 29s
⏳ Ignoré (throttle): FABLAB_21_22/RADAR/salle104/presence, dernier insert il y a 29s
⏳ Ignoré (throttle): FABLAB_21_22/RADAR/salle104/c1_x, dernier insert il y a 5s
⏳ Ignoré (throttle): FABLAB_21_22/RADAR/salle104/c1_y, dernier insert il y a 5s
⏳ Ignoré (throttle): FABLAB_21_22/RADAR/salle104/c1_vitesse, dernier insert il y a 5s
💾 Sauvé: FABLAB_21_22/RADAR/salle104/c1_dist_cm = 53.0
⏳ Ignoré (throttle): FABLAB_21_22/RADAR/salle104/c2_x, dernier insert il y a 48s
⏳ Ignoré (throttle): FABLAB_21_22/RADAR/salle104/c2_y, dernier insert il y a 47s
⏳ Ignoré (throttle): FABLAB_21_22/RADAR/salle104/c2_vitesse, dernier insert il y a 47s
⏳ Ignoré (throttle): FABLAB_21_22/RADAR/salle104/c2_dist_cm, dernier insert il y a 47s
🔔 Message MQTT [FABLAB_21_22/RADAR/salle104] : {"nb":2,"presence":true,"ts":420112,"c1":{"x":-47,"y":-461,"vitesse":0,"dist_cm":46},"c2":{"x":499,"y":-636,"vitesse":0,"dist_cm":80}}
✅ JSON détecté sur FABLAB_21_22/RADAR/salle104. Champs numériques extraits: 10
⏳ Ignoré (throttle): FABLAB_21_22/RADAR/salle104/nb, dernier insert il y a 32s
⏳ Ignoré (throttle): FABLAB_21_22/RADAR/salle104/presence, dernier insert il y a 32s
⏳ Ignoré (throttle): FABLAB_21_22/RADAR/salle104/c1_x, dernier insert il y a 8s
⏳ Ignoré (throttle): FABLAB_21_22/RADAR/salle104/c1_y, dernier insert il y a 8s
⏳ Ignoré (throttle): FABLAB_21_22/RADAR/salle104/c1_vitesse, dernier insert il y a 8s
⏳ Ignoré (throttle): FABLAB_21_22/RADAR/salle104/c1_dist_cm, dernier insert il y a 2s
⏳ Ignoré (throttle): FABLAB_21_22/RADAR/salle104/c2_x, dernier insert il y a 50s
⏳ Ignoré (throttle): FABLAB_21_22/RADAR/salle104/c2_y, dernier insert il y a 50s
⏳ Ignoré (throttle): FABLAB_21_22/RADAR/salle104/c2_vitesse, dernier insert il y a 50s
⏳ Ignoré (throttle): FABLAB_21_22/RADAR/salle104/c2_dist_cm, dernier insert il y a 50s
🔔 Message MQTT [FABLAB_21_22/RADAR/salle104] : {"nb":2,"presence":true,"ts":423112,"c1":{"x":-422,"y":-529,"vitesse":0,"dist_cm":67},"c2":{"x":265,"y":-576,"vitesse":0,"dist_cm":63}}
✅ JSON détecté sur FABLAB_21_22/RADAR/salle104. Champs numériques extraits: 10
⏳ Ignoré (throttle): FABLAB_21_22/RADAR/salle104/nb, dernier insert il y a 35s
⏳ Ignoré (throttle): FABLAB_21_22/RADAR/salle104/presence, dernier insert il y a 35s
⏳ Ignoré (throttle): FABLAB_21_22/RADAR/salle104/c1_x, dernier insert il y a 12s
⏳ Ignoré (throttle): FABLAB_21_22/RADAR/salle104/c1_y, dernier insert il y a 11s
⏳ Ignoré (throttle): FABLAB_21_22/RADAR/salle104/c1_vitesse, dernier insert il y a 11s
⏳ Ignoré (throttle): FABLAB_21_22/RADAR/salle104/c1_dist_cm, dernier insert il y a 6s
⏳ Ignoré (throttle): FABLAB_21_22/RADAR/salle104/c2_x, dernier insert il y a 54s
⏳ Ignoré (throttle): FABLAB_21_22/RADAR/salle104/c2_y, dernier insert il y a 53s
⏳ Ignoré (throttle): FABLAB_21_22/RADAR/salle104/c2_vitesse, dernier insert il y a 53s
⏳ Ignoré (throttle): FABLAB_21_22/RADAR/salle104/c2_dist_cm, dernier insert il y a 53s
🔔 Message MQTT [FABLAB_21_22/RADAR/salle104] : {"nb":2,"presence":true,"ts":426112,"c1":{"x":-286,"y":-690,"vitesse":0,"dist_cm":74},"c2":{"x":528,"y":-658,"vitesse":16,"dist_cm":84}}
✅ JSON détecté sur FABLAB_21_22/RADAR/salle104. Champs numériques extraits: 10
⏳ Ignoré (throttle): FABLAB_21_22/RADAR/salle104/nb, dernier insert il y a 38s
⏳ Ignoré (throttle): FABLAB_21_22/RADAR/salle104/presence, dernier insert il y a 38s
⏳ Ignoré (throttle): FABLAB_21_22/RADAR/salle104/c1_x, dernier insert il y a 14s
⏳ Ignoré (throttle): FABLAB_21_22/RADAR/salle104/c1_y, dernier insert il y a 14s
⏳ Ignoré (throttle): FABLAB_21_22/RADAR/salle104/c1_vitesse, dernier insert il y a 14s
⏳ Ignoré (throttle): FABLAB_21_22/RADAR/salle104/c1_dist_cm, dernier insert il y a 8s
⏳ Ignoré (throttle): FABLAB_21_22/RADAR/salle104/c2_x, dernier insert il y a 56s
⏳ Ignoré (throttle): FABLAB_21_22/RADAR/salle104/c2_y, dernier insert il y a 56s
⏳ Ignoré (throttle): FABLAB_21_22/RADAR/salle104/c2_vitesse, dernier insert il y a 56s
⏳ Ignoré (throttle): FABLAB_21_22/RADAR/salle104/c2_dist_cm, dernier insert il y a 56s
🔔 Message MQTT [FABLAB_21_22/RADAR/salle104] : {"nb":2,"presence":true,"ts":429112,"c1":{"x":-125,"y":-424,"vitesse":-8,"dist_cm":44},"c2":{"x":784,"y":-620,"vitesse":0,"dist_cm":99}}
✅ JSON détecté sur FABLAB_21_22/RADAR/salle104. Champs numériques extraits: 10
⏳ Ignoré (throttle): FABLAB_21_22/RADAR/salle104/nb, dernier insert il y a 41s
⏳ Ignoré (throttle): FABLAB_21_22/RADAR/salle104/presence, dernier insert il y a 41s
⏳ Ignoré (throttle): FABLAB_21_22/RADAR/salle104/c1_x, dernier insert il y a 17s
⏳ Ignoré (throttle): FABLAB_21_22/RADAR/salle104/c1_y, dernier insert il y a 17s
⏳ Ignoré (throttle): FABLAB_21_22/RADAR/salle104/c1_vitesse, dernier insert il y a 17s
⏳ Ignoré (throttle): FABLAB_21_22/RADAR/salle104/c1_dist_cm, dernier insert il y a 11s
⏳ Ignoré (throttle): FABLAB_21_22/RADAR/salle104/c2_x, dernier insert il y a 59s
⏳ Ignoré (throttle): FABLAB_21_22/RADAR/salle104/c2_y, dernier insert il y a 59s
⏳ Ignoré (throttle): FABLAB_21_22/RADAR/salle104/c2_vitesse, dernier insert il y a 59s
⏳ Ignoré (throttle): FABLAB_21_22/RADAR/salle104/c2_dist_cm, dernier insert il y a 59s
🔔 Message MQTT [FABLAB_21_22/RADAR/salle104] : {"nb":2,"presence":true,"ts":432112,"c1":{"x":-62,"y":-313,"vitesse":0,"dist_cm":31},"c2":{"x":728,"y":-852,"vitesse":0,"dist_cm":112}}
✅ JSON détecté sur FABLAB_21_22/RADAR/salle104. Champs numériques extraits: 10
⏳ Ignoré (throttle): FABLAB_21_22/RADAR/salle104/nb, dernier insert il y a 44s
⏳ Ignoré (throttle): FABLAB_21_22/RADAR/salle104/presence, dernier insert il y a 44s
⏳ Ignoré (throttle): FABLAB_21_22/RADAR/salle104/c1_x, dernier insert il y a 21s
⏳ Ignoré (throttle): FABLAB_21_22/RADAR/salle104/c1_y, dernier insert il y a 20s
⏳ Ignoré (throttle): FABLAB_21_22/RADAR/salle104/c1_vitesse, dernier insert il y a 20s
⏳ Ignoré (throttle): FABLAB_21_22/RADAR/salle104/c1_dist_cm, dernier insert il y a 15s
💾 Sauvé: FABLAB_21_22/RADAR/salle104/c2_x = 728.0
💾 Sauvé: FABLAB_21_22/RADAR/salle104/c2_y = -852.0
💾 Sauvé: FABLAB_21_22/RADAR/salle104/c2_vitesse = 0.0
💾 Sauvé: FABLAB_21_22/RADAR/salle104/c2_dist_cm = 112.0
🔔 Message MQTT [FABLAB_21_22/RADAR/salle104] : {"nb":2,"presence":true,"ts":435112,"c1":{"x":-78,"y":-323,"vitesse":0,"dist_cm":33},"c2":{"x":883,"y":-850,"vitesse":0,"dist_cm":122}}
✅ JSON détecté sur FABLAB_21_22/RADAR/salle104. Champs numériques extraits: 10
⏳ Ignoré (throttle): FABLAB_21_22/RADAR/salle104/nb, dernier insert il y a 47s
⏳ Ignoré (throttle): FABLAB_21_22/RADAR/salle104/presence, dernier insert il y a 47s
⏳ Ignoré (throttle): FABLAB_21_22/RADAR/salle104/c1_x, dernier insert il y a 24s
⏳ Ignoré (throttle): FABLAB_21_22/RADAR/salle104/c1_y, dernier insert il y a 23s
⏳ Ignoré (throttle): FABLAB_21_22/RADAR/salle104/c1_vitesse, dernier insert il y a 23s
⏳ Ignoré (throttle): FABLAB_21_22/RADAR/salle104/c1_dist_cm, dernier insert il y a 18s
⏳ Ignoré (throttle): FABLAB_21_22/RADAR/salle104/c2_x, dernier insert il y a 3s
⏳ Ignoré (throttle): FABLAB_21_22/RADAR/salle104/c2_y, dernier insert il y a 2s
⏳ Ignoré (throttle): FABLAB_21_22/RADAR/salle104/c2_vitesse, dernier insert il y a 2s
⏳ Ignoré (throttle): FABLAB_21_22/RADAR/salle104/c2_dist_cm, dernier insert il y a 2s
🔔 Message MQTT [FABLAB_21_22/RADAR/salle104] : {"nb":1,"presence":true,"ts":438112,"c1":{"x":-64,"y":-321,"vitesse":0,"dist_cm":32}}
✅ JSON détecté sur FABLAB_21_22/RADAR/salle104. Champs numériques extraits: 6
⏳ Ignoré (throttle): FABLAB_21_22/RADAR/salle104/nb, dernier insert il y a 50s
⏳ Ignoré (throttle): FABLAB_21_22/RADAR/salle104/presence, dernier insert il y a 50s
⏳ Ignoré (throttle): FABLAB_21_22/RADAR/salle104/c1_x, dernier insert il y a 26s
⏳ Ignoré (throttle): FABLAB_21_22/RADAR/salle104/c1_y, dernier insert il y a 26s
⏳ Ignoré (throttle): FABLAB_21_22/RADAR/salle104/c1_vitesse, dernier insert il y a 26s
⏳ Ignoré (throttle): FABLAB_21_22/RADAR/salle104/c1_dist_cm, dernier insert il y a 20s
🔔 Message MQTT [FABLAB_21_22/RADAR/salle104] : {"nb":1,"presence":true,"ts":441112,"c1":{"x":-121,"y":-420,"vitesse":0,"dist_cm":43}}
✅ JSON détecté sur FABLAB_21_22/RADAR/salle104. Champs numériques extraits: 6
⏳ Ignoré (throttle): FABLAB_21_22/RADAR/salle104/nb, dernier insert il y a 53s
⏳ Ignoré (throttle): FABLAB_21_22/RADAR/salle104/presence, dernier insert il y a 53s
⏳ Ignoré (throttle): FABLAB_21_22/RADAR/salle104/c1_x, dernier insert il y a 29s
⏳ Ignoré (throttle): FABLAB_21_22/RADAR/salle104/c1_y, dernier insert il y a 29s
⏳ Ignoré (throttle): FABLAB_21_22/RADAR/salle104/c1_vitesse, dernier insert il y a 29s
⏳ Ignoré (throttle): FABLAB_21_22/RADAR/salle104/c1_dist_cm, dernier insert il y a 24s
🔔 Message MQTT [FABLAB_21_22/RADAR/salle104] : {"nb":1,"presence":true,"ts":444112,"c1":{"x":16,"y":-346,"vitesse":0,"dist_cm":34}}
✅ JSON détecté sur FABLAB_21_22/RADAR/salle104. Champs numériques extraits: 6
⏳ Ignoré (throttle): FABLAB_21_22/RADAR/salle104/nb, dernier insert il y a 56s
⏳ Ignoré (throttle): FABLAB_21_22/RADAR/salle104/presence, dernier insert il y a 56s
⏳ Ignoré (throttle): FABLAB_21_22/RADAR/salle104/c1_x, dernier insert il y a 32s
⏳ Ignoré (throttle): FABLAB_21_22/RADAR/salle104/c1_y, dernier insert il y a 32s
⏳ Ignoré (throttle): FABLAB_21_22/RADAR/salle104/c1_vitesse, dernier insert il y a 32s
⏳ Ignoré (throttle): FABLAB_21_22/RADAR/salle104/c1_dist_cm, dernier insert il y a 26s
🔔 Message MQTT [FABLAB_21_22/RADAR/salle104] : {"nb":1,"presence":true,"ts":447112,"c1":{"x":-138,"y":-437,"vitesse":0,"dist_cm":45}}
✅ JSON détecté sur FABLAB_21_22/RADAR/salle104. Champs numériques extraits: 6
⏳ Ignoré (throttle): FABLAB_21_22/RADAR/salle104/nb, dernier insert il y a 59s
⏳ Ignoré (throttle): FABLAB_21_22/RADAR/salle104/presence, dernier insert il y a 59s
⏳ Ignoré (throttle): FABLAB_21_22/RADAR/salle104/c1_x, dernier insert il y a 35s
⏳ Ignoré (throttle): FABLAB_21_22/RADAR/salle104/c1_y, dernier insert il y a 35s
⏳ Ignoré (throttle): FABLAB_21_22/RADAR/salle104/c1_vitesse, dernier insert il y a 35s
⏳ Ignoré (throttle): FABLAB_21_22/RADAR/salle104/c1_dist_cm, dernier insert il y a 29s
🔔 Message MQTT [FABLAB_21_22/RADAR/salle104] : {"nb":1,"presence":true,"ts":450112,"c1":{"x":-62,"y":-350,"vitesse":0,"dist_cm":35}}
✅ JSON détecté sur FABLAB_21_22/RADAR/salle104. Champs numériques extraits: 6
💾 Sauvé: FABLAB_21_22/RADAR/salle104/nb = 1.0
💾 Sauvé: FABLAB_21_22/RADAR/salle104/presence = 1.0
⏳ Ignoré (throttle): FABLAB_21_22/RADAR/salle104/c1_x, dernier insert il y a 39s
⏳ Ignoré (throttle): FABLAB_21_22/RADAR/salle104/c1_y, dernier insert il y a 39s
⏳ Ignoré (throttle): FABLAB_21_22/RADAR/salle104/c1_vitesse, dernier insert il y a 38s
⏳ Ignoré (throttle): FABLAB_21_22/RADAR/salle104/c1_dist_cm, dernier insert il y a 33s
🔔 Message MQTT [FABLAB_21_22/RADAR/salle104] : {"nb":1,"presence":true,"ts":453112,"c1":{"x":-45,"y":-313,"vitesse":8,"dist_cm":31}}
✅ JSON détecté sur FABLAB_21_22/RADAR/salle104. Champs numériques extraits: 6
⏳ Ignoré (throttle): FABLAB_21_22/RADAR/salle104/nb, dernier insert il y a 2s
⏳ Ignoré (throttle): FABLAB_21_22/RADAR/salle104/presence, dernier insert il y a 2s
⏳ Ignoré (throttle): FABLAB_21_22/RADAR/salle104/c1_x, dernier insert il y a 41s
⏳ Ignoré (throttle): FABLAB_21_22/RADAR/salle104/c1_y, dernier insert il y a 41s
⏳ Ignoré (throttle): FABLAB_21_22/RADAR/salle104/c1_vitesse, dernier insert il y a 41s
⏳ Ignoré (throttle): FABLAB_21_22/RADAR/salle104/c1_dist_cm, dernier insert il y a 35s
🔔 Message MQTT [FABLAB_21_22/RADAR/salle104] : {"nb":1,"presence":true,"ts":456112,"c1":{"x":62,"y":-527,"vitesse":0,"dist_cm":53}}
✅ JSON détecté sur FABLAB_21_22/RADAR/salle104. Champs numériques extraits: 6
⏳ Ignoré (throttle): FABLAB_21_22/RADAR/salle104/nb, dernier insert il y a 6s
⏳ Ignoré (throttle): FABLAB_21_22/RADAR/salle104/presence, dernier insert il y a 5s
⏳ Ignoré (throttle): FABLAB_21_22/RADAR/salle104/c1_x, dernier insert il y a 45s
⏳ Ignoré (throttle): FABLAB_21_22/RADAR/salle104/c1_y, dernier insert il y a 44s
⏳ Ignoré (throttle): FABLAB_21_22/RADAR/salle104/c1_vitesse, dernier insert il y a 44s
⏳ Ignoré (throttle): FABLAB_21_22/RADAR/salle104/c1_dist_cm, dernier insert il y a 39s
🔔 Message MQTT [FABLAB_21_22/RADAR/salle104] : {"nb":0,"presence":false,"ts":459112}
✅ JSON détecté sur FABLAB_21_22/RADAR/salle104. Champs numériques extraits: 2
⏳ Ignoré (throttle): FABLAB_21_22/RADAR/salle104/nb, dernier insert il y a 8s
⏳ Ignoré (throttle): FABLAB_21_22/RADAR/salle104/presence, dernier insert il y a 8s
🔔 Message MQTT [FABLAB_21_22/RADAR/salle104] : {"nb":0,"presence":false,"ts":462112}
✅ JSON détecté sur FABLAB_21_22/RADAR/salle104. Champs numériques extraits: 2
⏳ Ignoré (throttle): FABLAB_21_22/RADAR/salle104/nb, dernier insert il y a 12s
⏳ Ignoré (throttle): FABLAB_21_22/RADAR/salle104/presence, dernier insert il y a 11s
🔔 Message MQTT [FABLAB_21_22/RADAR/salle104] : {"nb":0,"presence":false,"ts":465112}
✅ JSON détecté sur FABLAB_21_22/RADAR/salle104. Champs numériques extraits: 2
⏳ Ignoré (throttle): FABLAB_21_22/RADAR/salle104/nb, dernier insert il y a 15s
⏳ Ignoré (throttle): FABLAB_21_22/RADAR/salle104/presence, dernier insert il y a 14s
🔔 Message MQTT [FABLAB_21_22/RADAR/salle104] : {"nb":0,"presence":false,"ts":468112}
✅ JSON détecté sur FABLAB_21_22/RADAR/salle104. Champs numériques extraits: 2
⏳ Ignoré (throttle): FABLAB_21_22/RADAR/salle104/nb, dernier insert il y a 17s
⏳ Ignoré (throttle): FABLAB_21_22/RADAR/salle104/presence, dernier insert il y a 17s
🔔 Message MQTT [FABLAB_21_22/RADAR/salle104] : {"nb":0,"presence":false,"ts":471112}
✅ JSON détecté sur FABLAB_21_22/RADAR/salle104. Champs numériques extraits: 2
⏳ Ignoré (throttle): FABLAB_21_22/RADAR/salle104/nb, dernier insert il y a 20s
⏳ Ignoré (throttle): FABLAB_21_22/RADAR/salle104/presence, dernier insert il y a 20s
🔔 Message MQTT [FABLAB_21_22/RADAR/salle104] : {"nb":1,"presence":true,"ts":474112,"c1":{"x":97,"y":-332,"vitesse":0,"dist_cm":34}}
✅ JSON détecté sur FABLAB_21_22/RADAR/salle104. Champs numériques extraits: 6
⏳ Ignoré (throttle): FABLAB_21_22/RADAR/salle104/nb, dernier insert il y a 24s
⏳ Ignoré (throttle): FABLAB_21_22/RADAR/salle104/presence, dernier insert il y a 23s
💾 Sauvé: FABLAB_21_22/RADAR/salle104/c1_x = 97.0
💾 Sauvé: FABLAB_21_22/RADAR/salle104/c1_y = -332.0
💾 Sauvé: FABLAB_21_22/RADAR/salle104/c1_vitesse = 0.0
⏳ Ignoré (throttle): FABLAB_21_22/RADAR/salle104/c1_dist_cm, dernier insert il y a 57s
🔔 Message MQTT [FABLAB_21_22/RADAR/salle104] : {"nb":0,"presence":false,"ts":477112}
✅ JSON détecté sur FABLAB_21_22/RADAR/salle104. Champs numériques extraits: 2
⏳ Ignoré (throttle): FABLAB_21_22/RADAR/salle104/nb, dernier insert il y a 27s
⏳ Ignoré (throttle): FABLAB_21_22/RADAR/salle104/presence, dernier insert il y a 26s
🔔 Message MQTT [FABLAB_21_22/RADAR/salle104] : {"nb":0,"presence":false,"ts":480112}
✅ JSON détecté sur FABLAB_21_22/RADAR/salle104. Champs numériques extraits: 2
⏳ Ignoré (throttle): FABLAB_21_22/RADAR/salle104/nb, dernier insert il y a 29s
⏳ Ignoré (throttle): FABLAB_21_22/RADAR/salle104/presence, dernier insert il y a 29s
🔔 Message MQTT [FABLAB_21_22/RADAR/salle104] : {"nb":0,"presence":false,"ts":483112}
✅ JSON détecté sur FABLAB_21_22/RADAR/salle104. Champs numériques extraits: 2
⏳ Ignoré (throttle): FABLAB_21_22/RADAR/salle104/nb, dernier insert il y a 33s
⏳ Ignoré (throttle): FABLAB_21_22/RADAR/salle104/presence, dernier insert il y a 32s
🔔 Message MQTT [FABLAB_21_22/RADAR/salle104] : {"nb":0,"presence":false,"ts":486112}
✅ JSON détecté sur FABLAB_21_22/RADAR/salle104. Champs numériques extraits: 2
⏳ Ignoré (throttle): FABLAB_21_22/RADAR/salle104/nb, dernier insert il y a 36s
⏳ Ignoré (throttle): FABLAB_21_22/RADAR/salle104/presence, dernier insert il y a 35s
🔔 Message MQTT [FABLAB_21_22/RADAR/salle104] : {"nb":1,"presence":true,"ts":489112,"c1":{"x":346,"y":-482,"vitesse":72,"dist_cm":59}}
✅ JSON détecté sur FABLAB_21_22/RADAR/salle104. Champs numériques extraits: 6
⏳ Ignoré (throttle): FABLAB_21_22/RADAR/salle104/nb, dernier insert il y a 39s
⏳ Ignoré (throttle): FABLAB_21_22/RADAR/salle104/presence, dernier insert il y a 38s
⏳ Ignoré (throttle): FABLAB_21_22/RADAR/salle104/c1_x, dernier insert il y a 15s
⏳ Ignoré (throttle): FABLAB_21_22/RADAR/salle104/c1_y, dernier insert il y a 14s
⏳ Ignoré (throttle): FABLAB_21_22/RADAR/salle104/c1_vitesse, dernier insert il y a 14s
💾 Sauvé: FABLAB_21_22/RADAR/salle104/c1_dist_cm = 59.0
🔔 Message MQTT [FABLAB_21_22/RADAR/salle104] : {"nb":0,"presence":false,"ts":492112}
✅ JSON détecté sur FABLAB_21_22/RADAR/salle104. Champs numériques extraits: 2
⏳ Ignoré (throttle): FABLAB_21_22/RADAR/salle104/nb, dernier insert il y a 42s
⏳ Ignoré (throttle): FABLAB_21_22/RADAR/salle104/presence, dernier insert il y a 41s
🔔 Message MQTT [FABLAB_21_22/RADAR/salle104] : {"nb":0,"presence":false,"ts":495112}
✅ JSON détecté sur FABLAB_21_22/RADAR/salle104. Champs numériques extraits: 2
⏳ Ignoré (throttle): FABLAB_21_22/RADAR/salle104/nb, dernier insert il y a 45s
⏳ Ignoré (throttle): FABLAB_21_22/RADAR/salle104/presence, dernier insert il y a 45s
🔔 Message MQTT [FABLAB_21_22/RADAR/salle104] : {"nb":0,"presence":false,"ts":498112}
✅ JSON détecté sur FABLAB_21_22/RADAR/salle104. Champs numériques extraits: 2
⏳ Ignoré (throttle): FABLAB_21_22/RADAR/salle104/nb, dernier insert il y a 48s
⏳ Ignoré (throttle): FABLAB_21_22/RADAR/salle104/presence, dernier insert il y a 47s
🔔 Message MQTT [FABLAB_21_22/RADAR/salle104] : {"nb":1,"presence":true,"ts":501112,"c1":{"x":343,"y":-373,"vitesse":0,"dist_cm":50}}
✅ JSON détecté sur FABLAB_21_22/RADAR/salle104. Champs numériques extraits: 6
⏳ Ignoré (throttle): FABLAB_21_22/RADAR/salle104/nb, dernier insert il y a 50s
⏳ Ignoré (throttle): FABLAB_21_22/RADAR/salle104/presence, dernier insert il y a 50s
⏳ Ignoré (throttle): FABLAB_21_22/RADAR/salle104/c1_x, dernier insert il y a 26s
⏳ Ignoré (throttle): FABLAB_21_22/RADAR/salle104/c1_y, dernier insert il y a 26s
⏳ Ignoré (throttle): FABLAB_21_22/RADAR/salle104/c1_vitesse, dernier insert il y a 26s
⏳ Ignoré (throttle): FABLAB_21_22/RADAR/salle104/c1_dist_cm, dernier insert il y a 11s
🔔 Message MQTT [FABLAB_21_22/RADAR/salle104] : {"nb":1,"presence":true,"ts":504112,"c1":{"x":386,"y":-918,"vitesse":8,"dist_cm":99}}
✅ JSON détecté sur FABLAB_21_22/RADAR/salle104. Champs numériques extraits: 6
⏳ Ignoré (throttle): FABLAB_21_22/RADAR/salle104/nb, dernier insert il y a 54s
⏳ Ignoré (throttle): FABLAB_21_22/RADAR/salle104/presence, dernier insert il y a 53s
⏳ Ignoré (throttle): FABLAB_21_22/RADAR/salle104/c1_x, dernier insert il y a 29s
⏳ Ignoré (throttle): FABLAB_21_22/RADAR/salle104/c1_y, dernier insert il y a 29s
⏳ Ignoré (throttle): FABLAB_21_22/RADAR/salle104/c1_vitesse, dernier insert il y a 29s
⏳ Ignoré (throttle): FABLAB_21_22/RADAR/salle104/c1_dist_cm, dernier insert il y a 14s
🔔 Message MQTT [FABLAB_21_22/RADAR/salle104] : {"nb":1,"presence":true,"ts":507112,"c1":{"x":291,"y":-945,"vitesse":0,"dist_cm":98}}
✅ JSON détecté sur FABLAB_21_22/RADAR/salle104. Champs numériques extraits: 6
⏳ Ignoré (throttle): FABLAB_21_22/RADAR/salle104/nb, dernier insert il y a 57s
⏳ Ignoré (throttle): FABLAB_21_22/RADAR/salle104/presence, dernier insert il y a 56s
⏳ Ignoré (throttle): FABLAB_21_22/RADAR/salle104/c1_x, dernier insert il y a 33s
⏳ Ignoré (throttle): FABLAB_21_22/RADAR/salle104/c1_y, dernier insert il y a 32s
⏳ Ignoré (throttle): FABLAB_21_22/RADAR/salle104/c1_vitesse, dernier insert il y a 32s
⏳ Ignoré (throttle): FABLAB_21_22/RADAR/salle104/c1_dist_cm, dernier insert il y a 17s
🔔 Message MQTT [FABLAB_21_22/RADAR/salle104] : {"nb":1,"presence":true,"ts":510112,"c1":{"x":396,"y":-1319,"vitesse":0,"dist_cm":137}}
✅ JSON détecté sur FABLAB_21_22/RADAR/salle104. Champs numériques extraits: 6
💾 Sauvé: FABLAB_21_22/RADAR/salle104/nb = 1.0
💾 Sauvé: FABLAB_21_22/RADAR/salle104/presence = 1.0
⏳ Ignoré (throttle): FABLAB_21_22/RADAR/salle104/c1_x, dernier insert il y a 36s
⏳ Ignoré (throttle): FABLAB_21_22/RADAR/salle104/c1_y, dernier insert il y a 36s
⏳ Ignoré (throttle): FABLAB_21_22/RADAR/salle104/c1_vitesse, dernier insert il y a 36s
⏳ Ignoré (throttle): FABLAB_21_22/RADAR/salle104/c1_dist_cm, dernier insert il y a 21s
🔔 Message MQTT [FABLAB_21_22/RADAR/salle104] : {"nb":1,"presence":true,"ts":513112,"c1":{"x":224,"y":-807,"vitesse":0,"dist_cm":83}}
✅ JSON détecté sur FABLAB_21_22/RADAR/salle104. Champs numériques extraits: 6
⏳ Ignoré (throttle): FABLAB_21_22/RADAR/salle104/nb, dernier insert il y a 2s
⏳ Ignoré (throttle): FABLAB_21_22/RADAR/salle104/presence, dernier insert il y a 2s
⏳ Ignoré (throttle): FABLAB_21_22/RADAR/salle104/c1_x, dernier insert il y a 38s
⏳ Ignoré (throttle): FABLAB_21_22/RADAR/salle104/c1_y, dernier insert il y a 38s
⏳ Ignoré (throttle): FABLAB_21_22/RADAR/salle104/c1_vitesse, dernier insert il y a 38s
⏳ Ignoré (throttle): FABLAB_21_22/RADAR/salle104/c1_dist_cm, dernier insert il y a 23s
🔔 Message MQTT [FABLAB_21_22/RADAR/salle104] : {"nb":1,"presence":true,"ts":516112,"c1":{"x":426,"y":-862,"vitesse":8,"dist_cm":96}}
✅ JSON détecté sur FABLAB_21_22/RADAR/salle104. Champs numériques extraits: 6
⏳ Ignoré (throttle): FABLAB_21_22/RADAR/salle104/nb, dernier insert il y a 5s
⏳ Ignoré (throttle): FABLAB_21_22/RADAR/salle104/presence, dernier insert il y a 5s
⏳ Ignoré (throttle): FABLAB_21_22/RADAR/salle104/c1_x, dernier insert il y a 41s
⏳ Ignoré (throttle): FABLAB_21_22/RADAR/salle104/c1_y, dernier insert il y a 41s
⏳ Ignoré (throttle): FABLAB_21_22/RADAR/salle104/c1_vitesse, dernier insert il y a 41s
⏳ Ignoré (throttle): FABLAB_21_22/RADAR/salle104/c1_dist_cm, dernier insert il y a 26s
🔔 Message MQTT [FABLAB_21_22/RADAR/salle104] : {"nb":1,"presence":true,"ts":519112,"c1":{"x":338,"y":-473,"vitesse":-16,"dist_cm":58}}
✅ JSON détecté sur FABLAB_21_22/RADAR/salle104. Champs numériques extraits: 6
⏳ Ignoré (throttle): FABLAB_21_22/RADAR/salle104/nb, dernier insert il y a 8s
⏳ Ignoré (throttle): FABLAB_21_22/RADAR/salle104/presence, dernier insert il y a 8s
⏳ Ignoré (throttle): FABLAB_21_22/RADAR/salle104/c1_x, dernier insert il y a 44s
⏳ Ignoré (throttle): FABLAB_21_22/RADAR/salle104/c1_y, dernier insert il y a 44s
⏳ Ignoré (throttle): FABLAB_21_22/RADAR/salle104/c1_vitesse, dernier insert il y a 44s
⏳ Ignoré (throttle): FABLAB_21_22/RADAR/salle104/c1_dist_cm, dernier insert il y a 29s
🔔 Message MQTT [FABLAB_21_22/RADAR/salle104] : {"nb":1,"presence":true,"ts":522112,"c1":{"x":63,"y":-589,"vitesse":0,"dist_cm":59}}
✅ JSON détecté sur FABLAB_21_22/RADAR/salle104. Champs numériques extraits: 6
⏳ Ignoré (throttle): FABLAB_21_22/RADAR/salle104/nb, dernier insert il y a 12s
⏳ Ignoré (throttle): FABLAB_21_22/RADAR/salle104/presence, dernier insert il y a 11s
⏳ Ignoré (throttle): FABLAB_21_22/RADAR/salle104/c1_x, dernier insert il y a 48s
⏳ Ignoré (throttle): FABLAB_21_22/RADAR/salle104/c1_y, dernier insert il y a 47s
⏳ Ignoré (throttle): FABLAB_21_22/RADAR/salle104/c1_vitesse, dernier insert il y a 47s
⏳ Ignoré (throttle): FABLAB_21_22/RADAR/salle104/c1_dist_cm, dernier insert il y a 33s
🔔 Message MQTT [FABLAB_21_22/RADAR/salle104] : {"nb":1,"presence":true,"ts":525112,"c1":{"x":253,"y":-405,"vitesse":16,"dist_cm":47}}
✅ JSON détecté sur FABLAB_21_22/RADAR/salle104. Champs numériques extraits: 6
⏳ Ignoré (throttle): FABLAB_21_22/RADAR/salle104/nb, dernier insert il y a 14s
⏳ Ignoré (throttle): FABLAB_21_22/RADAR/salle104/presence, dernier insert il y a 14s
⏳ Ignoré (throttle): FABLAB_21_22/RADAR/salle104/c1_x, dernier insert il y a 50s
⏳ Ignoré (throttle): FABLAB_21_22/RADAR/salle104/c1_y, dernier insert il y a 50s
⏳ Ignoré (throttle): FABLAB_21_22/RADAR/salle104/c1_vitesse, dernier insert il y a 50s
⏳ Ignoré (throttle): FABLAB_21_22/RADAR/salle104/c1_dist_cm, dernier insert il y a 35s
🔔 Message MQTT [FABLAB_21_22/RADAR/salle104] : {"nb":1,"presence":true,"ts":528112,"c1":{"x":236,"y":-519,"vitesse":-8,"dist_cm":57}}
✅ JSON détecté sur FABLAB_21_22/RADAR/salle104. Champs numériques extraits: 6
⏳ Ignoré (throttle): FABLAB_21_22/RADAR/salle104/nb, dernier insert il y a 17s
⏳ Ignoré (throttle): FABLAB_21_22/RADAR/salle104/presence, dernier insert il y a 17s
⏳ Ignoré (throttle): FABLAB_21_22/RADAR/salle104/c1_x, dernier insert il y a 54s
⏳ Ignoré (throttle): FABLAB_21_22/RADAR/salle104/c1_y, dernier insert il y a 53s
⏳ Ignoré (throttle): FABLAB_21_22/RADAR/salle104/c1_vitesse, dernier insert il y a 53s
⏳ Ignoré (throttle): FABLAB_21_22/RADAR/salle104/c1_dist_cm, dernier insert il y a 38s
🔔 Message MQTT [FABLAB_21_22/RADAR/salle104] : {"nb":1,"presence":true,"ts":531112,"c1":{"x":315,"y":-526,"vitesse":0,"dist_cm":61}}
✅ JSON détecté sur FABLAB_21_22/RADAR/salle104. Champs numériques extraits: 6
⏳ Ignoré (throttle): FABLAB_21_22/RADAR/salle104/nb, dernier insert il y a 20s
⏳ Ignoré (throttle): FABLAB_21_22/RADAR/salle104/presence, dernier insert il y a 20s
⏳ Ignoré (throttle): FABLAB_21_22/RADAR/salle104/c1_x, dernier insert il y a 56s
⏳ Ignoré (throttle): FABLAB_21_22/RADAR/salle104/c1_y, dernier insert il y a 56s
⏳ Ignoré (throttle): FABLAB_21_22/RADAR/salle104/c1_vitesse, dernier insert il y a 56s
⏳ Ignoré (throttle): FABLAB_21_22/RADAR/salle104/c1_dist_cm, dernier insert il y a 41s
🔔 Message MQTT [FABLAB_21_22/RADAR/salle104] : {"nb":1,"presence":true,"ts":534112,"c1":{"x":217,"y":-253,"vitesse":0,"dist_cm":33}}
✅ JSON détecté sur FABLAB_21_22/RADAR/salle104. Champs numériques extraits: 6
⏳ Ignoré (throttle): FABLAB_21_22/RADAR/salle104/nb, dernier insert il y a 23s
⏳ Ignoré (throttle): FABLAB_21_22/RADAR/salle104/presence, dernier insert il y a 23s
⏳ Ignoré (throttle): FABLAB_21_22/RADAR/salle104/c1_x, dernier insert il y a 59s
⏳ Ignoré (throttle): FABLAB_21_22/RADAR/salle104/c1_y, dernier insert il y a 59s
⏳ Ignoré (throttle): FABLAB_21_22/RADAR/salle104/c1_vitesse, dernier insert il y a 59s
⏳ Ignoré (throttle): FABLAB_21_22/RADAR/salle104/c1_dist_cm, dernier insert il y a 44s
🔔 Message MQTT [FABLAB_21_22/RADAR/salle104] : {"nb":1,"presence":true,"ts":537112,"c1":{"x":50,"y":-1683,"vitesse":-8,"dist_cm":168}}
✅ JSON détecté sur FABLAB_21_22/RADAR/salle104. Champs numériques extraits: 6
⏳ Ignoré (throttle): FABLAB_21_22/RADAR/salle104/nb, dernier insert il y a 26s
⏳ Ignoré (throttle): FABLAB_21_22/RADAR/salle104/presence, dernier insert il y a 26s
💾 Sauvé: FABLAB_21_22/RADAR/salle104/c1_x = 50.0
💾 Sauvé: FABLAB_21_22/RADAR/salle104/c1_y = -1683.0
💾 Sauvé: FABLAB_21_22/RADAR/salle104/c1_vitesse = -8.0
⏳ Ignoré (throttle): FABLAB_21_22/RADAR/salle104/c1_dist_cm, dernier insert il y a 48s
🔔 Message MQTT [FABLAB_21_22/RADAR/salle104] : {"nb":1,"presence":true,"ts":540112,"c1":{"x":339,"y":-1301,"vitesse":24,"dist_cm":134}}
✅ JSON détecté sur FABLAB_21_22/RADAR/salle104. Champs numériques extraits: 6
⏳ Ignoré (throttle): FABLAB_21_22/RADAR/salle104/nb, dernier insert il y a 29s
⏳ Ignoré (throttle): FABLAB_21_22/RADAR/salle104/presence, dernier insert il y a 29s
⏳ Ignoré (throttle): FABLAB_21_22/RADAR/salle104/c1_x, dernier insert il y a 3s
⏳ Ignoré (throttle): FABLAB_21_22/RADAR/salle104/c1_y, dernier insert il y a 2s
⏳ Ignoré (throttle): FABLAB_21_22/RADAR/salle104/c1_vitesse, dernier insert il y a 2s
⏳ Ignoré (throttle): FABLAB_21_22/RADAR/salle104/c1_dist_cm, dernier insert il y a 50s
🔔 Message MQTT [FABLAB_21_22/RADAR/salle104] : {"nb":1,"presence":true,"ts":543112,"c1":{"x":279,"y":-642,"vitesse":-8,"dist_cm":70}}
✅ JSON détecté sur FABLAB_21_22/RADAR/salle104. Champs numériques extraits: 6
⏳ Ignoré (throttle): FABLAB_21_22/RADAR/salle104/nb, dernier insert il y a 32s
⏳ Ignoré (throttle): FABLAB_21_22/RADAR/salle104/presence, dernier insert il y a 32s
⏳ Ignoré (throttle): FABLAB_21_22/RADAR/salle104/c1_x, dernier insert il y a 5s
⏳ Ignoré (throttle): FABLAB_21_22/RADAR/salle104/c1_y, dernier insert il y a 5s
⏳ Ignoré (throttle): FABLAB_21_22/RADAR/salle104/c1_vitesse, dernier insert il y a 5s
⏳ Ignoré (throttle): FABLAB_21_22/RADAR/salle104/c1_dist_cm, dernier insert il y a 53s
🔔 Message MQTT [FABLAB_21_22/RADAR/salle104] : {"nb":1,"presence":true,"ts":546112,"c1":{"x":1187,"y":-1198,"vitesse":-32,"dist_cm":168}}
✅ JSON détecté sur FABLAB_21_22/RADAR/salle104. Champs numériques extraits: 6
⏳ Ignoré (throttle): FABLAB_21_22/RADAR/salle104/nb, dernier insert il y a 35s
⏳ Ignoré (throttle): FABLAB_21_22/RADAR/salle104/presence, dernier insert il y a 35s
⏳ Ignoré (throttle): FABLAB_21_22/RADAR/salle104/c1_x, dernier insert il y a 8s
⏳ Ignoré (throttle): FABLAB_21_22/RADAR/salle104/c1_y, dernier insert il y a 8s
⏳ Ignoré (throttle): FABLAB_21_22/RADAR/salle104/c1_vitesse, dernier insert il y a 8s
⏳ Ignoré (throttle): FABLAB_21_22/RADAR/salle104/c1_dist_cm, dernier insert il y a 56s
🔔 Message MQTT [FABLAB_21_22/RADAR/salle104] : {"nb":1,"presence":true,"ts":549112,"c1":{"x":1192,"y":-1147,"vitesse":-8,"dist_cm":165}}
✅ JSON détecté sur FABLAB_21_22/RADAR/salle104. Champs numériques extraits: 6
⏳ Ignoré (throttle): FABLAB_21_22/RADAR/salle104/nb, dernier insert il y a 38s
⏳ Ignoré (throttle): FABLAB_21_22/RADAR/salle104/presence, dernier insert il y a 38s
⏳ Ignoré (throttle): FABLAB_21_22/RADAR/salle104/c1_x, dernier insert il y a 12s
⏳ Ignoré (throttle): FABLAB_21_22/RADAR/salle104/c1_y, dernier insert il y a 11s
⏳ Ignoré (throttle): FABLAB_21_22/RADAR/salle104/c1_vitesse, dernier insert il y a 11s
⏳ Ignoré (throttle): FABLAB_21_22/RADAR/salle104/c1_dist_cm, dernier insert il y a 59s
🔔 Message MQTT [FABLAB_21_22/RADAR/salle104] : {"nb":1,"presence":true,"ts":552112,"c1":{"x":1333,"y":-1046,"vitesse":0,"dist_cm":169}}
✅ JSON détecté sur FABLAB_21_22/RADAR/salle104. Champs numériques extraits: 6
⏳ Ignoré (throttle): FABLAB_21_22/RADAR/salle104/nb, dernier insert il y a 41s
⏳ Ignoré (throttle): FABLAB_21_22/RADAR/salle104/presence, dernier insert il y a 41s
⏳ Ignoré (throttle): FABLAB_21_22/RADAR/salle104/c1_x, dernier insert il y a 15s
⏳ Ignoré (throttle): FABLAB_21_22/RADAR/salle104/c1_y, dernier insert il y a 14s
⏳ Ignoré (throttle): FABLAB_21_22/RADAR/salle104/c1_vitesse, dernier insert il y a 14s
💾 Sauvé: FABLAB_21_22/RADAR/salle104/c1_dist_cm = 169.0
🔔 Message MQTT [FABLAB_21_22/RADAR/salle104] : {"nb":1,"presence":true,"ts":555112,"c1":{"x":739,"y":-938,"vitesse":8,"dist_cm":119}}
✅ JSON détecté sur FABLAB_21_22/RADAR/salle104. Champs numériques extraits: 6
⏳ Ignoré (throttle): FABLAB_21_22/RADAR/salle104/nb, dernier insert il y a 44s
⏳ Ignoré (throttle): FABLAB_21_22/RADAR/salle104/presence, dernier insert il y a 44s
⏳ Ignoré (throttle): FABLAB_21_22/RADAR/salle104/c1_x, dernier insert il y a 17s
⏳ Ignoré (throttle): FABLAB_21_22/RADAR/salle104/c1_y, dernier insert il y a 17s
⏳ Ignoré (throttle): FABLAB_21_22/RADAR/salle104/c1_vitesse, dernier insert il y a 17s
⏳ Ignoré (throttle): FABLAB_21_22/RADAR/salle104/c1_dist_cm, dernier insert il y a 2s
🔔 Message MQTT [FABLAB_21_22/RADAR/salle104] : {"nb":1,"presence":true,"ts":558112,"c1":{"x":209,"y":-529,"vitesse":-39,"dist_cm":56}}
✅ JSON détecté sur FABLAB_21_22/RADAR/salle104. Champs numériques extraits: 6
⏳ Ignoré (throttle): FABLAB_21_22/RADAR/salle104/nb, dernier insert il y a 47s
⏳ Ignoré (throttle): FABLAB_21_22/RADAR/salle104/presence, dernier insert il y a 47s
⏳ Ignoré (throttle): FABLAB_21_22/RADAR/salle104/c1_x, dernier insert il y a 20s
⏳ Ignoré (throttle): FABLAB_21_22/RADAR/salle104/c1_y, dernier insert il y a 20s
⏳ Ignoré (throttle): FABLAB_21_22/RADAR/salle104/c1_vitesse, dernier insert il y a 20s
⏳ Ignoré (throttle): FABLAB_21_22/RADAR/salle104/c1_dist_cm, dernier insert il y a 5s
🔔 Message MQTT [FABLAB_21_22/tasmota/tele/tasmota_071D00/STATE] : {"Time":"2026-05-05T14:01:52","Uptime":"18T03:10:13","UptimeSec":1566613,"Heap":184,"SleepMode":"Dynamic","Sleep":50,"LoadAvg":19,"MqttCount":1,"Berry":{"HeapUsed":4,"Objects":55},"POWER":"ON","Wifi":{"AP":1,"SSId":"Fablab_104","BSSId":"40:ED:00:CD:4B:EB","Channel":6,"Mode":"HT20","RSSI":74,"Signal":-63,"LinkCount":1,"Downtime":"0T00:00:03"},"Hostname":"tasmota-071D00-7424","IPAddress":"192.168.0.31"}
✅ JSON détecté sur FABLAB_21_22/tasmota/tele/tasmota_071D00/STATE. Champs numériques extraits: 12
💾 Sauvé: FABLAB_21_22/tasmota/tele/tasmota_071D00/STATE/uptimesec = 1566613.0
💾 Sauvé: FABLAB_21_22/tasmota/tele/tasmota_071D00/STATE/heap = 184.0
💾 Sauvé: FABLAB_21_22/tasmota/tele/tasmota_071D00/STATE/sleep = 50.0
💾 Sauvé: FABLAB_21_22/tasmota/tele/tasmota_071D00/STATE/loadavg = 19.0
💾 Sauvé: FABLAB_21_22/tasmota/tele/tasmota_071D00/STATE/mqttcount = 1.0
💾 Sauvé: FABLAB_21_22/tasmota/tele/tasmota_071D00/STATE/berry_heapused = 4.0
💾 Sauvé: FABLAB_21_22/tasmota/tele/tasmota_071D00/STATE/berry_objects = 55.0
💾 Sauvé: FABLAB_21_22/tasmota/tele/tasmota_071D00/STATE/wifi_ap = 1.0
💾 Sauvé: FABLAB_21_22/tasmota/tele/tasmota_071D00/STATE/wifi_channel = 6.0
💾 Sauvé: FABLAB_21_22/tasmota/tele/tasmota_071D00/STATE/wifi_rssi = 74.0
💾 Sauvé: FABLAB_21_22/tasmota/tele/tasmota_071D00/STATE/wifi_signal = -63.0
💾 Sauvé: FABLAB_21_22/tasmota/tele/tasmota_071D00/STATE/wifi_linkcount = 1.0
🔔 Message MQTT [FABLAB_21_22/tasmota/tele/tasmota_071D00/SENSOR] : {"Time":"2026-05-05T14:01:52","ENERGY":{"TotalStartTime":"2026-04-01T07:06:06","Total":0.500,"Yesterday":0.001,"Today":0.001,"Period":0,"Power":0,"ApparentPower":0,"ReactivePower":0,"Factor":0.00,"Voltage":245,"Current":0.000}}
✅ JSON détecté sur FABLAB_21_22/tasmota/tele/tasmota_071D00/SENSOR. Champs numériques extraits: 10
💾 Sauvé: FABLAB_21_22/tasmota/tele/tasmota_071D00/SENSOR/energy_total = 0.5
💾 Sauvé: FABLAB_21_22/tasmota/tele/tasmota_071D00/SENSOR/energy_yesterday = 0.001
💾 Sauvé: FABLAB_21_22/tasmota/tele/tasmota_071D00/SENSOR/energy_today = 0.001
💾 Sauvé: FABLAB_21_22/tasmota/tele/tasmota_071D00/SENSOR/energy_period = 0.0
💾 Sauvé: FABLAB_21_22/tasmota/tele/tasmota_071D00/SENSOR/energy_power = 0.0
💾 Sauvé: FABLAB_21_22/tasmota/tele/tasmota_071D00/SENSOR/energy_apparentpower = 0.0
💾 Sauvé: FABLAB_21_22/tasmota/tele/tasmota_071D00/SENSOR/energy_reactivepower = 0.0
💾 Sauvé: FABLAB_21_22/tasmota/tele/tasmota_071D00/SENSOR/energy_factor = 0.0
💾 Sauvé: FABLAB_21_22/tasmota/tele/tasmota_071D00/SENSOR/energy_voltage = 245.0
💾 Sauvé: FABLAB_21_22/tasmota/tele/tasmota_071D00/SENSOR/energy_current = 0.0
🔔 Message MQTT [FABLAB_21_22/RADAR/salle104] : {"nb":1,"presence":true,"ts":561112,"c1":{"x":-1173,"y":-921,"vitesse":0,"dist_cm":149}}
✅ JSON détecté sur FABLAB_21_22/RADAR/salle104. Champs numériques extraits: 6
⏳ Ignoré (throttle): FABLAB_21_22/RADAR/salle104/nb, dernier insert il y a 55s
⏳ Ignoré (throttle): FABLAB_21_22/RADAR/salle104/presence, dernier insert il y a 54s
⏳ Ignoré (throttle): FABLAB_21_22/RADAR/salle104/c1_x, dernier insert il y a 28s
⏳ Ignoré (throttle): FABLAB_21_22/RADAR/salle104/c1_y, dernier insert il y a 27s
⏳ Ignoré (throttle): FABLAB_21_22/RADAR/salle104/c1_vitesse, dernier insert il y a 27s
⏳ Ignoré (throttle): FABLAB_21_22/RADAR/salle104/c1_dist_cm, dernier insert il y a 13s
🔔 Message MQTT [FABLAB_21_22/RADAR/salle104] : {"nb":1,"presence":true,"ts":564112,"c1":{"x":-1147,"y":-1051,"vitesse":8,"dist_cm":155}}
✅ JSON détecté sur FABLAB_21_22/RADAR/salle104. Champs numériques extraits: 6
⏳ Ignoré (throttle): FABLAB_21_22/RADAR/salle104/nb, dernier insert il y a 55s
⏳ Ignoré (throttle): FABLAB_21_22/RADAR/salle104/presence, dernier insert il y a 54s
⏳ Ignoré (throttle): FABLAB_21_22/RADAR/salle104/c1_x, dernier insert il y a 28s
⏳ Ignoré (throttle): FABLAB_21_22/RADAR/salle104/c1_y, dernier insert il y a 27s
⏳ Ignoré (throttle): FABLAB_21_22/RADAR/salle104/c1_vitesse, dernier insert il y a 27s
⏳ Ignoré (throttle): FABLAB_21_22/RADAR/salle104/c1_dist_cm, dernier insert il y a 13s
🔔 Message MQTT [FABLAB_21_22/RADAR/salle104] : {"nb":1,"presence":true,"ts":567112,"c1":{"x":-3,"y":-758,"vitesse":0,"dist_cm":75}}
✅ JSON détecté sur FABLAB_21_22/RADAR/salle104. Champs numériques extraits: 6
⏳ Ignoré (throttle): FABLAB_21_22/RADAR/salle104/nb, dernier insert il y a 56s
⏳ Ignoré (throttle): FABLAB_21_22/RADAR/salle104/presence, dernier insert il y a 56s
⏳ Ignoré (throttle): FABLAB_21_22/RADAR/salle104/c1_x, dernier insert il y a 29s
⏳ Ignoré (throttle): FABLAB_21_22/RADAR/salle104/c1_y, dernier insert il y a 29s
⏳ Ignoré (throttle): FABLAB_21_22/RADAR/salle104/c1_vitesse, dernier insert il y a 29s
⏳ Ignoré (throttle): FABLAB_21_22/RADAR/salle104/c1_dist_cm, dernier insert il y a 14s
🔔 Message MQTT [FABLAB_21_22/RADAR/salle104] : {"nb":1,"presence":true,"ts":570112,"c1":{"x":-24,"y":-711,"vitesse":16,"dist_cm":71}}
✅ JSON détecté sur FABLAB_21_22/RADAR/salle104. Champs numériques extraits: 6
⏳ Ignoré (throttle): FABLAB_21_22/RADAR/salle104/nb, dernier insert il y a 59s
⏳ Ignoré (throttle): FABLAB_21_22/RADAR/salle104/presence, dernier insert il y a 59s
⏳ Ignoré (throttle): FABLAB_21_22/RADAR/salle104/c1_x, dernier insert il y a 33s
⏳ Ignoré (throttle): FABLAB_21_22/RADAR/salle104/c1_y, dernier insert il y a 32s
⏳ Ignoré (throttle): FABLAB_21_22/RADAR/salle104/c1_vitesse, dernier insert il y a 32s
⏳ Ignoré (throttle): FABLAB_21_22/RADAR/salle104/c1_dist_cm, dernier insert il y a 17s
🔔 Message MQTT [FABLAB_21_22/RADAR/salle104] : {"nb":1,"presence":true,"ts":573112,"c1":{"x":236,"y":-556,"vitesse":0,"dist_cm":60}}
✅ JSON détecté sur FABLAB_21_22/RADAR/salle104. Champs numériques extraits: 6
💾 Sauvé: FABLAB_21_22/RADAR/salle104/nb = 1.0
💾 Sauvé: FABLAB_21_22/RADAR/salle104/presence = 1.0
⏳ Ignoré (throttle): FABLAB_21_22/RADAR/salle104/c1_x, dernier insert il y a 36s
⏳ Ignoré (throttle): FABLAB_21_22/RADAR/salle104/c1_y, dernier insert il y a 36s
⏳ Ignoré (throttle): FABLAB_21_22/RADAR/salle104/c1_vitesse, dernier insert il y a 35s
⏳ Ignoré (throttle): FABLAB_21_22/RADAR/salle104/c1_dist_cm, dernier insert il y a 21s
🔔 Message MQTT [FABLAB_21_22/RADAR/salle104] : {"nb":1,"presence":true,"ts":576112,"c1":{"x":337,"y":-663,"vitesse":-8,"dist_cm":74}}
✅ JSON détecté sur FABLAB_21_22/RADAR/salle104. Champs numériques extraits: 6
⏳ Ignoré (throttle): FABLAB_21_22/RADAR/salle104/nb, dernier insert il y a 3s
⏳ Ignoré (throttle): FABLAB_21_22/RADAR/salle104/presence, dernier insert il y a 2s
⏳ Ignoré (throttle): FABLAB_21_22/RADAR/salle104/c1_x, dernier insert il y a 38s
⏳ Ignoré (throttle): FABLAB_21_22/RADAR/salle104/c1_y, dernier insert il y a 38s
⏳ Ignoré (throttle): FABLAB_21_22/RADAR/salle104/c1_vitesse, dernier insert il y a 38s
⏳ Ignoré (throttle): FABLAB_21_22/RADAR/salle104/c1_dist_cm, dernier insert il y a 23s
🔔 Message MQTT [FABLAB_21_22/RADAR/salle104] : {"nb":1,"presence":true,"ts":579112,"c1":{"x":73,"y":-767,"vitesse":0,"dist_cm":77}}
✅ JSON détecté sur FABLAB_21_22/RADAR/salle104. Champs numériques extraits: 6
⏳ Ignoré (throttle): FABLAB_21_22/RADAR/salle104/nb, dernier insert il y a 6s
⏳ Ignoré (throttle): FABLAB_21_22/RADAR/salle104/presence, dernier insert il y a 5s
⏳ Ignoré (throttle): FABLAB_21_22/RADAR/salle104/c1_x, dernier insert il y a 41s
⏳ Ignoré (throttle): FABLAB_21_22/RADAR/salle104/c1_y, dernier insert il y a 41s
⏳ Ignoré (throttle): FABLAB_21_22/RADAR/salle104/c1_vitesse, dernier insert il y a 41s
⏳ Ignoré (throttle): FABLAB_21_22/RADAR/salle104/c1_dist_cm, dernier insert il y a 26s
🔔 Message MQTT [FABLAB_21_22/RADAR/salle104] : {"nb":1,"presence":true,"ts":582112,"c1":{"x":239,"y":-208,"vitesse":0,"dist_cm":31}}
✅ JSON détecté sur FABLAB_21_22/RADAR/salle104. Champs numériques extraits: 6
⏳ Ignoré (throttle): FABLAB_21_22/RADAR/salle104/nb, dernier insert il y a 9s
⏳ Ignoré (throttle): FABLAB_21_22/RADAR/salle104/presence, dernier insert il y a 8s
⏳ Ignoré (throttle): FABLAB_21_22/RADAR/salle104/c1_x, dernier insert il y a 45s
⏳ Ignoré (throttle): FABLAB_21_22/RADAR/salle104/c1_y, dernier insert il y a 44s
⏳ Ignoré (throttle): FABLAB_21_22/RADAR/salle104/c1_vitesse, dernier insert il y a 44s
⏳ Ignoré (throttle): FABLAB_21_22/RADAR/salle104/c1_dist_cm, dernier insert il y a 29s
🔔 Message MQTT [FABLAB_21_22/RADAR/salle104] : {"nb":1,"presence":true,"ts":585112,"c1":{"x":302,"y":-224,"vitesse":-8,"dist_cm":37}}
✅ JSON détecté sur FABLAB_21_22/RADAR/salle104. Champs numériques extraits: 6
⏳ Ignoré (throttle): FABLAB_21_22/RADAR/salle104/nb, dernier insert il y a 12s
⏳ Ignoré (throttle): FABLAB_21_22/RADAR/salle104/presence, dernier insert il y a 11s
⏳ Ignoré (throttle): FABLAB_21_22/RADAR/salle104/c1_x, dernier insert il y a 48s
⏳ Ignoré (throttle): FABLAB_21_22/RADAR/salle104/c1_y, dernier insert il y a 47s
⏳ Ignoré (throttle): FABLAB_21_22/RADAR/salle104/c1_vitesse, dernier insert il y a 47s
⏳ Ignoré (throttle): FABLAB_21_22/RADAR/salle104/c1_dist_cm, dernier insert il y a 33s
🔔 Message MQTT [FABLAB_21_22/RADAR/salle104] : {"nb":1,"presence":true,"ts":588112,"c1":{"x":266,"y":-221,"vitesse":-8,"dist_cm":34}}
✅ JSON détecté sur FABLAB_21_22/RADAR/salle104. Champs numériques extraits: 6
⏳ Ignoré (throttle): FABLAB_21_22/RADAR/salle104/nb, dernier insert il y a 15s
⏳ Ignoré (throttle): FABLAB_21_22/RADAR/salle104/presence, dernier insert il y a 14s
⏳ Ignoré (throttle): FABLAB_21_22/RADAR/salle104/c1_x, dernier insert il y a 50s
⏳ Ignoré (throttle): FABLAB_21_22/RADAR/salle104/c1_y, dernier insert il y a 50s
⏳ Ignoré (throttle): FABLAB_21_22/RADAR/salle104/c1_vitesse, dernier insert il y a 50s
⏳ Ignoré (throttle): FABLAB_21_22/RADAR/salle104/c1_dist_cm, dernier insert il y a 35s
🔔 Message MQTT [FABLAB_21_22/RADAR/salle104] : {"nb":2,"presence":true,"ts":591112,"c1":{"x":169,"y":-517,"vitesse":0,"dist_cm":54},"c2":{"x":-1232,"y":-1460,"vitesse":0,"dist_cm":191}}
✅ JSON détecté sur FABLAB_21_22/RADAR/salle104. Champs numériques extraits: 10
⏳ Ignoré (throttle): FABLAB_21_22/RADAR/salle104/nb, dernier insert il y a 18s
⏳ Ignoré (throttle): FABLAB_21_22/RADAR/salle104/presence, dernier insert il y a 17s
⏳ Ignoré (throttle): FABLAB_21_22/RADAR/salle104/c1_x, dernier insert il y a 54s
⏳ Ignoré (throttle): FABLAB_21_22/RADAR/salle104/c1_y, dernier insert il y a 53s
⏳ Ignoré (throttle): FABLAB_21_22/RADAR/salle104/c1_vitesse, dernier insert il y a 53s
⏳ Ignoré (throttle): FABLAB_21_22/RADAR/salle104/c1_dist_cm, dernier insert il y a 38s
💾 Sauvé: FABLAB_21_22/RADAR/salle104/c2_x = -1232.0
💾 Sauvé: FABLAB_21_22/RADAR/salle104/c2_y = -1460.0
💾 Sauvé: FABLAB_21_22/RADAR/salle104/c2_vitesse = 0.0
💾 Sauvé: FABLAB_21_22/RADAR/salle104/c2_dist_cm = 191.0
🔔 Message MQTT [FABLAB_21_22/RADAR/salle104] : {"nb":1,"presence":true,"ts":594112,"c1":{"x":-64,"y":-347,"vitesse":0,"dist_cm":35}}
✅ JSON détecté sur FABLAB_21_22/RADAR/salle104. Champs numériques extraits: 6
⏳ Ignoré (throttle): FABLAB_21_22/RADAR/salle104/nb, dernier insert il y a 20s
⏳ Ignoré (throttle): FABLAB_21_22/RADAR/salle104/presence, dernier insert il y a 20s
⏳ Ignoré (throttle): FABLAB_21_22/RADAR/salle104/c1_x, dernier insert il y a 56s
⏳ Ignoré (throttle): FABLAB_21_22/RADAR/salle104/c1_y, dernier insert il y a 56s
⏳ Ignoré (throttle): FABLAB_21_22/RADAR/salle104/c1_vitesse, dernier insert il y a 56s
⏳ Ignoré (throttle): FABLAB_21_22/RADAR/salle104/c1_dist_cm, dernier insert il y a 41s
🔔 Message MQTT [FABLAB_21_22/RADAR/salle104] : {"nb":1,"presence":true,"ts":597112,"c1":{"x":370,"y":-827,"vitesse":0,"dist_cm":90}}
✅ JSON détecté sur FABLAB_21_22/RADAR/salle104. Champs numériques extraits: 6
⏳ Ignoré (throttle): FABLAB_21_22/RADAR/salle104/nb, dernier insert il y a 24s
⏳ Ignoré (throttle): FABLAB_21_22/RADAR/salle104/presence, dernier insert il y a 23s
💾 Sauvé: FABLAB_21_22/RADAR/salle104/c1_x = 370.0
💾 Sauvé: FABLAB_21_22/RADAR/salle104/c1_y = -827.0
💾 Sauvé: FABLAB_21_22/RADAR/salle104/c1_vitesse = 0.0
⏳ Ignoré (throttle): FABLAB_21_22/RADAR/salle104/c1_dist_cm, dernier insert il y a 45s
🔔 Message MQTT [FABLAB_21_22/RADAR/salle104] : {"nb":1,"presence":true,"ts":600112,"c1":{"x":-356,"y":-812,"vitesse":-8,"dist_cm":88}}
✅ JSON détecté sur FABLAB_21_22/RADAR/salle104. Champs numériques extraits: 6
⏳ Ignoré (throttle): FABLAB_21_22/RADAR/salle104/nb, dernier insert il y a 27s
⏳ Ignoré (throttle): FABLAB_21_22/RADAR/salle104/presence, dernier insert il y a 26s
⏳ Ignoré (throttle): FABLAB_21_22/RADAR/salle104/c1_x, dernier insert il y a 2s
⏳ Ignoré (throttle): FABLAB_21_22/RADAR/salle104/c1_y, dernier insert il y a 2s
⏳ Ignoré (throttle): FABLAB_21_22/RADAR/salle104/c1_vitesse, dernier insert il y a 2s
⏳ Ignoré (throttle): FABLAB_21_22/RADAR/salle104/c1_dist_cm, dernier insert il y a 47s
🔔 Message MQTT [FABLAB_21_22/RADAR/salle104] : {"nb":1,"presence":true,"ts":603112,"c1":{"x":-322,"y":-1245,"vitesse":-39,"dist_cm":128}}
✅ JSON détecté sur FABLAB_21_22/RADAR/salle104. Champs numériques extraits: 6
⏳ Ignoré (throttle): FABLAB_21_22/RADAR/salle104/nb, dernier insert il y a 30s
⏳ Ignoré (throttle): FABLAB_21_22/RADAR/salle104/presence, dernier insert il y a 29s
⏳ Ignoré (throttle): FABLAB_21_22/RADAR/salle104/c1_x, dernier insert il y a 5s
⏳ Ignoré (throttle): FABLAB_21_22/RADAR/salle104/c1_y, dernier insert il y a 5s
⏳ Ignoré (throttle): FABLAB_21_22/RADAR/salle104/c1_vitesse, dernier insert il y a 5s
⏳ Ignoré (throttle): FABLAB_21_22/RADAR/salle104/c1_dist_cm, dernier insert il y a 50s
🔔 Message MQTT [FABLAB_21_22/RADAR/salle104] : {"nb":0,"presence":false,"ts":606112}
✅ JSON détecté sur FABLAB_21_22/RADAR/salle104. Champs numériques extraits: 2
⏳ Ignoré (throttle): FABLAB_21_22/RADAR/salle104/nb, dernier insert il y a 33s
⏳ Ignoré (throttle): FABLAB_21_22/RADAR/salle104/presence, dernier insert il y a 32s
🔔 Message MQTT [FABLAB_21_22/RADAR/salle104] : {"nb":1,"presence":true,"ts":609112,"c2":{"x":492,"y":-929,"vitesse":0,"dist_cm":105}}
✅ JSON détecté sur FABLAB_21_22/RADAR/salle104. Champs numériques extraits: 6
⏳ Ignoré (throttle): FABLAB_21_22/RADAR/salle104/nb, dernier insert il y a 36s
⏳ Ignoré (throttle): FABLAB_21_22/RADAR/salle104/presence, dernier insert il y a 35s
⏳ Ignoré (throttle): FABLAB_21_22/RADAR/salle104/c2_x, dernier insert il y a 17s
⏳ Ignoré (throttle): FABLAB_21_22/RADAR/salle104/c2_y, dernier insert il y a 17s
⏳ Ignoré (throttle): FABLAB_21_22/RADAR/salle104/c2_vitesse, dernier insert il y a 17s
⏳ Ignoré (throttle): FABLAB_21_22/RADAR/salle104/c2_dist_cm, dernier insert il y a 17s
🔔 Message MQTT [FABLAB_21_22/RADAR/salle104] : {"nb":1,"presence":true,"ts":612112,"c2":{"x":263,"y":-871,"vitesse":39,"dist_cm":90}}
✅ JSON détecté sur FABLAB_21_22/RADAR/salle104. Champs numériques extraits: 6
⏳ Ignoré (throttle): FABLAB_21_22/RADAR/salle104/nb, dernier insert il y a 39s
⏳ Ignoré (throttle): FABLAB_21_22/RADAR/salle104/presence, dernier insert il y a 38s
⏳ Ignoré (throttle): FABLAB_21_22/RADAR/salle104/c2_x, dernier insert il y a 20s
⏳ Ignoré (throttle): FABLAB_21_22/RADAR/salle104/c2_y, dernier insert il y a 20s
⏳ Ignoré (throttle): FABLAB_21_22/RADAR/salle104/c2_vitesse, dernier insert il y a 20s
⏳ Ignoré (throttle): FABLAB_21_22/RADAR/salle104/c2_dist_cm, dernier insert il y a 20s
🔔 Message MQTT [FABLAB_21_22/RADAR/salle104] : {"nb":1,"presence":true,"ts":615112,"c1":{"x":58,"y":-303,"vitesse":0,"dist_cm":30}}
✅ JSON détecté sur FABLAB_21_22/RADAR/salle104. Champs numériques extraits: 6
⏳ Ignoré (throttle): FABLAB_21_22/RADAR/salle104/nb, dernier insert il y a 41s
⏳ Ignoré (throttle): FABLAB_21_22/RADAR/salle104/presence, dernier insert il y a 41s
⏳ Ignoré (throttle): FABLAB_21_22/RADAR/salle104/c1_x, dernier insert il y a 17s
⏳ Ignoré (throttle): FABLAB_21_22/RADAR/salle104/c1_y, dernier insert il y a 17s
⏳ Ignoré (throttle): FABLAB_21_22/RADAR/salle104/c1_vitesse, dernier insert il y a 17s
💾 Sauvé: FABLAB_21_22/RADAR/salle104/c1_dist_cm = 30.0
🔔 Message MQTT [FABLAB_21_22/RADAR/salle104] : {"nb":1,"presence":true,"ts":618112,"c1":{"x":-366,"y":-1235,"vitesse":-56,"dist_cm":128}}
✅ JSON détecté sur FABLAB_21_22/RADAR/salle104. Champs numériques extraits: 6
⏳ Ignoré (throttle): FABLAB_21_22/RADAR/salle104/nb, dernier insert il y a 45s
⏳ Ignoré (throttle): FABLAB_21_22/RADAR/salle104/presence, dernier insert il y a 44s
⏳ Ignoré (throttle): FABLAB_21_22/RADAR/salle104/c1_x, dernier insert il y a 20s
⏳ Ignoré (throttle): FABLAB_21_22/RADAR/salle104/c1_y, dernier insert il y a 20s
⏳ Ignoré (throttle): FABLAB_21_22/RADAR/salle104/c1_vitesse, dernier insert il y a 20s
⏳ Ignoré (throttle): FABLAB_21_22/RADAR/salle104/c1_dist_cm, dernier insert il y a 3s
🔔 Message MQTT [FABLAB_21_22/RADAR/salle104] : {"nb":0,"presence":false,"ts":621112}
✅ JSON détecté sur FABLAB_21_22/RADAR/salle104. Champs numériques extraits: 2
⏳ Ignoré (throttle): FABLAB_21_22/RADAR/salle104/nb, dernier insert il y a 48s
⏳ Ignoré (throttle): FABLAB_21_22/RADAR/salle104/presence, dernier insert il y a 47s
🔔 Message MQTT [FABLAB_21_22/RADAR/salle104] : {"nb":1,"presence":true,"ts":624112,"c1":{"x":955,"y":-572,"vitesse":0,"dist_cm":111}}
✅ JSON détecté sur FABLAB_21_22/RADAR/salle104. Champs numériques extraits: 6
⏳ Ignoré (throttle): FABLAB_21_22/RADAR/salle104/nb, dernier insert il y a 51s
⏳ Ignoré (throttle): FABLAB_21_22/RADAR/salle104/presence, dernier insert il y a 50s
⏳ Ignoré (throttle): FABLAB_21_22/RADAR/salle104/c1_x, dernier insert il y a 26s
⏳ Ignoré (throttle): FABLAB_21_22/RADAR/salle104/c1_y, dernier insert il y a 26s
⏳ Ignoré (throttle): FABLAB_21_22/RADAR/salle104/c1_vitesse, dernier insert il y a 26s
⏳ Ignoré (throttle): FABLAB_21_22/RADAR/salle104/c1_dist_cm, dernier insert il y a 9s
🔔 Message MQTT [FABLAB_21_22/RADAR/salle104] : {"nb":1,"presence":true,"ts":627112,"c1":{"x":955,"y":-572,"vitesse":0,"dist_cm":111}}
✅ JSON détecté sur FABLAB_21_22/RADAR/salle104. Champs numériques extraits: 6
⏳ Ignoré (throttle): FABLAB_21_22/RADAR/salle104/nb, dernier insert il y a 54s
⏳ Ignoré (throttle): FABLAB_21_22/RADAR/salle104/presence, dernier insert il y a 53s
⏳ Ignoré (throttle): FABLAB_21_22/RADAR/salle104/c1_x, dernier insert il y a 29s
⏳ Ignoré (throttle): FABLAB_21_22/RADAR/salle104/c1_y, dernier insert il y a 29s
⏳ Ignoré (throttle): FABLAB_21_22/RADAR/salle104/c1_vitesse, dernier insert il y a 29s
⏳ Ignoré (throttle): FABLAB_21_22/RADAR/salle104/c1_dist_cm, dernier insert il y a 12s
🔔 Message MQTT [FABLAB_21_22/RADAR/salle104] : {"nb":1,"presence":true,"ts":630112,"c1":{"x":900,"y":-541,"vitesse":8,"dist_cm":105}}
✅ JSON détecté sur FABLAB_21_22/RADAR/salle104. Champs numériques extraits: 6
⏳ Ignoré (throttle): FABLAB_21_22/RADAR/salle104/nb, dernier insert il y a 56s
⏳ Ignoré (throttle): FABLAB_21_22/RADAR/salle104/presence, dernier insert il y a 56s
⏳ Ignoré (throttle): FABLAB_21_22/RADAR/salle104/c1_x, dernier insert il y a 32s
⏳ Ignoré (throttle): FABLAB_21_22/RADAR/salle104/c1_y, dernier insert il y a 32s
⏳ Ignoré (throttle): FABLAB_21_22/RADAR/salle104/c1_vitesse, dernier insert il y a 32s
⏳ Ignoré (throttle): FABLAB_21_22/RADAR/salle104/c1_dist_cm, dernier insert il y a 15s
🔔 Message MQTT [FABLAB_21_22/RADAR/salle104] : {"nb":1,"presence":true,"ts":633112,"c1":{"x":609,"y":-378,"vitesse":0,"dist_cm":71}}
✅ JSON détecté sur FABLAB_21_22/RADAR/salle104. Champs numériques extraits: 6
💾 Sauvé: FABLAB_21_22/RADAR/salle104/nb = 1.0
💾 Sauvé: FABLAB_21_22/RADAR/salle104/presence = 1.0
⏳ Ignoré (throttle): FABLAB_21_22/RADAR/salle104/c1_x, dernier insert il y a 36s
⏳ Ignoré (throttle): FABLAB_21_22/RADAR/salle104/c1_y, dernier insert il y a 36s
⏳ Ignoré (throttle): FABLAB_21_22/RADAR/salle104/c1_vitesse, dernier insert il y a 36s
⏳ Ignoré (throttle): FABLAB_21_22/RADAR/salle104/c1_dist_cm, dernier insert il y a 18s
🔔 Message MQTT [FABLAB_21_22/RADAR/salle104] : {"nb":1,"presence":true,"ts":636112,"c1":{"x":609,"y":-378,"vitesse":0,"dist_cm":71}}
✅ JSON détecté sur FABLAB_21_22/RADAR/salle104. Champs numériques extraits: 6
⏳ Ignoré (throttle): FABLAB_21_22/RADAR/salle104/nb, dernier insert il y a 2s
⏳ Ignoré (throttle): FABLAB_21_22/RADAR/salle104/presence, dernier insert il y a 2s
⏳ Ignoré (throttle): FABLAB_21_22/RADAR/salle104/c1_x, dernier insert il y a 38s
⏳ Ignoré (throttle): FABLAB_21_22/RADAR/salle104/c1_y, dernier insert il y a 38s
⏳ Ignoré (throttle): FABLAB_21_22/RADAR/salle104/c1_vitesse, dernier insert il y a 38s
⏳ Ignoré (throttle): FABLAB_21_22/RADAR/salle104/c1_dist_cm, dernier insert il y a 20s
🔔 Message MQTT [FABLAB_21_22/RADAR/salle104] : {"nb":1,"presence":true,"ts":639112,"c1":{"x":558,"y":-522,"vitesse":39,"dist_cm":76}}
✅ JSON détecté sur FABLAB_21_22/RADAR/salle104. Champs numériques extraits: 6
⏳ Ignoré (throttle): FABLAB_21_22/RADAR/salle104/nb, dernier insert il y a 6s
⏳ Ignoré (throttle): FABLAB_21_22/RADAR/salle104/presence, dernier insert il y a 5s
⏳ Ignoré (throttle): FABLAB_21_22/RADAR/salle104/c1_x, dernier insert il y a 41s
⏳ Ignoré (throttle): FABLAB_21_22/RADAR/salle104/c1_y, dernier insert il y a 41s
⏳ Ignoré (throttle): FABLAB_21_22/RADAR/salle104/c1_vitesse, dernier insert il y a 41s
⏳ Ignoré (throttle): FABLAB_21_22/RADAR/salle104/c1_dist_cm, dernier insert il y a 24s
🔔 Message MQTT [FABLAB_21_22/RADAR/salle104] : {"nb":1,"presence":true,"ts":642112,"c1":{"x":-294,"y":-705,"vitesse":-39,"dist_cm":76}}
✅ JSON détecté sur FABLAB_21_22/RADAR/salle104. Champs numériques extraits: 6
⏳ Ignoré (throttle): FABLAB_21_22/RADAR/salle104/nb, dernier insert il y a 8s
⏳ Ignoré (throttle): FABLAB_21_22/RADAR/salle104/presence, dernier insert il y a 8s
⏳ Ignoré (throttle): FABLAB_21_22/RADAR/salle104/c1_x, dernier insert il y a 44s
⏳ Ignoré (throttle): FABLAB_21_22/RADAR/salle104/c1_y, dernier insert il y a 44s
⏳ Ignoré (throttle): FABLAB_21_22/RADAR/salle104/c1_vitesse, dernier insert il y a 44s
⏳ Ignoré (throttle): FABLAB_21_22/RADAR/salle104/c1_dist_cm, dernier insert il y a 27s
🔔 Message MQTT [FABLAB_21_22/RADAR/salle104] : {"nb":1,"presence":true,"ts":645112,"c1":{"x":-1367,"y":-1231,"vitesse":-48,"dist_cm":183}}
✅ JSON détecté sur FABLAB_21_22/RADAR/salle104. Champs numériques extraits: 6
⏳ Ignoré (throttle): FABLAB_21_22/RADAR/salle104/nb, dernier insert il y a 11s
⏳ Ignoré (throttle): FABLAB_21_22/RADAR/salle104/presence, dernier insert il y a 11s
⏳ Ignoré (throttle): FABLAB_21_22/RADAR/salle104/c1_x, dernier insert il y a 47s
⏳ Ignoré (throttle): FABLAB_21_22/RADAR/salle104/c1_y, dernier insert il y a 47s
⏳ Ignoré (throttle): FABLAB_21_22/RADAR/salle104/c1_vitesse, dernier insert il y a 47s
⏳ Ignoré (throttle): FABLAB_21_22/RADAR/salle104/c1_dist_cm, dernier insert il y a 30s
🔔 Message MQTT [FABLAB_21_22/RADAR/salle104] : {"nb":0,"presence":false,"ts":648112}
✅ JSON détecté sur FABLAB_21_22/RADAR/salle104. Champs numériques extraits: 2
⏳ Ignoré (throttle): FABLAB_21_22/RADAR/salle104/nb, dernier insert il y a 15s
⏳ Ignoré (throttle): FABLAB_21_22/RADAR/salle104/presence, dernier insert il y a 14s
🔔 Message MQTT [FABLAB_21_22/RADAR/salle104] : {"nb":1,"presence":true,"ts":651112,"c1":{"x":-1135,"y":-1400,"vitesse":0,"dist_cm":180}}
✅ JSON détecté sur FABLAB_21_22/RADAR/salle104. Champs numériques extraits: 6
⏳ Ignoré (throttle): FABLAB_21_22/RADAR/salle104/nb, dernier insert il y a 17s
⏳ Ignoré (throttle): FABLAB_21_22/RADAR/salle104/presence, dernier insert il y a 17s
⏳ Ignoré (throttle): FABLAB_21_22/RADAR/salle104/c1_x, dernier insert il y a 53s
⏳ Ignoré (throttle): FABLAB_21_22/RADAR/salle104/c1_y, dernier insert il y a 53s
⏳ Ignoré (throttle): FABLAB_21_22/RADAR/salle104/c1_vitesse, dernier insert il y a 53s
⏳ Ignoré (throttle): FABLAB_21_22/RADAR/salle104/c1_dist_cm, dernier insert il y a 36s
🔔 Message MQTT [FABLAB_21_22/RADAR/salle104] : {"nb":0,"presence":false,"ts":654112}
✅ JSON détecté sur FABLAB_21_22/RADAR/salle104. Champs numériques extraits: 2
⏳ Ignoré (throttle): FABLAB_21_22/RADAR/salle104/nb, dernier insert il y a 20s
⏳ Ignoré (throttle): FABLAB_21_22/RADAR/salle104/presence, dernier insert il y a 20s
🔔 Message MQTT [FABLAB_21_22/RADAR/salle104] : {"nb":0,"presence":false,"ts":657112}
✅ JSON détecté sur FABLAB_21_22/RADAR/salle104. Champs numériques extraits: 2
⏳ Ignoré (throttle): FABLAB_21_22/RADAR/salle104/nb, dernier insert il y a 23s
⏳ Ignoré (throttle): FABLAB_21_22/RADAR/salle104/presence, dernier insert il y a 23s
🔔 Message MQTT [FABLAB_21_22/RADAR/salle104] : {"nb":0,"presence":false,"ts":660112}
✅ JSON détecté sur FABLAB_21_22/RADAR/salle104. Champs numériques extraits: 2
⏳ Ignoré (throttle): FABLAB_21_22/RADAR/salle104/nb, dernier insert il y a 26s
⏳ Ignoré (throttle): FABLAB_21_22/RADAR/salle104/presence, dernier insert il y a 26s
🔔 Message MQTT [FABLAB_21_22/RADAR/salle104] : {"nb":1,"presence":true,"ts":663112,"c1":{"x":-1388,"y":-1114,"vitesse":-48,"dist_cm":177}}
✅ JSON détecté sur FABLAB_21_22/RADAR/salle104. Champs numériques extraits: 6
⏳ Ignoré (throttle): FABLAB_21_22/RADAR/salle104/nb, dernier insert il y a 29s
⏳ Ignoré (throttle): FABLAB_21_22/RADAR/salle104/presence, dernier insert il y a 29s
💾 Sauvé: FABLAB_21_22/RADAR/salle104/c1_x = -1388.0
💾 Sauvé: FABLAB_21_22/RADAR/salle104/c1_y = -1114.0
💾 Sauvé: FABLAB_21_22/RADAR/salle104/c1_vitesse = -48.0
⏳ Ignoré (throttle): FABLAB_21_22/RADAR/salle104/c1_dist_cm, dernier insert il y a 48s
🔔 Message MQTT [FABLAB_21_22/RADAR/salle104] : {"nb":0,"presence":false,"ts":666112}
✅ JSON détecté sur FABLAB_21_22/RADAR/salle104. Champs numériques extraits: 2
⏳ Ignoré (throttle): FABLAB_21_22/RADAR/salle104/nb, dernier insert il y a 32s
⏳ Ignoré (throttle): FABLAB_21_22/RADAR/salle104/presence, dernier insert il y a 32s
🔔 Message MQTT [FABLAB_21_22/RADAR/salle104] : {"nb":1,"presence":true,"ts":669112,"c1":{"x":1359,"y":-1230,"vitesse":-8,"dist_cm":183}}
✅ JSON détecté sur FABLAB_21_22/RADAR/salle104. Champs numériques extraits: 6
⏳ Ignoré (throttle): FABLAB_21_22/RADAR/salle104/nb, dernier insert il y a 36s
⏳ Ignoré (throttle): FABLAB_21_22/RADAR/salle104/presence, dernier insert il y a 35s
⏳ Ignoré (throttle): FABLAB_21_22/RADAR/salle104/c1_x, dernier insert il y a 6s
⏳ Ignoré (throttle): FABLAB_21_22/RADAR/salle104/c1_y, dernier insert il y a 5s
⏳ Ignoré (throttle): FABLAB_21_22/RADAR/salle104/c1_vitesse, dernier insert il y a 5s
⏳ Ignoré (throttle): FABLAB_21_22/RADAR/salle104/c1_dist_cm, dernier insert il y a 54s
🔔 Message MQTT [FABLAB_21_22/RADAR/salle104] : {"nb":1,"presence":true,"ts":672112,"c1":{"x":627,"y":-1054,"vitesse":39,"dist_cm":122}}
✅ JSON détecté sur FABLAB_21_22/RADAR/salle104. Champs numériques extraits: 6
⏳ Ignoré (throttle): FABLAB_21_22/RADAR/salle104/nb, dernier insert il y a 38s
⏳ Ignoré (throttle): FABLAB_21_22/RADAR/salle104/presence, dernier insert il y a 38s
⏳ Ignoré (throttle): FABLAB_21_22/RADAR/salle104/c1_x, dernier insert il y a 8s
⏳ Ignoré (throttle): FABLAB_21_22/RADAR/salle104/c1_y, dernier insert il y a 8s
⏳ Ignoré (throttle): FABLAB_21_22/RADAR/salle104/c1_vitesse, dernier insert il y a 8s
⏳ Ignoré (throttle): FABLAB_21_22/RADAR/salle104/c1_dist_cm, dernier insert il y a 57s
🔔 Message MQTT [FABLAB_21_22/RADAR/salle104] : {"nb":1,"presence":true,"ts":675112,"c1":{"x":646,"y":-574,"vitesse":-8,"dist_cm":86}}
✅ JSON détecté sur FABLAB_21_22/RADAR/salle104. Champs numériques extraits: 6
⏳ Ignoré (throttle): FABLAB_21_22/RADAR/salle104/nb, dernier insert il y a 41s
⏳ Ignoré (throttle): FABLAB_21_22/RADAR/salle104/presence, dernier insert il y a 41s
⏳ Ignoré (throttle): FABLAB_21_22/RADAR/salle104/c1_x, dernier insert il y a 12s
⏳ Ignoré (throttle): FABLAB_21_22/RADAR/salle104/c1_y, dernier insert il y a 11s
⏳ Ignoré (throttle): FABLAB_21_22/RADAR/salle104/c1_vitesse, dernier insert il y a 11s
💾 Sauvé: FABLAB_21_22/RADAR/salle104/c1_dist_cm = 86.0
🔔 Message MQTT [FABLAB_21_22/RADAR/salle104] : {"nb":1,"presence":true,"ts":678112,"c1":{"x":1113,"y":-952,"vitesse":0,"dist_cm":146}}
✅ JSON détecté sur FABLAB_21_22/RADAR/salle104. Champs numériques extraits: 6
⏳ Ignoré (throttle): FABLAB_21_22/RADAR/salle104/nb, dernier insert il y a 45s
⏳ Ignoré (throttle): FABLAB_21_22/RADAR/salle104/presence, dernier insert il y a 44s
⏳ Ignoré (throttle): FABLAB_21_22/RADAR/salle104/c1_x, dernier insert il y a 15s
⏳ Ignoré (throttle): FABLAB_21_22/RADAR/salle104/c1_y, dernier insert il y a 14s
⏳ Ignoré (throttle): FABLAB_21_22/RADAR/salle104/c1_vitesse, dernier insert il y a 14s
⏳ Ignoré (throttle): FABLAB_21_22/RADAR/salle104/c1_dist_cm, dernier insert il y a 3s
🔔 Message MQTT [FABLAB_21_22/RADAR/salle104] : {"nb":1,"presence":true,"ts":681112,"c1":{"x":-468,"y":-651,"vitesse":0,"dist_cm":80}}
✅ JSON détecté sur FABLAB_21_22/RADAR/salle104. Champs numériques extraits: 6
⏳ Ignoré (throttle): FABLAB_21_22/RADAR/salle104/nb, dernier insert il y a 48s
⏳ Ignoré (throttle): FABLAB_21_22/RADAR/salle104/presence, dernier insert il y a 47s
⏳ Ignoré (throttle): FABLAB_21_22/RADAR/salle104/c1_x, dernier insert il y a 18s
⏳ Ignoré (throttle): FABLAB_21_22/RADAR/salle104/c1_y, dernier insert il y a 17s
⏳ Ignoré (throttle): FABLAB_21_22/RADAR/salle104/c1_vitesse, dernier insert il y a 17s
⏳ Ignoré (throttle): FABLAB_21_22/RADAR/salle104/c1_dist_cm, dernier insert il y a 6s
🔔 Message MQTT [FABLAB_21_22/RADAR/salle104] : {"nb":1,"presence":true,"ts":684112,"c1":{"x":859,"y":-860,"vitesse":0,"dist_cm":121}}
✅ JSON détecté sur FABLAB_21_22/RADAR/salle104. Champs numériques extraits: 6
⏳ Ignoré (throttle): FABLAB_21_22/RADAR/salle104/nb, dernier insert il y a 51s
⏳ Ignoré (throttle): FABLAB_21_22/RADAR/salle104/presence, dernier insert il y a 50s
⏳ Ignoré (throttle): FABLAB_21_22/RADAR/salle104/c1_x, dernier insert il y a 21s
⏳ Ignoré (throttle): FABLAB_21_22/RADAR/salle104/c1_y, dernier insert il y a 20s
⏳ Ignoré (throttle): FABLAB_21_22/RADAR/salle104/c1_vitesse, dernier insert il y a 20s
⏳ Ignoré (throttle): FABLAB_21_22/RADAR/salle104/c1_dist_cm, dernier insert il y a 9s
🔔 Message MQTT [FABLAB_21_22/RADAR/salle104] : {"nb":1,"presence":true,"ts":687112,"c1":{"x":561,"y":-750,"vitesse":-8,"dist_cm":93}}
✅ JSON détecté sur FABLAB_21_22/RADAR/salle104. Champs numériques extraits: 6
⏳ Ignoré (throttle): FABLAB_21_22/RADAR/salle104/nb, dernier insert il y a 53s
⏳ Ignoré (throttle): FABLAB_21_22/RADAR/salle104/presence, dernier insert il y a 53s
⏳ Ignoré (throttle): FABLAB_21_22/RADAR/salle104/c1_x, dernier insert il y a 24s
⏳ Ignoré (throttle): FABLAB_21_22/RADAR/salle104/c1_y, dernier insert il y a 23s
⏳ Ignoré (throttle): FABLAB_21_22/RADAR/salle104/c1_vitesse, dernier insert il y a 23s
⏳ Ignoré (throttle): FABLAB_21_22/RADAR/salle104/c1_dist_cm, dernier insert il y a 11s
🔔 Message MQTT [FABLAB_21_22/RADAR/salle104] : {"nb":1,"presence":true,"ts":690112,"c1":{"x":-68,"y":-932,"vitesse":0,"dist_cm":93}}
✅ JSON détecté sur FABLAB_21_22/RADAR/salle104. Champs numériques extraits: 6
⏳ Ignoré (throttle): FABLAB_21_22/RADAR/salle104/nb, dernier insert il y a 56s
⏳ Ignoré (throttle): FABLAB_21_22/RADAR/salle104/presence, dernier insert il y a 56s
⏳ Ignoré (throttle): FABLAB_21_22/RADAR/salle104/c1_x, dernier insert il y a 26s
⏳ Ignoré (throttle): FABLAB_21_22/RADAR/salle104/c1_y, dernier insert il y a 26s
⏳ Ignoré (throttle): FABLAB_21_22/RADAR/salle104/c1_vitesse, dernier insert il y a 26s
⏳ Ignoré (throttle): FABLAB_21_22/RADAR/salle104/c1_dist_cm, dernier insert il y a 14s
🔔 Message MQTT [FABLAB_21_22/RADAR/salle104] : {"nb":1,"presence":true,"ts":693112,"c1":{"x":360,"y":-877,"vitesse":0,"dist_cm":94}}
✅ JSON détecté sur FABLAB_21_22/RADAR/salle104. Champs numériques extraits: 6
💾 Sauvé: FABLAB_21_22/RADAR/salle104/nb = 1.0
💾 Sauvé: FABLAB_21_22/RADAR/salle104/presence = 1.0
⏳ Ignoré (throttle): FABLAB_21_22/RADAR/salle104/c1_x, dernier insert il y a 30s
⏳ Ignoré (throttle): FABLAB_21_22/RADAR/salle104/c1_y, dernier insert il y a 30s
⏳ Ignoré (throttle): FABLAB_21_22/RADAR/salle104/c1_vitesse, dernier insert il y a 29s
⏳ Ignoré (throttle): FABLAB_21_22/RADAR/salle104/c1_dist_cm, dernier insert il y a 18s
🔔 Message MQTT [FABLAB_21_22/RADAR/salle104] : {"nb":1,"presence":true,"ts":696112,"c1":{"x":403,"y":-837,"vitesse":-8,"dist_cm":92}}
✅ JSON détecté sur FABLAB_21_22/RADAR/salle104. Champs numériques extraits: 6
⏳ Ignoré (throttle): FABLAB_21_22/RADAR/salle104/nb, dernier insert il y a 2s
⏳ Ignoré (throttle): FABLAB_21_22/RADAR/salle104/presence, dernier insert il y a 2s
⏳ Ignoré (throttle): FABLAB_21_22/RADAR/salle104/c1_x, dernier insert il y a 33s
⏳ Ignoré (throttle): FABLAB_21_22/RADAR/salle104/c1_y, dernier insert il y a 32s
⏳ Ignoré (throttle): FABLAB_21_22/RADAR/salle104/c1_vitesse, dernier insert il y a 32s
⏳ Ignoré (throttle): FABLAB_21_22/RADAR/salle104/c1_dist_cm, dernier insert il y a 20s
🔔 Message MQTT [FABLAB_21_22/tasmota/tele/tasmota_0725C0/STATE] : {"Time":"2026-05-05T14:04:09","Uptime":"5T06:10:13","UptimeSec":454213,"Heap":186,"SleepMode":"Dynamic","Sleep":50,"LoadAvg":19,"MqttCount":1,"Berry":{"HeapUsed":4,"Objects":55},"POWER":"ON","Wifi":{"AP":1,"SSId":"Fablab_104","BSSId":"40:ED:00:CD:4B:EB","Channel":6,"Mode":"HT20","RSSI":100,"Signal":-31,"LinkCount":1,"Downtime":"0T00:00:03"},"Hostname":"tasmota-0725C0-1472","IPAddress":"192.168.0.99"}
✅ JSON détecté sur FABLAB_21_22/tasmota/tele/tasmota_0725C0/STATE. Champs numériques extraits: 12
💾 Sauvé: FABLAB_21_22/tasmota/tele/tasmota_0725C0/STATE/uptimesec = 454213.0
💾 Sauvé: FABLAB_21_22/tasmota/tele/tasmota_0725C0/STATE/heap = 186.0
💾 Sauvé: FABLAB_21_22/tasmota/tele/tasmota_0725C0/STATE/sleep = 50.0
💾 Sauvé: FABLAB_21_22/tasmota/tele/tasmota_0725C0/STATE/loadavg = 19.0
💾 Sauvé: FABLAB_21_22/tasmota/tele/tasmota_0725C0/STATE/mqttcount = 1.0
💾 Sauvé: FABLAB_21_22/tasmota/tele/tasmota_0725C0/STATE/berry_heapused = 4.0
💾 Sauvé: FABLAB_21_22/tasmota/tele/tasmota_0725C0/STATE/berry_objects = 55.0
💾 Sauvé: FABLAB_21_22/tasmota/tele/tasmota_0725C0/STATE/wifi_ap = 1.0
💾 Sauvé: FABLAB_21_22/tasmota/tele/tasmota_0725C0/STATE/wifi_channel = 6.0
💾 Sauvé: FABLAB_21_22/tasmota/tele/tasmota_0725C0/STATE/wifi_rssi = 100.0
💾 Sauvé: FABLAB_21_22/tasmota/tele/tasmota_0725C0/STATE/wifi_signal = -31.0
💾 Sauvé: FABLAB_21_22/tasmota/tele/tasmota_0725C0/STATE/wifi_linkcount = 1.0
🔔 Message MQTT [FABLAB_21_22/tasmota/tele/tasmota_0725C0/SENSOR] : {"Time":"2026-05-05T14:04:09","ENERGY":{"TotalStartTime":"2026-04-01T07:18:43","Total":284.109,"Yesterday":0.000,"Today":2.887,"Period":53,"Power":0,"ApparentPower":0,"ReactivePower":0,"Factor":0.00,"Voltage":248,"Current":0.000}}
✅ JSON détecté sur FABLAB_21_22/tasmota/tele/tasmota_0725C0/SENSOR. Champs numériques extraits: 10
💾 Sauvé: FABLAB_21_22/tasmota/tele/tasmota_0725C0/SENSOR/energy_total = 284.109
💾 Sauvé: FABLAB_21_22/tasmota/tele/tasmota_0725C0/SENSOR/energy_yesterday = 0.0
💾 Sauvé: FABLAB_21_22/tasmota/tele/tasmota_0725C0/SENSOR/energy_today = 2.887
💾 Sauvé: FABLAB_21_22/tasmota/tele/tasmota_0725C0/SENSOR/energy_period = 53.0
💾 Sauvé: FABLAB_21_22/tasmota/tele/tasmota_0725C0/SENSOR/energy_power = 0.0
💾 Sauvé: FABLAB_21_22/tasmota/tele/tasmota_0725C0/SENSOR/energy_apparentpower = 0.0
💾 Sauvé: FABLAB_21_22/tasmota/tele/tasmota_0725C0/SENSOR/energy_reactivepower = 0.0
💾 Sauvé: FABLAB_21_22/tasmota/tele/tasmota_0725C0/SENSOR/energy_factor = 0.0
💾 Sauvé: FABLAB_21_22/tasmota/tele/tasmota_0725C0/SENSOR/energy_voltage = 248.0
💾 Sauvé: FABLAB_21_22/tasmota/tele/tasmota_0725C0/SENSOR/energy_current = 0.0
🔔 Message MQTT [FABLAB_21_22/RADAR/salle104] : {"nb":1,"presence":true,"ts":699112,"c1":{"x":-357,"y":-744,"vitesse":-16,"dist_cm":82}}
✅ JSON détecté sur FABLAB_21_22/RADAR/salle104. Champs numériques extraits: 6
⏳ Ignoré (throttle): FABLAB_21_22/RADAR/salle104/nb, dernier insert il y a 8s
⏳ Ignoré (throttle): FABLAB_21_22/RADAR/salle104/presence, dernier insert il y a 8s
⏳ Ignoré (throttle): FABLAB_21_22/RADAR/salle104/c1_x, dernier insert il y a 38s
⏳ Ignoré (throttle): FABLAB_21_22/RADAR/salle104/c1_y, dernier insert il y a 38s
⏳ Ignoré (throttle): FABLAB_21_22/RADAR/salle104/c1_vitesse, dernier insert il y a 37s
⏳ Ignoré (throttle): FABLAB_21_22/RADAR/salle104/c1_dist_cm, dernier insert il y a 26s
🔔 Message MQTT [FABLAB_21_22/RADAR/salle104] : {"nb":1,"presence":true,"ts":702112,"c1":{"x":-1092,"y":-1669,"vitesse":-24,"dist_cm":199}}
✅ JSON détecté sur FABLAB_21_22/RADAR/salle104. Champs numériques extraits: 6
⏳ Ignoré (throttle): FABLAB_21_22/RADAR/salle104/nb, dernier insert il y a 8s
⏳ Ignoré (throttle): FABLAB_21_22/RADAR/salle104/presence, dernier insert il y a 8s
⏳ Ignoré (throttle): FABLAB_21_22/RADAR/salle104/c1_x, dernier insert il y a 39s
⏳ Ignoré (throttle): FABLAB_21_22/RADAR/salle104/c1_y, dernier insert il y a 38s
⏳ Ignoré (throttle): FABLAB_21_22/RADAR/salle104/c1_vitesse, dernier insert il y a 38s
⏳ Ignoré (throttle): FABLAB_21_22/RADAR/salle104/c1_dist_cm, dernier insert il y a 27s
🔔 Message MQTT [FABLAB_21_22/RADAR/salle104] : {"nb":1,"presence":true,"ts":705112,"c1":{"x":-1456,"y":-1644,"vitesse":16,"dist_cm":219}}
✅ JSON détecté sur FABLAB_21_22/RADAR/salle104. Champs numériques extraits: 6
⏳ Ignoré (throttle): FABLAB_21_22/RADAR/salle104/nb, dernier insert il y a 11s
⏳ Ignoré (throttle): FABLAB_21_22/RADAR/salle104/presence, dernier insert il y a 11s
⏳ Ignoré (throttle): FABLAB_21_22/RADAR/salle104/c1_x, dernier insert il y a 41s
⏳ Ignoré (throttle): FABLAB_21_22/RADAR/salle104/c1_y, dernier insert il y a 41s
⏳ Ignoré (throttle): FABLAB_21_22/RADAR/salle104/c1_vitesse, dernier insert il y a 41s
⏳ Ignoré (throttle): FABLAB_21_22/RADAR/salle104/c1_dist_cm, dernier insert il y a 29s
🔔 Message MQTT [FABLAB_21_22/RADAR/salle104] : {"nb":2,"presence":true,"ts":708112,"c1":{"x":910,"y":-791,"vitesse":24,"dist_cm":120},"c2":{"x":-1449,"y":-1237,"vitesse":24,"dist_cm":190}}
✅ JSON détecté sur FABLAB_21_22/RADAR/salle104. Champs numériques extraits: 10
⏳ Ignoré (throttle): FABLAB_21_22/RADAR/salle104/nb, dernier insert il y a 14s
⏳ Ignoré (throttle): FABLAB_21_22/RADAR/salle104/presence, dernier insert il y a 14s
⏳ Ignoré (throttle): FABLAB_21_22/RADAR/salle104/c1_x, dernier insert il y a 45s
⏳ Ignoré (throttle): FABLAB_21_22/RADAR/salle104/c1_y, dernier insert il y a 44s
⏳ Ignoré (throttle): FABLAB_21_22/RADAR/salle104/c1_vitesse, dernier insert il y a 44s
⏳ Ignoré (throttle): FABLAB_21_22/RADAR/salle104/c1_dist_cm, dernier insert il y a 33s
💾 Sauvé: FABLAB_21_22/RADAR/salle104/c2_x = -1449.0
💾 Sauvé: FABLAB_21_22/RADAR/salle104/c2_y = -1237.0
💾 Sauvé: FABLAB_21_22/RADAR/salle104/c2_vitesse = 24.0
💾 Sauvé: FABLAB_21_22/RADAR/salle104/c2_dist_cm = 190.0
🔔 Message MQTT [FABLAB_21_22/RADAR/salle104] : {"nb":2,"presence":true,"ts":711112,"c1":{"x":600,"y":-597,"vitesse":32,"dist_cm":84},"c2":{"x":-549,"y":-464,"vitesse":8,"dist_cm":71}}
✅ JSON détecté sur FABLAB_21_22/RADAR/salle104. Champs numériques extraits: 10
⏳ Ignoré (throttle): FABLAB_21_22/RADAR/salle104/nb, dernier insert il y a 17s
⏳ Ignoré (throttle): FABLAB_21_22/RADAR/salle104/presence, dernier insert il y a 17s
⏳ Ignoré (throttle): FABLAB_21_22/RADAR/salle104/c1_x, dernier insert il y a 47s
⏳ Ignoré (throttle): FABLAB_21_22/RADAR/salle104/c1_y, dernier insert il y a 47s
⏳ Ignoré (throttle): FABLAB_21_22/RADAR/salle104/c1_vitesse, dernier insert il y a 47s
⏳ Ignoré (throttle): FABLAB_21_22/RADAR/salle104/c1_dist_cm, dernier insert il y a 35s
⏳ Ignoré (throttle): FABLAB_21_22/RADAR/salle104/c2_x, dernier insert il y a 2s
⏳ Ignoré (throttle): FABLAB_21_22/RADAR/salle104/c2_y, dernier insert il y a 2s
⏳ Ignoré (throttle): FABLAB_21_22/RADAR/salle104/c2_vitesse, dernier insert il y a 2s
⏳ Ignoré (throttle): FABLAB_21_22/RADAR/salle104/c2_dist_cm, dernier insert il y a 2s
🔔 Message MQTT [FABLAB_21_22/RADAR/salle104] : {"nb":0,"presence":false,"ts":714112}
✅ JSON détecté sur FABLAB_21_22/RADAR/salle104. Champs numériques extraits: 2
⏳ Ignoré (throttle): FABLAB_21_22/RADAR/salle104/nb, dernier insert il y a 20s
⏳ Ignoré (throttle): FABLAB_21_22/RADAR/salle104/presence, dernier insert il y a 20s
🔔 Message MQTT [FABLAB_21_22/RADAR/salle104] : {"nb":1,"presence":true,"ts":717112,"c1":{"x":250,"y":-761,"vitesse":-56,"dist_cm":80}}
✅ JSON détecté sur FABLAB_21_22/RADAR/salle104. Champs numériques extraits: 6
⏳ Ignoré (throttle): FABLAB_21_22/RADAR/salle104/nb, dernier insert il y a 23s
⏳ Ignoré (throttle): FABLAB_21_22/RADAR/salle104/presence, dernier insert il y a 23s
⏳ Ignoré (throttle): FABLAB_21_22/RADAR/salle104/c1_x, dernier insert il y a 53s
⏳ Ignoré (throttle): FABLAB_21_22/RADAR/salle104/c1_y, dernier insert il y a 53s
⏳ Ignoré (throttle): FABLAB_21_22/RADAR/salle104/c1_vitesse, dernier insert il y a 53s
⏳ Ignoré (throttle): FABLAB_21_22/RADAR/salle104/c1_dist_cm, dernier insert il y a 41s
🔔 Message MQTT [FABLAB_21_22/RADAR/salle104] : {"nb":0,"presence":false,"ts":720112}
✅ JSON détecté sur FABLAB_21_22/RADAR/salle104. Champs numériques extraits: 2
⏳ Ignoré (throttle): FABLAB_21_22/RADAR/salle104/nb, dernier insert il y a 26s
⏳ Ignoré (throttle): FABLAB_21_22/RADAR/salle104/presence, dernier insert il y a 26s
🔔 Message MQTT [FABLAB_21_22/RADAR/salle104] : {"nb":0,"presence":false,"ts":723112}
✅ JSON détecté sur FABLAB_21_22/RADAR/salle104. Champs numériques extraits: 2
⏳ Ignoré (throttle): FABLAB_21_22/RADAR/salle104/nb, dernier insert il y a 29s
⏳ Ignoré (throttle): FABLAB_21_22/RADAR/salle104/presence, dernier insert il y a 29s
🔔 Message MQTT [FABLAB_21_22/RADAR/salle104] : {"nb":0,"presence":false,"ts":726112}
✅ JSON détecté sur FABLAB_21_22/RADAR/salle104. Champs numériques extraits: 2
⏳ Ignoré (throttle): FABLAB_21_22/RADAR/salle104/nb, dernier insert il y a 33s
⏳ Ignoré (throttle): FABLAB_21_22/RADAR/salle104/presence, dernier insert il y a 32s
🔔 Message MQTT [FABLAB_21_22/RADAR/salle104] : {"nb":0,"presence":false,"ts":729112}
✅ JSON détecté sur FABLAB_21_22/RADAR/salle104. Champs numériques extraits: 2
⏳ Ignoré (throttle): FABLAB_21_22/RADAR/salle104/nb, dernier insert il y a 35s
⏳ Ignoré (throttle): FABLAB_21_22/RADAR/salle104/presence, dernier insert il y a 35s
🔔 Message MQTT [FABLAB_21_22/RADAR/salle104] : {"nb":1,"presence":true,"ts":732112,"c1":{"x":332,"y":-886,"vitesse":-24,"dist_cm":94}}
✅ JSON détecté sur FABLAB_21_22/RADAR/salle104. Champs numériques extraits: 6
⏳ Ignoré (throttle): FABLAB_21_22/RADAR/salle104/nb, dernier insert il y a 38s
⏳ Ignoré (throttle): FABLAB_21_22/RADAR/salle104/presence, dernier insert il y a 38s
💾 Sauvé: FABLAB_21_22/RADAR/salle104/c1_x = 332.0
💾 Sauvé: FABLAB_21_22/RADAR/salle104/c1_y = -886.0
💾 Sauvé: FABLAB_21_22/RADAR/salle104/c1_vitesse = -24.0
⏳ Ignoré (throttle): FABLAB_21_22/RADAR/salle104/c1_dist_cm, dernier insert il y a 57s
🔔 Message MQTT [FABLAB_21_22/RADAR/salle104] : {"nb":0,"presence":false,"ts":735112}
✅ JSON détecté sur FABLAB_21_22/RADAR/salle104. Champs numériques extraits: 2
⏳ Ignoré (throttle): FABLAB_21_22/RADAR/salle104/nb, dernier insert il y a 41s
⏳ Ignoré (throttle): FABLAB_21_22/RADAR/salle104/presence, dernier insert il y a 41s
🔔 Message MQTT [FABLAB_21_22/RADAR/salle104] : {"nb":0,"presence":false,"ts":738112}
✅ JSON détecté sur FABLAB_21_22/RADAR/salle104. Champs numériques extraits: 2
⏳ Ignoré (throttle): FABLAB_21_22/RADAR/salle104/nb, dernier insert il y a 44s
⏳ Ignoré (throttle): FABLAB_21_22/RADAR/salle104/presence, dernier insert il y a 44s
🔔 Message MQTT [FABLAB_21_22/RADAR/salle104] : {"nb":0,"presence":false,"ts":741112}
✅ JSON détecté sur FABLAB_21_22/RADAR/salle104. Champs numériques extraits: 2
⏳ Ignoré (throttle): FABLAB_21_22/RADAR/salle104/nb, dernier insert il y a 47s
⏳ Ignoré (throttle): FABLAB_21_22/RADAR/salle104/presence, dernier insert il y a 47s
🔔 Message MQTT [FABLAB_21_22/RADAR/salle104] : {"nb":0,"presence":false,"ts":744112}
✅ JSON détecté sur FABLAB_21_22/RADAR/salle104. Champs numériques extraits: 2
⏳ Ignoré (throttle): FABLAB_21_22/RADAR/salle104/nb, dernier insert il y a 51s
⏳ Ignoré (throttle): FABLAB_21_22/RADAR/salle104/presence, dernier insert il y a 50s
🔔 Message MQTT [FABLAB_21_22/RADAR/salle104] : {"nb":0,"presence":false,"ts":747112}
✅ JSON détecté sur FABLAB_21_22/RADAR/salle104. Champs numériques extraits: 2
⏳ Ignoré (throttle): FABLAB_21_22/RADAR/salle104/nb, dernier insert il y a 54s
⏳ Ignoré (throttle): FABLAB_21_22/RADAR/salle104/presence, dernier insert il y a 53s
🔔 Message MQTT [FABLAB_21_22/RADAR/salle104] : {"nb":0,"presence":false,"ts":750112}
✅ JSON détecté sur FABLAB_21_22/RADAR/salle104. Champs numériques extraits: 2
⏳ Ignoré (throttle): FABLAB_21_22/RADAR/salle104/nb, dernier insert il y a 56s
⏳ Ignoré (throttle): FABLAB_21_22/RADAR/salle104/presence, dernier insert il y a 56s
🔔 Message MQTT [FABLAB_21_22/RADAR/salle104] : {"nb":0,"presence":false,"ts":753112}
✅ JSON détecté sur FABLAB_21_22/RADAR/salle104. Champs numériques extraits: 2
⏳ Ignoré (throttle): FABLAB_21_22/RADAR/salle104/nb, dernier insert il y a 59s
⏳ Ignoré (throttle): FABLAB_21_22/RADAR/salle104/presence, dernier insert il y a 59s
🔔 Message MQTT [FABLAB_21_22/RADAR/salle104] : {"nb":0,"presence":false,"ts":756112}
✅ JSON détecté sur FABLAB_21_22/RADAR/salle104. Champs numériques extraits: 2
💾 Sauvé: FABLAB_21_22/RADAR/salle104/nb = 0.0
💾 Sauvé: FABLAB_21_22/RADAR/salle104/presence = 0.0
🔔 Message MQTT [FABLAB_21_22/RADAR/salle104] : {"nb":0,"presence":false,"ts":759112}
✅ JSON détecté sur FABLAB_21_22/RADAR/salle104. Champs numériques extraits: 2
⏳ Ignoré (throttle): FABLAB_21_22/RADAR/salle104/nb, dernier insert il y a 3s
⏳ Ignoré (throttle): FABLAB_21_22/RADAR/salle104/presence, dernier insert il y a 2s
🔔 Message MQTT [FABLAB_21_22/RADAR/salle104] : {"nb":0,"presence":false,"ts":762112}
✅ JSON détecté sur FABLAB_21_22/RADAR/salle104. Champs numériques extraits: 2
⏳ Ignoré (throttle): FABLAB_21_22/RADAR/salle104/nb, dernier insert il y a 6s
⏳ Ignoré (throttle): FABLAB_21_22/RADAR/salle104/presence, dernier insert il y a 5s
🔔 Message MQTT [FABLAB_21_22/RADAR/salle104] : {"nb":0,"presence":false,"ts":765112}
✅ JSON détecté sur FABLAB_21_22/RADAR/salle104. Champs numériques extraits: 2
⏳ Ignoré (throttle): FABLAB_21_22/RADAR/salle104/nb, dernier insert il y a 9s
⏳ Ignoré (throttle): FABLAB_21_22/RADAR/salle104/presence, dernier insert il y a 8s
🔔 Message MQTT [FABLAB_21_22/RADAR/salle104] : {"nb":0,"presence":false,"ts":768112}
✅ JSON détecté sur FABLAB_21_22/RADAR/salle104. Champs numériques extraits: 2
⏳ Ignoré (throttle): FABLAB_21_22/RADAR/salle104/nb, dernier insert il y a 11s
⏳ Ignoré (throttle): FABLAB_21_22/RADAR/salle104/presence, dernier insert il y a 11s
🔔 Message MQTT [FABLAB_21_22/RADAR/salle104] : {"nb":0,"presence":false,"ts":771112}
✅ JSON détecté sur FABLAB_21_22/RADAR/salle104. Champs numériques extraits: 2
⏳ Ignoré (throttle): FABLAB_21_22/RADAR/salle104/nb, dernier insert il y a 14s
⏳ Ignoré (throttle): FABLAB_21_22/RADAR/salle104/presence, dernier insert il y a 14s
🔔 Message MQTT [FABLAB_21_22/RADAR/salle104] : {"nb":0,"presence":false,"ts":774112}
✅ JSON détecté sur FABLAB_21_22/RADAR/salle104. Champs numériques extraits: 2
⏳ Ignoré (throttle): FABLAB_21_22/RADAR/salle104/nb, dernier insert il y a 17s
⏳ Ignoré (throttle): FABLAB_21_22/RADAR/salle104/presence, dernier insert il y a 17s
🔔 Message MQTT [FABLAB_21_22/RADAR/salle104] : {"nb":0,"presence":false,"ts":777112}
✅ JSON détecté sur FABLAB_21_22/RADAR/salle104. Champs numériques extraits: 2
⏳ Ignoré (throttle): FABLAB_21_22/RADAR/salle104/nb, dernier insert il y a 20s
⏳ Ignoré (throttle): FABLAB_21_22/RADAR/salle104/presence, dernier insert il y a 20s
🔔 Message MQTT [FABLAB_21_22/RADAR/salle104] : {"nb":0,"presence":false,"ts":780112}
✅ JSON détecté sur FABLAB_21_22/RADAR/salle104. Champs numériques extraits: 2
⏳ Ignoré (throttle): FABLAB_21_22/RADAR/salle104/nb, dernier insert il y a 23s
⏳ Ignoré (throttle): FABLAB_21_22/RADAR/salle104/presence, dernier insert il y a 23s
🔔 Message MQTT [FABLAB_21_22/RADAR/salle104] : {"nb":0,"presence":false,"ts":783112}
✅ JSON détecté sur FABLAB_21_22/RADAR/salle104. Champs numériques extraits: 2
⏳ Ignoré (throttle): FABLAB_21_22/RADAR/salle104/nb, dernier insert il y a 27s
⏳ Ignoré (throttle): FABLAB_21_22/RADAR/salle104/presence, dernier insert il y a 26s
🔔 Message MQTT [FABLAB_21_22/RADAR/salle104] : {"nb":0,"presence":false,"ts":786112}
✅ JSON détecté sur FABLAB_21_22/RADAR/salle104. Champs numériques extraits: 2
⏳ Ignoré (throttle): FABLAB_21_22/RADAR/salle104/nb, dernier insert il y a 30s
⏳ Ignoré (throttle): FABLAB_21_22/RADAR/salle104/presence, dernier insert il y a 29s
🔔 Message MQTT [FABLAB_21_22/RADAR/salle104] : {"nb":0,"presence":false,"ts":789112}
✅ JSON détecté sur FABLAB_21_22/RADAR/salle104. Champs numériques extraits: 2
⏳ Ignoré (throttle): FABLAB_21_22/RADAR/salle104/nb, dernier insert il y a 33s
⏳ Ignoré (throttle): FABLAB_21_22/RADAR/salle104/presence, dernier insert il y a 32s
🔔 Message MQTT [FABLAB_21_22/RADAR/salle104] : {"nb":0,"presence":false,"ts":792112}
✅ JSON détecté sur FABLAB_21_22/RADAR/salle104. Champs numériques extraits: 2
⏳ Ignoré (throttle): FABLAB_21_22/RADAR/salle104/nb, dernier insert il y a 35s
⏳ Ignoré (throttle): FABLAB_21_22/RADAR/salle104/presence, dernier insert il y a 35s
🔔 Message MQTT [FABLAB_21_22/RADAR/salle104] : {"nb":0,"presence":false,"ts":795112}
✅ JSON détecté sur FABLAB_21_22/RADAR/salle104. Champs numériques extraits: 2
⏳ Ignoré (throttle): FABLAB_21_22/RADAR/salle104/nb, dernier insert il y a 38s
⏳ Ignoré (throttle): FABLAB_21_22/RADAR/salle104/presence, dernier insert il y a 38s
🔔 Message MQTT [FABLAB_21_22/RADAR/salle104] : {"nb":0,"presence":false,"ts":798112}
✅ JSON détecté sur FABLAB_21_22/RADAR/salle104. Champs numériques extraits: 2
⏳ Ignoré (throttle): FABLAB_21_22/RADAR/salle104/nb, dernier insert il y a 42s
⏳ Ignoré (throttle): FABLAB_21_22/RADAR/salle104/presence, dernier insert il y a 41s
🔔 Message MQTT [FABLAB_21_22/RADAR/salle104] : {"nb":0,"presence":false,"ts":801112}
✅ JSON détecté sur FABLAB_21_22/RADAR/salle104. Champs numériques extraits: 2
⏳ Ignoré (throttle): FABLAB_21_22/RADAR/salle104/nb, dernier insert il y a 44s
⏳ Ignoré (throttle): FABLAB_21_22/RADAR/salle104/presence, dernier insert il y a 44s
🔔 Message MQTT [FABLAB_21_22/RADAR/salle104] : {"nb":0,"presence":false,"ts":804112}
✅ JSON détecté sur FABLAB_21_22/RADAR/salle104. Champs numériques extraits: 2
⏳ Ignoré (throttle): FABLAB_21_22/RADAR/salle104/nb, dernier insert il y a 48s
⏳ Ignoré (throttle): FABLAB_21_22/RADAR/salle104/presence, dernier insert il y a 47s
🔔 Message MQTT [FABLAB_21_22/RADAR/salle104] : {"nb":0,"presence":false,"ts":807112}
✅ JSON détecté sur FABLAB_21_22/RADAR/salle104. Champs numériques extraits: 2
⏳ Ignoré (throttle): FABLAB_21_22/RADAR/salle104/nb, dernier insert il y a 51s
⏳ Ignoré (throttle): FABLAB_21_22/RADAR/salle104/presence, dernier insert il y a 50s
🔔 Message MQTT [FABLAB_21_22/RADAR/salle104] : {"nb":0,"presence":false,"ts":810112}
✅ JSON détecté sur FABLAB_21_22/RADAR/salle104. Champs numériques extraits: 2
⏳ Ignoré (throttle): FABLAB_21_22/RADAR/salle104/nb, dernier insert il y a 54s
⏳ Ignoré (throttle): FABLAB_21_22/RADAR/salle104/presence, dernier insert il y a 53s
🔔 Message MQTT [FABLAB_21_22/RADAR/salle104] : {"nb":0,"presence":false,"ts":813112}
✅ JSON détecté sur FABLAB_21_22/RADAR/salle104. Champs numériques extraits: 2
⏳ Ignoré (throttle): FABLAB_21_22/RADAR/salle104/nb, dernier insert il y a 56s
⏳ Ignoré (throttle): FABLAB_21_22/RADAR/salle104/presence, dernier insert il y a 56s
🔔 Message MQTT [FABLAB_21_22/RADAR/salle104] : {"nb":0,"presence":false,"ts":816112}
✅ JSON détecté sur FABLAB_21_22/RADAR/salle104. Champs numériques extraits: 2
⏳ Ignoré (throttle): FABLAB_21_22/RADAR/salle104/nb, dernier insert il y a 59s
⏳ Ignoré (throttle): FABLAB_21_22/RADAR/salle104/presence, dernier insert il y a 59s
🔔 Message MQTT [FABLAB_21_22/RADAR/salle104] : {"nb":0,"presence":false,"ts":819112}
✅ JSON détecté sur FABLAB_21_22/RADAR/salle104. Champs numériques extraits: 2
💾 Sauvé: FABLAB_21_22/RADAR/salle104/nb = 0.0
💾 Sauvé: FABLAB_21_22/RADAR/salle104/presence = 0.0
🔔 Message MQTT [FABLAB_21_22/RADAR/salle104] : {"nb":0,"presence":false,"ts":822112}
✅ JSON détecté sur FABLAB_21_22/RADAR/salle104. Champs numériques extraits: 2
⏳ Ignoré (throttle): FABLAB_21_22/RADAR/salle104/nb, dernier insert il y a 3s
⏳ Ignoré (throttle): FABLAB_21_22/RADAR/salle104/presence, dernier insert il y a 2s
🔔 Message MQTT [FABLAB_21_22/RADAR/salle104] : {"nb":0,"presence":false,"ts":825112}
✅ JSON détecté sur FABLAB_21_22/RADAR/salle104. Champs numériques extraits: 2
⏳ Ignoré (throttle): FABLAB_21_22/RADAR/salle104/nb, dernier insert il y a 6s
⏳ Ignoré (throttle): FABLAB_21_22/RADAR/salle104/presence, dernier insert il y a 5s
🔔 Message MQTT [FABLAB_21_22/RADAR/salle104] : {"nb":0,"presence":false,"ts":828112}
✅ JSON détecté sur FABLAB_21_22/RADAR/salle104. Champs numériques extraits: 2
⏳ Ignoré (throttle): FABLAB_21_22/RADAR/salle104/nb, dernier insert il y a 8s
⏳ Ignoré (throttle): FABLAB_21_22/RADAR/salle104/presence, dernier insert il y a 8s
🔔 Message MQTT [FABLAB_21_22/RADAR/salle104] : {"nb":0,"presence":false,"ts":831112}
✅ JSON détecté sur FABLAB_21_22/RADAR/salle104. Champs numériques extraits: 2
⏳ Ignoré (throttle): FABLAB_21_22/RADAR/salle104/nb, dernier insert il y a 12s
⏳ Ignoré (throttle): FABLAB_21_22/RADAR/salle104/presence, dernier insert il y a 11s
🔔 Message MQTT [FABLAB_21_22/RADAR/salle104] : {"nb":0,"presence":false,"ts":834112}
✅ JSON détecté sur FABLAB_21_22/RADAR/salle104. Champs numériques extraits: 2
⏳ Ignoré (throttle): FABLAB_21_22/RADAR/salle104/nb, dernier insert il y a 14s
⏳ Ignoré (throttle): FABLAB_21_22/RADAR/salle104/presence, dernier insert il y a 14s
🔔 Message MQTT [FABLAB_21_22/RADAR/salle104] : {"nb":0,"presence":false,"ts":837112}
✅ JSON détecté sur FABLAB_21_22/RADAR/salle104. Champs numériques extraits: 2
⏳ Ignoré (throttle): FABLAB_21_22/RADAR/salle104/nb, dernier insert il y a 17s
⏳ Ignoré (throttle): FABLAB_21_22/RADAR/salle104/presence, dernier insert il y a 17s
🔔 Message MQTT [FABLAB_21_22/RADAR/salle104] : {"nb":0,"presence":false,"ts":840112}
✅ JSON détecté sur FABLAB_21_22/RADAR/salle104. Champs numériques extraits: 2
⏳ Ignoré (throttle): FABLAB_21_22/RADAR/salle104/nb, dernier insert il y a 20s
⏳ Ignoré (throttle): FABLAB_21_22/RADAR/salle104/presence, dernier insert il y a 20s
🔔 Message MQTT [FABLAB_21_22/RADAR/salle104] : {"nb":0,"presence":false,"ts":843112}
✅ JSON détecté sur FABLAB_21_22/RADAR/salle104. Champs numériques extraits: 2
⏳ Ignoré (throttle): FABLAB_21_22/RADAR/salle104/nb, dernier insert il y a 24s
⏳ Ignoré (throttle): FABLAB_21_22/RADAR/salle104/presence, dernier insert il y a 23s
🔔 Message MQTT [FABLAB_21_22/RADAR/salle104] : {"nb":0,"presence":false,"ts":846112}
✅ JSON détecté sur FABLAB_21_22/RADAR/salle104. Champs numériques extraits: 2
⏳ Ignoré (throttle): FABLAB_21_22/RADAR/salle104/nb, dernier insert il y a 27s
⏳ Ignoré (throttle): FABLAB_21_22/RADAR/salle104/presence, dernier insert il y a 26s
🔔 Message MQTT [FABLAB_21_22/RADAR/salle104] : {"nb":0,"presence":false,"ts":849112}
✅ JSON détecté sur FABLAB_21_22/RADAR/salle104. Champs numériques extraits: 2
⏳ Ignoré (throttle): FABLAB_21_22/RADAR/salle104/nb, dernier insert il y a 29s
⏳ Ignoré (throttle): FABLAB_21_22/RADAR/salle104/presence, dernier insert il y a 29s
🔔 Message MQTT [FABLAB_21_22/RADAR/salle104] : {"nb":0,"presence":false,"ts":852112}
✅ JSON détecté sur FABLAB_21_22/RADAR/salle104. Champs numériques extraits: 2
⏳ Ignoré (throttle): FABLAB_21_22/RADAR/salle104/nb, dernier insert il y a 33s
⏳ Ignoré (throttle): FABLAB_21_22/RADAR/salle104/presence, dernier insert il y a 32s
🔔 Message MQTT [FABLAB_21_22/RADAR/salle104] : {"nb":0,"presence":false,"ts":855112}
✅ JSON détecté sur FABLAB_21_22/RADAR/salle104. Champs numériques extraits: 2
⏳ Ignoré (throttle): FABLAB_21_22/RADAR/salle104/nb, dernier insert il y a 36s
⏳ Ignoré (throttle): FABLAB_21_22/RADAR/salle104/presence, dernier insert il y a 35s
🔔 Message MQTT [FABLAB_21_22/RADAR/salle104] : {"nb":0,"presence":false,"ts":858112}
✅ JSON détecté sur FABLAB_21_22/RADAR/salle104. Champs numériques extraits: 2
⏳ Ignoré (throttle): FABLAB_21_22/RADAR/salle104/nb, dernier insert il y a 38s
⏳ Ignoré (throttle): FABLAB_21_22/RADAR/salle104/presence, dernier insert il y a 38s
🔔 Message MQTT [FABLAB_21_22/tasmota/tele/tasmota_071D00/STATE] : {"Time":"2026-05-05T14:06:52","Uptime":"18T03:15:13","UptimeSec":1566913,"Heap":184,"SleepMode":"Dynamic","Sleep":50,"LoadAvg":19,"MqttCount":1,"Berry":{"HeapUsed":4,"Objects":55},"POWER":"ON","Wifi":{"AP":1,"SSId":"Fablab_104","BSSId":"40:ED:00:CD:4B:EB","Channel":6,"Mode":"HT20","RSSI":76,"Signal":-62,"LinkCount":1,"Downtime":"0T00:00:03"},"Hostname":"tasmota-071D00-7424","IPAddress":"192.168.0.31"}
✅ JSON détecté sur FABLAB_21_22/tasmota/tele/tasmota_071D00/STATE. Champs numériques extraits: 12
💾 Sauvé: FABLAB_21_22/tasmota/tele/tasmota_071D00/STATE/uptimesec = 1566913.0
💾 Sauvé: FABLAB_21_22/tasmota/tele/tasmota_071D00/STATE/heap = 184.0
💾 Sauvé: FABLAB_21_22/tasmota/tele/tasmota_071D00/STATE/sleep = 50.0
💾 Sauvé: FABLAB_21_22/tasmota/tele/tasmota_071D00/STATE/loadavg = 19.0
💾 Sauvé: FABLAB_21_22/tasmota/tele/tasmota_071D00/STATE/mqttcount = 1.0
💾 Sauvé: FABLAB_21_22/tasmota/tele/tasmota_071D00/STATE/berry_heapused = 4.0
💾 Sauvé: FABLAB_21_22/tasmota/tele/tasmota_071D00/STATE/berry_objects = 55.0
💾 Sauvé: FABLAB_21_22/tasmota/tele/tasmota_071D00/STATE/wifi_ap = 1.0
💾 Sauvé: FABLAB_21_22/tasmota/tele/tasmota_071D00/STATE/wifi_channel = 6.0
💾 Sauvé: FABLAB_21_22/tasmota/tele/tasmota_071D00/STATE/wifi_rssi = 76.0
💾 Sauvé: FABLAB_21_22/tasmota/tele/tasmota_071D00/STATE/wifi_signal = -62.0
💾 Sauvé: FABLAB_21_22/tasmota/tele/tasmota_071D00/STATE/wifi_linkcount = 1.0
🔔 Message MQTT [FABLAB_21_22/tasmota/tele/tasmota_071D00/SENSOR] : {"Time":"2026-05-05T14:06:52","ENERGY":{"TotalStartTime":"2026-04-01T07:06:06","Total":0.500,"Yesterday":0.001,"Today":0.001,"Period":0,"Power":0,"ApparentPower":0,"ReactivePower":0,"Factor":0.00,"Voltage":243,"Current":0.000}}
✅ JSON détecté sur FABLAB_21_22/tasmota/tele/tasmota_071D00/SENSOR. Champs numériques extraits: 10
💾 Sauvé: FABLAB_21_22/tasmota/tele/tasmota_071D00/SENSOR/energy_total = 0.5
💾 Sauvé: FABLAB_21_22/tasmota/tele/tasmota_071D00/SENSOR/energy_yesterday = 0.001
💾 Sauvé: FABLAB_21_22/tasmota/tele/tasmota_071D00/SENSOR/energy_today = 0.001
💾 Sauvé: FABLAB_21_22/tasmota/tele/tasmota_071D00/SENSOR/energy_period = 0.0
💾 Sauvé: FABLAB_21_22/tasmota/tele/tasmota_071D00/SENSOR/energy_power = 0.0
💾 Sauvé: FABLAB_21_22/tasmota/tele/tasmota_071D00/SENSOR/energy_apparentpower = 0.0
💾 Sauvé: FABLAB_21_22/tasmota/tele/tasmota_071D00/SENSOR/energy_reactivepower = 0.0
💾 Sauvé: FABLAB_21_22/tasmota/tele/tasmota_071D00/SENSOR/energy_factor = 0.0
💾 Sauvé: FABLAB_21_22/tasmota/tele/tasmota_071D00/SENSOR/energy_voltage = 243.0
💾 Sauvé: FABLAB_21_22/tasmota/tele/tasmota_071D00/SENSOR/energy_current = 0.0
🔔 Message MQTT [FABLAB_21_22/RADAR/salle104] : {"nb":0,"presence":false,"ts":861112}
✅ JSON détecté sur FABLAB_21_22/RADAR/salle104. Champs numériques extraits: 2
⏳ Ignoré (throttle): FABLAB_21_22/RADAR/salle104/nb, dernier insert il y a 45s
⏳ Ignoré (throttle): FABLAB_21_22/RADAR/salle104/presence, dernier insert il y a 45s
🔔 Message MQTT [FABLAB_21_22/RADAR/salle104] : {"nb":0,"presence":false,"ts":864112}
✅ JSON détecté sur FABLAB_21_22/RADAR/salle104. Champs numériques extraits: 2
⏳ Ignoré (throttle): FABLAB_21_22/RADAR/salle104/nb, dernier insert il y a 45s
⏳ Ignoré (throttle): FABLAB_21_22/RADAR/salle104/presence, dernier insert il y a 45s
🔔 Message MQTT [FABLAB_21_22/RADAR/salle104] : {"nb":0,"presence":false,"ts":867112}
✅ JSON détecté sur FABLAB_21_22/RADAR/salle104. Champs numériques extraits: 2
⏳ Ignoré (throttle): FABLAB_21_22/RADAR/salle104/nb, dernier insert il y a 48s
⏳ Ignoré (throttle): FABLAB_21_22/RADAR/salle104/presence, dernier insert il y a 47s
🔔 Message MQTT [FABLAB_21_22/RADAR/salle104] : {"nb":0,"presence":false,"ts":870112}
✅ JSON détecté sur FABLAB_21_22/RADAR/salle104. Champs numériques extraits: 2
⏳ Ignoré (throttle): FABLAB_21_22/RADAR/salle104/nb, dernier insert il y a 51s
⏳ Ignoré (throttle): FABLAB_21_22/RADAR/salle104/presence, dernier insert il y a 50s
🔔 Message MQTT [FABLAB_21_22/RADAR/salle104] : {"nb":0,"presence":false,"ts":873112}
✅ JSON détecté sur FABLAB_21_22/RADAR/salle104. Champs numériques extraits: 2
⏳ Ignoré (throttle): FABLAB_21_22/RADAR/salle104/nb, dernier insert il y a 54s
⏳ Ignoré (throttle): FABLAB_21_22/RADAR/salle104/presence, dernier insert il y a 53s
🔔 Message MQTT [FABLAB_21_22/RADAR/salle104] : {"nb":0,"presence":false,"ts":876112}
✅ JSON détecté sur FABLAB_21_22/RADAR/salle104. Champs numériques extraits: 2
⏳ Ignoré (throttle): FABLAB_21_22/RADAR/salle104/nb, dernier insert il y a 57s
⏳ Ignoré (throttle): FABLAB_21_22/RADAR/salle104/presence, dernier insert il y a 56s
🔔 Message MQTT [FABLAB_21_22/RADAR/salle104] : {"nb":0,"presence":false,"ts":879112}
✅ JSON détecté sur FABLAB_21_22/RADAR/salle104. Champs numériques extraits: 2
⏳ Ignoré (throttle): FABLAB_21_22/RADAR/salle104/nb, dernier insert il y a 59s
⏳ Ignoré (throttle): FABLAB_21_22/RADAR/salle104/presence, dernier insert il y a 59s
🔔 Message MQTT [FABLAB_21_22/RADAR/salle104] : {"nb":0,"presence":false,"ts":882112}
✅ JSON détecté sur FABLAB_21_22/RADAR/salle104. Champs numériques extraits: 2
💾 Sauvé: FABLAB_21_22/RADAR/salle104/nb = 0.0
💾 Sauvé: FABLAB_21_22/RADAR/salle104/presence = 0.0
🔔 Message MQTT [FABLAB_21_22/RADAR/salle104] : {"nb":0,"presence":false,"ts":885112}
✅ JSON détecté sur FABLAB_21_22/RADAR/salle104. Champs numériques extraits: 2
⏳ Ignoré (throttle): FABLAB_21_22/RADAR/salle104/nb, dernier insert il y a 3s
⏳ Ignoré (throttle): FABLAB_21_22/RADAR/salle104/presence, dernier insert il y a 2s
🔔 Message MQTT [FABLAB_21_22/RADAR/salle104] : {"nb":0,"presence":false,"ts":888112}
✅ JSON détecté sur FABLAB_21_22/RADAR/salle104. Champs numériques extraits: 2
⏳ Ignoré (throttle): FABLAB_21_22/RADAR/salle104/nb, dernier insert il y a 6s
⏳ Ignoré (throttle): FABLAB_21_22/RADAR/salle104/presence, dernier insert il y a 5s
🔔 Message MQTT [FABLAB_21_22/RADAR/salle104] : {"nb":0,"presence":false,"ts":891112}
✅ JSON détecté sur FABLAB_21_22/RADAR/salle104. Champs numériques extraits: 2
⏳ Ignoré (throttle): FABLAB_21_22/RADAR/salle104/nb, dernier insert il y a 8s
⏳ Ignoré (throttle): FABLAB_21_22/RADAR/salle104/presence, dernier insert il y a 8s
🔔 Message MQTT [FABLAB_21_22/RADAR/salle104] : {"nb":0,"presence":false,"ts":894112}
✅ JSON détecté sur FABLAB_21_22/RADAR/salle104. Champs numériques extraits: 2
⏳ Ignoré (throttle): FABLAB_21_22/RADAR/salle104/nb, dernier insert il y a 11s
⏳ Ignoré (throttle): FABLAB_21_22/RADAR/salle104/presence, dernier insert il y a 11s
🔔 Message MQTT [FABLAB_21_22/RADAR/salle104] : {"nb":0,"presence":false,"ts":897112}
✅ JSON détecté sur FABLAB_21_22/RADAR/salle104. Champs numériques extraits: 2
⏳ Ignoré (throttle): FABLAB_21_22/RADAR/salle104/nb, dernier insert il y a 15s
⏳ Ignoré (throttle): FABLAB_21_22/RADAR/salle104/presence, dernier insert il y a 14s
🔔 Message MQTT [FABLAB_21_22/RADAR/salle104] : {"nb":0,"presence":false,"ts":900112}
✅ JSON détecté sur FABLAB_21_22/RADAR/salle104. Champs numériques extraits: 2
⏳ Ignoré (throttle): FABLAB_21_22/RADAR/salle104/nb, dernier insert il y a 17s
⏳ Ignoré (throttle): FABLAB_21_22/RADAR/salle104/presence, dernier insert il y a 17s
🔔 Message MQTT [FABLAB_21_22/RADAR/salle104] : {"nb":0,"presence":false,"ts":903112}
✅ JSON détecté sur FABLAB_21_22/RADAR/salle104. Champs numériques extraits: 2
⏳ Ignoré (throttle): FABLAB_21_22/RADAR/salle104/nb, dernier insert il y a 20s
⏳ Ignoré (throttle): FABLAB_21_22/RADAR/salle104/presence, dernier insert il y a 20s
🔔 Message MQTT [FABLAB_21_22/RADAR/salle104] : {"nb":0,"presence":false,"ts":906112}
✅ JSON détecté sur FABLAB_21_22/RADAR/salle104. Champs numériques extraits: 2
⏳ Ignoré (throttle): FABLAB_21_22/RADAR/salle104/nb, dernier insert il y a 24s
⏳ Ignoré (throttle): FABLAB_21_22/RADAR/salle104/presence, dernier insert il y a 23s
🔔 Message MQTT [FABLAB_21_22/RADAR/salle104] : {"nb":0,"presence":false,"ts":909112}
✅ JSON détecté sur FABLAB_21_22/RADAR/salle104. Champs numériques extraits: 2
⏳ Ignoré (throttle): FABLAB_21_22/RADAR/salle104/nb, dernier insert il y a 27s
⏳ Ignoré (throttle): FABLAB_21_22/RADAR/salle104/presence, dernier insert il y a 26s
🔔 Message MQTT [FABLAB_21_22/RADAR/salle104] : {"nb":0,"presence":false,"ts":912112}
✅ JSON détecté sur FABLAB_21_22/RADAR/salle104. Champs numériques extraits: 2
⏳ Ignoré (throttle): FABLAB_21_22/RADAR/salle104/nb, dernier insert il y a 29s
⏳ Ignoré (throttle): FABLAB_21_22/RADAR/salle104/presence, dernier insert il y a 29s
🔔 Message MQTT [FABLAB_21_22/RADAR/salle104] : {"nb":0,"presence":false,"ts":915112}
✅ JSON détecté sur FABLAB_21_22/RADAR/salle104. Champs numériques extraits: 2
⏳ Ignoré (throttle): FABLAB_21_22/RADAR/salle104/nb, dernier insert il y a 33s
⏳ Ignoré (throttle): FABLAB_21_22/RADAR/salle104/presence, dernier insert il y a 32s
🔔 Message MQTT [FABLAB_21_22/RADAR/salle104] : {"nb":0,"presence":false,"ts":918112}
✅ JSON détecté sur FABLAB_21_22/RADAR/salle104. Champs numériques extraits: 2
⏳ Ignoré (throttle): FABLAB_21_22/RADAR/salle104/nb, dernier insert il y a 35s
⏳ Ignoré (throttle): FABLAB_21_22/RADAR/salle104/presence, dernier insert il y a 35s
🔔 Message MQTT [FABLAB_21_22/RADAR/salle104] : {"nb":0,"presence":false,"ts":921112}
✅ JSON détecté sur FABLAB_21_22/RADAR/salle104. Champs numériques extraits: 2
⏳ Ignoré (throttle): FABLAB_21_22/RADAR/salle104/nb, dernier insert il y a 39s
⏳ Ignoré (throttle): FABLAB_21_22/RADAR/salle104/presence, dernier insert il y a 38s
🔔 Message MQTT [FABLAB_21_22/RADAR/salle104] : {"nb":0,"presence":false,"ts":924112}
✅ JSON détecté sur FABLAB_21_22/RADAR/salle104. Champs numériques extraits: 2
⏳ Ignoré (throttle): FABLAB_21_22/RADAR/salle104/nb, dernier insert il y a 41s
⏳ Ignoré (throttle): FABLAB_21_22/RADAR/salle104/presence, dernier insert il y a 41s
🔔 Message MQTT [FABLAB_21_22/RADAR/salle104] : {"nb":0,"presence":false,"ts":927112}
✅ JSON détecté sur FABLAB_21_22/RADAR/salle104. Champs numériques extraits: 2
⏳ Ignoré (throttle): FABLAB_21_22/RADAR/salle104/nb, dernier insert il y a 45s
⏳ Ignoré (throttle): FABLAB_21_22/RADAR/salle104/presence, dernier insert il y a 44s
🔔 Message MQTT [FABLAB_21_22/RADAR/salle104] : {"nb":0,"presence":false,"ts":930112}
✅ JSON détecté sur FABLAB_21_22/RADAR/salle104. Champs numériques extraits: 2
⏳ Ignoré (throttle): FABLAB_21_22/RADAR/salle104/nb, dernier insert il y a 47s
⏳ Ignoré (throttle): FABLAB_21_22/RADAR/salle104/presence, dernier insert il y a 47s
🔔 Message MQTT [FABLAB_21_22/RADAR/salle104] : {"nb":0,"presence":false,"ts":933112}
✅ JSON détecté sur FABLAB_21_22/RADAR/salle104. Champs numériques extraits: 2
⏳ Ignoré (throttle): FABLAB_21_22/RADAR/salle104/nb, dernier insert il y a 50s
⏳ Ignoré (throttle): FABLAB_21_22/RADAR/salle104/presence, dernier insert il y a 50s
🔔 Message MQTT [FABLAB_21_22/RADAR/salle104] : {"nb":0,"presence":false,"ts":936112}
✅ JSON détecté sur FABLAB_21_22/RADAR/salle104. Champs numériques extraits: 2
⏳ Ignoré (throttle): FABLAB_21_22/RADAR/salle104/nb, dernier insert il y a 53s
⏳ Ignoré (throttle): FABLAB_21_22/RADAR/salle104/presence, dernier insert il y a 53s
🔔 Message MQTT [FABLAB_21_22/RADAR/salle104] : {"nb":0,"presence":false,"ts":939112}
✅ JSON détecté sur FABLAB_21_22/RADAR/salle104. Champs numériques extraits: 2
⏳ Ignoré (throttle): FABLAB_21_22/RADAR/salle104/nb, dernier insert il y a 57s
⏳ Ignoré (throttle): FABLAB_21_22/RADAR/salle104/presence, dernier insert il y a 56s
🔔 Message MQTT [FABLAB_21_22/RADAR/salle104] : {"nb":0,"presence":false,"ts":942112}
✅ JSON détecté sur FABLAB_21_22/RADAR/salle104. Champs numériques extraits: 2
💾 Sauvé: FABLAB_21_22/RADAR/salle104/nb = 0.0
💾 Sauvé: FABLAB_21_22/RADAR/salle104/presence = 0.0
🔔 Message MQTT [FABLAB_21_22/RADAR/salle104] : {"nb":0,"presence":false,"ts":945112}
✅ JSON détecté sur FABLAB_21_22/RADAR/salle104. Champs numériques extraits: 2
⏳ Ignoré (throttle): FABLAB_21_22/RADAR/salle104/nb, dernier insert il y a 2s
⏳ Ignoré (throttle): FABLAB_21_22/RADAR/salle104/presence, dernier insert il y a 2s
🔔 Message MQTT [FABLAB_21_22/RADAR/salle104] : {"nb":0,"presence":false,"ts":948112}
✅ JSON détecté sur FABLAB_21_22/RADAR/salle104. Champs numériques extraits: 2
⏳ Ignoré (throttle): FABLAB_21_22/RADAR/salle104/nb, dernier insert il y a 5s
⏳ Ignoré (throttle): FABLAB_21_22/RADAR/salle104/presence, dernier insert il y a 5s
🔔 Message MQTT [FABLAB_21_22/RADAR/salle104] : {"nb":1,"presence":true,"ts":951112,"c1":{"x":682,"y":-1284,"vitesse":-72,"dist_cm":145}}
✅ JSON détecté sur FABLAB_21_22/RADAR/salle104. Champs numériques extraits: 6
⏳ Ignoré (throttle): FABLAB_21_22/RADAR/salle104/nb, dernier insert il y a 8s
⏳ Ignoré (throttle): FABLAB_21_22/RADAR/salle104/presence, dernier insert il y a 8s
💾 Sauvé: FABLAB_21_22/RADAR/salle104/c1_x = 682.0
💾 Sauvé: FABLAB_21_22/RADAR/salle104/c1_y = -1284.0
💾 Sauvé: FABLAB_21_22/RADAR/salle104/c1_vitesse = -72.0
💾 Sauvé: FABLAB_21_22/RADAR/salle104/c1_dist_cm = 145.0
🔔 Message MQTT [FABLAB_21_22/RADAR/salle104] : {"nb":0,"presence":false,"ts":954112}
✅ JSON détecté sur FABLAB_21_22/RADAR/salle104. Champs numériques extraits: 2
⏳ Ignoré (throttle): FABLAB_21_22/RADAR/salle104/nb, dernier insert il y a 11s
⏳ Ignoré (throttle): FABLAB_21_22/RADAR/salle104/presence, dernier insert il y a 11s
🔔 Message MQTT [FABLAB_21_22/RADAR/salle104] : {"nb":0,"presence":false,"ts":957112}
✅ JSON détecté sur FABLAB_21_22/RADAR/salle104. Champs numériques extraits: 2
⏳ Ignoré (throttle): FABLAB_21_22/RADAR/salle104/nb, dernier insert il y a 14s
⏳ Ignoré (throttle): FABLAB_21_22/RADAR/salle104/presence, dernier insert il y a 14s
🔔 Message MQTT [FABLAB_21_22/RADAR/salle104] : {"nb":0,"presence":false,"ts":960112}
✅ JSON détecté sur FABLAB_21_22/RADAR/salle104. Champs numériques extraits: 2
⏳ Ignoré (throttle): FABLAB_21_22/RADAR/salle104/nb, dernier insert il y a 17s
⏳ Ignoré (throttle): FABLAB_21_22/RADAR/salle104/presence, dernier insert il y a 17s
🔔 Message MQTT [FABLAB_21_22/RADAR/salle104] : {"nb":0,"presence":false,"ts":963112}
✅ JSON détecté sur FABLAB_21_22/RADAR/salle104. Champs numériques extraits: 2
⏳ Ignoré (throttle): FABLAB_21_22/RADAR/salle104/nb, dernier insert il y a 20s
⏳ Ignoré (throttle): FABLAB_21_22/RADAR/salle104/presence, dernier insert il y a 20s
🔔 Message MQTT [FABLAB_21_22/RADAR/salle104] : {"nb":0,"presence":false,"ts":966112}
✅ JSON détecté sur FABLAB_21_22/RADAR/salle104. Champs numériques extraits: 2
⏳ Ignoré (throttle): FABLAB_21_22/RADAR/salle104/nb, dernier insert il y a 23s
⏳ Ignoré (throttle): FABLAB_21_22/RADAR/salle104/presence, dernier insert il y a 23s
🔔 Message MQTT [FABLAB_21_22/RADAR/salle104] : {"nb":0,"presence":false,"ts":969112}
✅ JSON détecté sur FABLAB_21_22/RADAR/salle104. Champs numériques extraits: 2
⏳ Ignoré (throttle): FABLAB_21_22/RADAR/salle104/nb, dernier insert il y a 26s
⏳ Ignoré (throttle): FABLAB_21_22/RADAR/salle104/presence, dernier insert il y a 26s
🔔 Message MQTT [FABLAB_21_22/RADAR/salle104] : {"nb":0,"presence":false,"ts":972112}
✅ JSON détecté sur FABLAB_21_22/RADAR/salle104. Champs numériques extraits: 2
⏳ Ignoré (throttle): FABLAB_21_22/RADAR/salle104/nb, dernier insert il y a 29s
⏳ Ignoré (throttle): FABLAB_21_22/RADAR/salle104/presence, dernier insert il y a 29s
🔔 Message MQTT [FABLAB_21_22/RADAR/salle104] : {"nb":0,"presence":false,"ts":975112}
✅ JSON détecté sur FABLAB_21_22/RADAR/salle104. Champs numériques extraits: 2
⏳ Ignoré (throttle): FABLAB_21_22/RADAR/salle104/nb, dernier insert il y a 32s
⏳ Ignoré (throttle): FABLAB_21_22/RADAR/salle104/presence, dernier insert il y a 32s
🔔 Message MQTT [FABLAB_21_22/RADAR/salle104] : {"nb":0,"presence":false,"ts":978112}
✅ JSON détecté sur FABLAB_21_22/RADAR/salle104. Champs numériques extraits: 2
⏳ Ignoré (throttle): FABLAB_21_22/RADAR/salle104/nb, dernier insert il y a 35s
⏳ Ignoré (throttle): FABLAB_21_22/RADAR/salle104/presence, dernier insert il y a 35s
🔔 Message MQTT [FABLAB_21_22/RADAR/salle104] : {"nb":0,"presence":false,"ts":981112}
✅ JSON détecté sur FABLAB_21_22/RADAR/salle104. Champs numériques extraits: 2
⏳ Ignoré (throttle): FABLAB_21_22/RADAR/salle104/nb, dernier insert il y a 38s
⏳ Ignoré (throttle): FABLAB_21_22/RADAR/salle104/presence, dernier insert il y a 38s
🔔 Message MQTT [FABLAB_21_22/RADAR/salle104] : {"nb":0,"presence":false,"ts":984112}
✅ JSON détecté sur FABLAB_21_22/RADAR/salle104. Champs numériques extraits: 2
⏳ Ignoré (throttle): FABLAB_21_22/RADAR/salle104/nb, dernier insert il y a 41s
⏳ Ignoré (throttle): FABLAB_21_22/RADAR/salle104/presence, dernier insert il y a 41s
🔔 Message MQTT [FABLAB_21_22/RADAR/salle104] : {"nb":1,"presence":true,"ts":987112,"c1":{"x":-114,"y":-612,"vitesse":-32,"dist_cm":62}}
✅ JSON détecté sur FABLAB_21_22/RADAR/salle104. Champs numériques extraits: 6
⏳ Ignoré (throttle): FABLAB_21_22/RADAR/salle104/nb, dernier insert il y a 44s
⏳ Ignoré (throttle): FABLAB_21_22/RADAR/salle104/presence, dernier insert il y a 44s
⏳ Ignoré (throttle): FABLAB_21_22/RADAR/salle104/c1_x, dernier insert il y a 36s
⏳ Ignoré (throttle): FABLAB_21_22/RADAR/salle104/c1_y, dernier insert il y a 35s
⏳ Ignoré (throttle): FABLAB_21_22/RADAR/salle104/c1_vitesse, dernier insert il y a 35s
⏳ Ignoré (throttle): FABLAB_21_22/RADAR/salle104/c1_dist_cm, dernier insert il y a 35s
🔔 Message MQTT [FABLAB_21_22/RADAR/salle104] : {"nb":1,"presence":true,"ts":990112,"c1":{"x":-738,"y":-1070,"vitesse":-8,"dist_cm":129}}
✅ JSON détecté sur FABLAB_21_22/RADAR/salle104. Champs numériques extraits: 6
⏳ Ignoré (throttle): FABLAB_21_22/RADAR/salle104/nb, dernier insert il y a 47s
⏳ Ignoré (throttle): FABLAB_21_22/RADAR/salle104/presence, dernier insert il y a 47s
⏳ Ignoré (throttle): FABLAB_21_22/RADAR/salle104/c1_x, dernier insert il y a 39s
⏳ Ignoré (throttle): FABLAB_21_22/RADAR/salle104/c1_y, dernier insert il y a 38s
⏳ Ignoré (throttle): FABLAB_21_22/RADAR/salle104/c1_vitesse, dernier insert il y a 38s
⏳ Ignoré (throttle): FABLAB_21_22/RADAR/salle104/c1_dist_cm, dernier insert il y a 38s
🔔 Message MQTT [FABLAB_21_22/RADAR/salle104] : {"nb":1,"presence":true,"ts":993112,"c1":{"x":118,"y":-1907,"vitesse":0,"dist_cm":191}}
✅ JSON détecté sur FABLAB_21_22/RADAR/salle104. Champs numériques extraits: 6
⏳ Ignoré (throttle): FABLAB_21_22/RADAR/salle104/nb, dernier insert il y a 50s
⏳ Ignoré (throttle): FABLAB_21_22/RADAR/salle104/presence, dernier insert il y a 50s
⏳ Ignoré (throttle): FABLAB_21_22/RADAR/salle104/c1_x, dernier insert il y a 42s
⏳ Ignoré (throttle): FABLAB_21_22/RADAR/salle104/c1_y, dernier insert il y a 41s
⏳ Ignoré (throttle): FABLAB_21_22/RADAR/salle104/c1_vitesse, dernier insert il y a 41s
⏳ Ignoré (throttle): FABLAB_21_22/RADAR/salle104/c1_dist_cm, dernier insert il y a 41s
🔔 Message MQTT [FABLAB_21_22/RADAR/salle104] : {"nb":1,"presence":true,"ts":996112,"c1":{"x":-403,"y":-1636,"vitesse":0,"dist_cm":168}}
✅ JSON détecté sur FABLAB_21_22/RADAR/salle104. Champs numériques extraits: 6
⏳ Ignoré (throttle): FABLAB_21_22/RADAR/salle104/nb, dernier insert il y a 53s
⏳ Ignoré (throttle): FABLAB_21_22/RADAR/salle104/presence, dernier insert il y a 53s
⏳ Ignoré (throttle): FABLAB_21_22/RADAR/salle104/c1_x, dernier insert il y a 45s
⏳ Ignoré (throttle): FABLAB_21_22/RADAR/salle104/c1_y, dernier insert il y a 44s
⏳ Ignoré (throttle): FABLAB_21_22/RADAR/salle104/c1_vitesse, dernier insert il y a 44s
⏳ Ignoré (throttle): FABLAB_21_22/RADAR/salle104/c1_dist_cm, dernier insert il y a 44s
🔔 Message MQTT [FABLAB_21_22/tasmota/tele/tasmota_0725C0/STATE] : {"Time":"2026-05-05T14:09:09","Uptime":"5T06:15:13","UptimeSec":454513,"Heap":186,"SleepMode":"Dynamic","Sleep":50,"LoadAvg":19,"MqttCount":1,"Berry":{"HeapUsed":4,"Objects":55},"POWER":"ON","Wifi":{"AP":1,"SSId":"Fablab_104","BSSId":"40:ED:00:CD:4B:EB","Channel":6,"Mode":"HT20","RSSI":100,"Signal":-32,"LinkCount":1,"Downtime":"0T00:00:03"},"Hostname":"tasmota-0725C0-1472","IPAddress":"192.168.0.99"}
✅ JSON détecté sur FABLAB_21_22/tasmota/tele/tasmota_0725C0/STATE. Champs numériques extraits: 12
💾 Sauvé: FABLAB_21_22/tasmota/tele/tasmota_0725C0/STATE/uptimesec = 454513.0
💾 Sauvé: FABLAB_21_22/tasmota/tele/tasmota_0725C0/STATE/heap = 186.0
💾 Sauvé: FABLAB_21_22/tasmota/tele/tasmota_0725C0/STATE/sleep = 50.0
💾 Sauvé: FABLAB_21_22/tasmota/tele/tasmota_0725C0/STATE/loadavg = 19.0
💾 Sauvé: FABLAB_21_22/tasmota/tele/tasmota_0725C0/STATE/mqttcount = 1.0
💾 Sauvé: FABLAB_21_22/tasmota/tele/tasmota_0725C0/STATE/berry_heapused = 4.0
💾 Sauvé: FABLAB_21_22/tasmota/tele/tasmota_0725C0/STATE/berry_objects = 55.0
💾 Sauvé: FABLAB_21_22/tasmota/tele/tasmota_0725C0/STATE/wifi_ap = 1.0
💾 Sauvé: FABLAB_21_22/tasmota/tele/tasmota_0725C0/STATE/wifi_channel = 6.0
💾 Sauvé: FABLAB_21_22/tasmota/tele/tasmota_0725C0/STATE/wifi_rssi = 100.0
💾 Sauvé: FABLAB_21_22/tasmota/tele/tasmota_0725C0/STATE/wifi_signal = -32.0
💾 Sauvé: FABLAB_21_22/tasmota/tele/tasmota_0725C0/STATE/wifi_linkcount = 1.0
🔔 Message MQTT [FABLAB_21_22/tasmota/tele/tasmota_0725C0/SENSOR] : {"Time":"2026-05-05T14:09:09","ENERGY":{"TotalStartTime":"2026-04-01T07:18:43","Total":284.140,"Yesterday":0.000,"Today":2.919,"Period":32,"Power":0,"ApparentPower":0,"ReactivePower":0,"Factor":0.00,"Voltage":247,"Current":0.000}}
✅ JSON détecté sur FABLAB_21_22/tasmota/tele/tasmota_0725C0/SENSOR. Champs numériques extraits: 10
💾 Sauvé: FABLAB_21_22/tasmota/tele/tasmota_0725C0/SENSOR/energy_total = 284.14
💾 Sauvé: FABLAB_21_22/tasmota/tele/tasmota_0725C0/SENSOR/energy_yesterday = 0.0
💾 Sauvé: FABLAB_21_22/tasmota/tele/tasmota_0725C0/SENSOR/energy_today = 2.919
💾 Sauvé: FABLAB_21_22/tasmota/tele/tasmota_0725C0/SENSOR/energy_period = 32.0
💾 Sauvé: FABLAB_21_22/tasmota/tele/tasmota_0725C0/SENSOR/energy_power = 0.0
💾 Sauvé: FABLAB_21_22/tasmota/tele/tasmota_0725C0/SENSOR/energy_apparentpower = 0.0
💾 Sauvé: FABLAB_21_22/tasmota/tele/tasmota_0725C0/SENSOR/energy_reactivepower = 0.0
💾 Sauvé: FABLAB_21_22/tasmota/tele/tasmota_0725C0/SENSOR/energy_factor = 0.0
💾 Sauvé: FABLAB_21_22/tasmota/tele/tasmota_0725C0/SENSOR/energy_voltage = 247.0
💾 Sauvé: FABLAB_21_22/tasmota/tele/tasmota_0725C0/SENSOR/energy_current = 0.0
🔔 Message MQTT [FABLAB_21_22/RADAR/salle104] : {"nb":1,"presence":true,"ts":999112,"c1":{"x":-134,"y":-1426,"vitesse":0,"dist_cm":143}}
✅ JSON détecté sur FABLAB_21_22/RADAR/salle104. Champs numériques extraits: 6
💾 Sauvé: FABLAB_21_22/RADAR/salle104/nb = 1.0
💾 Sauvé: FABLAB_21_22/RADAR/salle104/presence = 1.0
⏳ Ignoré (throttle): FABLAB_21_22/RADAR/salle104/c1_x, dernier insert il y a 52s
⏳ Ignoré (throttle): FABLAB_21_22/RADAR/salle104/c1_y, dernier insert il y a 52s
⏳ Ignoré (throttle): FABLAB_21_22/RADAR/salle104/c1_vitesse, dernier insert il y a 51s
⏳ Ignoré (throttle): FABLAB_21_22/RADAR/salle104/c1_dist_cm, dernier insert il y a 51s
🔔 Message MQTT [FABLAB_21_22/RADAR/salle104] : {"nb":1,"presence":true,"ts":1002112,"c1":{"x":-774,"y":-1472,"vitesse":0,"dist_cm":166}}
✅ JSON détecté sur FABLAB_21_22/RADAR/salle104. Champs numériques extraits: 6
⏳ Ignoré (throttle): FABLAB_21_22/RADAR/salle104/nb, dernier insert il y a 0s
⏳ Ignoré (throttle): FABLAB_21_22/RADAR/salle104/presence, dernier insert il y a 0s
⏳ Ignoré (throttle): FABLAB_21_22/RADAR/salle104/c1_x, dernier insert il y a 52s
⏳ Ignoré (throttle): FABLAB_21_22/RADAR/salle104/c1_y, dernier insert il y a 52s
⏳ Ignoré (throttle): FABLAB_21_22/RADAR/salle104/c1_vitesse, dernier insert il y a 51s
⏳ Ignoré (throttle): FABLAB_21_22/RADAR/salle104/c1_dist_cm, dernier insert il y a 51s
🔔 Message MQTT [FABLAB_21_22/RADAR/salle104] : {"nb":1,"presence":true,"ts":1005112,"c1":{"x":-167,"y":-1312,"vitesse":0,"dist_cm":132}}
✅ JSON détecté sur FABLAB_21_22/RADAR/salle104. Champs numériques extraits: 6
⏳ Ignoré (throttle): FABLAB_21_22/RADAR/salle104/nb, dernier insert il y a 2s
⏳ Ignoré (throttle): FABLAB_21_22/RADAR/salle104/presence, dernier insert il y a 1s
⏳ Ignoré (throttle): FABLAB_21_22/RADAR/salle104/c1_x, dernier insert il y a 54s
⏳ Ignoré (throttle): FABLAB_21_22/RADAR/salle104/c1_y, dernier insert il y a 53s
⏳ Ignoré (throttle): FABLAB_21_22/RADAR/salle104/c1_vitesse, dernier insert il y a 53s
⏳ Ignoré (throttle): FABLAB_21_22/RADAR/salle104/c1_dist_cm, dernier insert il y a 53s
🔔 Message MQTT [FABLAB_21_22/RADAR/salle104] : {"nb":1,"presence":true,"ts":1008112,"c1":{"x":-600,"y":-1332,"vitesse":0,"dist_cm":146}}
✅ JSON détecté sur FABLAB_21_22/RADAR/salle104. Champs numériques extraits: 6
⏳ Ignoré (throttle): FABLAB_21_22/RADAR/salle104/nb, dernier insert il y a 5s
⏳ Ignoré (throttle): FABLAB_21_22/RADAR/salle104/presence, dernier insert il y a 4s
⏳ Ignoré (throttle): FABLAB_21_22/RADAR/salle104/c1_x, dernier insert il y a 57s
⏳ Ignoré (throttle): FABLAB_21_22/RADAR/salle104/c1_y, dernier insert il y a 56s
⏳ Ignoré (throttle): FABLAB_21_22/RADAR/salle104/c1_vitesse, dernier insert il y a 56s
⏳ Ignoré (throttle): FABLAB_21_22/RADAR/salle104/c1_dist_cm, dernier insert il y a 56s
🔔 Message MQTT [FABLAB_21_22/RADAR/salle104] : {"nb":1,"presence":true,"ts":1011112,"c1":{"x":143,"y":-1282,"vitesse":8,"dist_cm":128}}
✅ JSON détecté sur FABLAB_21_22/RADAR/salle104. Champs numériques extraits: 6
⏳ Ignoré (throttle): FABLAB_21_22/RADAR/salle104/nb, dernier insert il y a 8s
⏳ Ignoré (throttle): FABLAB_21_22/RADAR/salle104/presence, dernier insert il y a 7s
💾 Sauvé: FABLAB_21_22/RADAR/salle104/c1_x = 143.0
⏳ Ignoré (throttle): FABLAB_21_22/RADAR/salle104/c1_y, dernier insert il y a 59s
⏳ Ignoré (throttle): FABLAB_21_22/RADAR/salle104/c1_vitesse, dernier insert il y a 59s
⏳ Ignoré (throttle): FABLAB_21_22/RADAR/salle104/c1_dist_cm, dernier insert il y a 59s
🔔 Message MQTT [FABLAB_21_22/RADAR/salle104] : {"nb":1,"presence":true,"ts":1014112,"c1":{"x":-925,"y":-1201,"vitesse":0,"dist_cm":151}}
✅ JSON détecté sur FABLAB_21_22/RADAR/salle104. Champs numériques extraits: 6
⏳ Ignoré (throttle): FABLAB_21_22/RADAR/salle104/nb, dernier insert il y a 11s
⏳ Ignoré (throttle): FABLAB_21_22/RADAR/salle104/presence, dernier insert il y a 10s
⏳ Ignoré (throttle): FABLAB_21_22/RADAR/salle104/c1_x, dernier insert il y a 3s
💾 Sauvé: FABLAB_21_22/RADAR/salle104/c1_y = -1201.0
💾 Sauvé: FABLAB_21_22/RADAR/salle104/c1_vitesse = 0.0
💾 Sauvé: FABLAB_21_22/RADAR/salle104/c1_dist_cm = 151.0
🔔 Message MQTT [FABLAB_21_22/RADAR/salle104] : {"nb":1,"presence":true,"ts":1017112,"c1":{"x":-1218,"y":-1288,"vitesse":-39,"dist_cm":177}}
✅ JSON détecté sur FABLAB_21_22/RADAR/salle104. Champs numériques extraits: 6
⏳ Ignoré (throttle): FABLAB_21_22/RADAR/salle104/nb, dernier insert il y a 14s
⏳ Ignoré (throttle): FABLAB_21_22/RADAR/salle104/presence, dernier insert il y a 13s
⏳ Ignoré (throttle): FABLAB_21_22/RADAR/salle104/c1_x, dernier insert il y a 6s
⏳ Ignoré (throttle): FABLAB_21_22/RADAR/salle104/c1_y, dernier insert il y a 2s
⏳ Ignoré (throttle): FABLAB_21_22/RADAR/salle104/c1_vitesse, dernier insert il y a 2s
⏳ Ignoré (throttle): FABLAB_21_22/RADAR/salle104/c1_dist_cm, dernier insert il y a 2s
🔔 Message MQTT [FABLAB_21_22/RADAR/salle104] : {"nb":1,"presence":true,"ts":1020112,"c1":{"x":-1331,"y":-1291,"vitesse":-16,"dist_cm":185}}
✅ JSON détecté sur FABLAB_21_22/RADAR/salle104. Champs numériques extraits: 6
⏳ Ignoré (throttle): FABLAB_21_22/RADAR/salle104/nb, dernier insert il y a 17s
⏳ Ignoré (throttle): FABLAB_21_22/RADAR/salle104/presence, dernier insert il y a 16s
⏳ Ignoré (throttle): FABLAB_21_22/RADAR/salle104/c1_x, dernier insert il y a 9s
⏳ Ignoré (throttle): FABLAB_21_22/RADAR/salle104/c1_y, dernier insert il y a 5s
⏳ Ignoré (throttle): FABLAB_21_22/RADAR/salle104/c1_vitesse, dernier insert il y a 5s
⏳ Ignoré (throttle): FABLAB_21_22/RADAR/salle104/c1_dist_cm, dernier insert il y a 5s
🔔 Message MQTT [FABLAB_21_22/RADAR/salle104] : {"nb":1,"presence":true,"ts":1023112,"c1":{"x":-1406,"y":-1360,"vitesse":0,"dist_cm":195}}
✅ JSON détecté sur FABLAB_21_22/RADAR/salle104. Champs numériques extraits: 6
⏳ Ignoré (throttle): FABLAB_21_22/RADAR/salle104/nb, dernier insert il y a 20s
⏳ Ignoré (throttle): FABLAB_21_22/RADAR/salle104/presence, dernier insert il y a 19s
⏳ Ignoré (throttle): FABLAB_21_22/RADAR/salle104/c1_x, dernier insert il y a 12s
⏳ Ignoré (throttle): FABLAB_21_22/RADAR/salle104/c1_y, dernier insert il y a 8s
⏳ Ignoré (throttle): FABLAB_21_22/RADAR/salle104/c1_vitesse, dernier insert il y a 8s
⏳ Ignoré (throttle): FABLAB_21_22/RADAR/salle104/c1_dist_cm, dernier insert il y a 8s
🔔 Message MQTT [FABLAB_21_22/RADAR/salle104] : {"nb":1,"presence":true,"ts":1026112,"c1":{"x":-1378,"y":-1338,"vitesse":0,"dist_cm":192}}
✅ JSON détecté sur FABLAB_21_22/RADAR/salle104. Champs numériques extraits: 6
⏳ Ignoré (throttle): FABLAB_21_22/RADAR/salle104/nb, dernier insert il y a 23s
⏳ Ignoré (throttle): FABLAB_21_22/RADAR/salle104/presence, dernier insert il y a 22s
⏳ Ignoré (throttle): FABLAB_21_22/RADAR/salle104/c1_x, dernier insert il y a 15s
⏳ Ignoré (throttle): FABLAB_21_22/RADAR/salle104/c1_y, dernier insert il y a 11s
⏳ Ignoré (throttle): FABLAB_21_22/RADAR/salle104/c1_vitesse, dernier insert il y a 11s
⏳ Ignoré (throttle): FABLAB_21_22/RADAR/salle104/c1_dist_cm, dernier insert il y a 11s
🔔 Message MQTT [FABLAB_21_22/RADAR/salle104] : {"nb":1,"presence":true,"ts":1029112,"c1":{"x":-1281,"y":-1498,"vitesse":8,"dist_cm":197}}
✅ JSON détecté sur FABLAB_21_22/RADAR/salle104. Champs numériques extraits: 6
⏳ Ignoré (throttle): FABLAB_21_22/RADAR/salle104/nb, dernier insert il y a 26s
⏳ Ignoré (throttle): FABLAB_21_22/RADAR/salle104/presence, dernier insert il y a 25s
⏳ Ignoré (throttle): FABLAB_21_22/RADAR/salle104/c1_x, dernier insert il y a 18s
⏳ Ignoré (throttle): FABLAB_21_22/RADAR/salle104/c1_y, dernier insert il y a 15s
⏳ Ignoré (throttle): FABLAB_21_22/RADAR/salle104/c1_vitesse, dernier insert il y a 14s
⏳ Ignoré (throttle): FABLAB_21_22/RADAR/salle104/c1_dist_cm, dernier insert il y a 14s
🔔 Message MQTT [FABLAB_21_22/RADAR/salle104] : {"nb":1,"presence":true,"ts":1032112,"c1":{"x":-1268,"y":-1461,"vitesse":-8,"dist_cm":193}}
✅ JSON détecté sur FABLAB_21_22/RADAR/salle104. Champs numériques extraits: 6
⏳ Ignoré (throttle): FABLAB_21_22/RADAR/salle104/nb, dernier insert il y a 29s
⏳ Ignoré (throttle): FABLAB_21_22/RADAR/salle104/presence, dernier insert il y a 28s
⏳ Ignoré (throttle): FABLAB_21_22/RADAR/salle104/c1_x, dernier insert il y a 21s
⏳ Ignoré (throttle): FABLAB_21_22/RADAR/salle104/c1_y, dernier insert il y a 17s
⏳ Ignoré (throttle): FABLAB_21_22/RADAR/salle104/c1_vitesse, dernier insert il y a 17s
⏳ Ignoré (throttle): FABLAB_21_22/RADAR/salle104/c1_dist_cm, dernier insert il y a 17s
🔔 Message MQTT [FABLAB_21_22/RADAR/salle104] : {"nb":1,"presence":true,"ts":1035112,"c1":{"x":-1318,"y":-1362,"vitesse":0,"dist_cm":189}}
✅ JSON détecté sur FABLAB_21_22/RADAR/salle104. Champs numériques extraits: 6
⏳ Ignoré (throttle): FABLAB_21_22/RADAR/salle104/nb, dernier insert il y a 32s
⏳ Ignoré (throttle): FABLAB_21_22/RADAR/salle104/presence, dernier insert il y a 31s
⏳ Ignoré (throttle): FABLAB_21_22/RADAR/salle104/c1_x, dernier insert il y a 24s
⏳ Ignoré (throttle): FABLAB_21_22/RADAR/salle104/c1_y, dernier insert il y a 20s
⏳ Ignoré (throttle): FABLAB_21_22/RADAR/salle104/c1_vitesse, dernier insert il y a 20s
⏳ Ignoré (throttle): FABLAB_21_22/RADAR/salle104/c1_dist_cm, dernier insert il y a 20s
🔔 Message MQTT [FABLAB_21_22/RADAR/salle104] : {"nb":1,"presence":true,"ts":1038112,"c1":{"x":559,"y":-768,"vitesse":32,"dist_cm":94}}
✅ JSON détecté sur FABLAB_21_22/RADAR/salle104. Champs numériques extraits: 6
⏳ Ignoré (throttle): FABLAB_21_22/RADAR/salle104/nb, dernier insert il y a 35s
⏳ Ignoré (throttle): FABLAB_21_22/RADAR/salle104/presence, dernier insert il y a 34s
⏳ Ignoré (throttle): FABLAB_21_22/RADAR/salle104/c1_x, dernier insert il y a 27s
⏳ Ignoré (throttle): FABLAB_21_22/RADAR/salle104/c1_y, dernier insert il y a 24s
⏳ Ignoré (throttle): FABLAB_21_22/RADAR/salle104/c1_vitesse, dernier insert il y a 23s
⏳ Ignoré (throttle): FABLAB_21_22/RADAR/salle104/c1_dist_cm, dernier insert il y a 23s
🔔 Message MQTT [FABLAB_21_22/RADAR/salle104] : {"nb":1,"presence":true,"ts":1041112,"c1":{"x":69,"y":-586,"vitesse":-24,"dist_cm":59}}
✅ JSON détecté sur FABLAB_21_22/RADAR/salle104. Champs numériques extraits: 6
⏳ Ignoré (throttle): FABLAB_21_22/RADAR/salle104/nb, dernier insert il y a 38s
⏳ Ignoré (throttle): FABLAB_21_22/RADAR/salle104/presence, dernier insert il y a 37s
⏳ Ignoré (throttle): FABLAB_21_22/RADAR/salle104/c1_x, dernier insert il y a 30s
⏳ Ignoré (throttle): FABLAB_21_22/RADAR/salle104/c1_y, dernier insert il y a 26s
⏳ Ignoré (throttle): FABLAB_21_22/RADAR/salle104/c1_vitesse, dernier insert il y a 26s
⏳ Ignoré (throttle): FABLAB_21_22/RADAR/salle104/c1_dist_cm, dernier insert il y a 26s
🔔 Message MQTT [FABLAB_21_22/RADAR/salle104] : {"nb":1,"presence":true,"ts":1044112,"c1":{"x":925,"y":-960,"vitesse":0,"dist_cm":133}}
✅ JSON détecté sur FABLAB_21_22/RADAR/salle104. Champs numériques extraits: 6
⏳ Ignoré (throttle): FABLAB_21_22/RADAR/salle104/nb, dernier insert il y a 41s
⏳ Ignoré (throttle): FABLAB_21_22/RADAR/salle104/presence, dernier insert il y a 40s
⏳ Ignoré (throttle): FABLAB_21_22/RADAR/salle104/c1_x, dernier insert il y a 33s
⏳ Ignoré (throttle): FABLAB_21_22/RADAR/salle104/c1_y, dernier insert il y a 29s
⏳ Ignoré (throttle): FABLAB_21_22/RADAR/salle104/c1_vitesse, dernier insert il y a 29s
⏳ Ignoré (throttle): FABLAB_21_22/RADAR/salle104/c1_dist_cm, dernier insert il y a 29s
🔔 Message MQTT [FABLAB_21_22/RADAR/salle104] : {"nb":1,"presence":true,"ts":1047112,"c1":{"x":1240,"y":-1193,"vitesse":-8,"dist_cm":172}}
✅ JSON détecté sur FABLAB_21_22/RADAR/salle104. Champs numériques extraits: 6
⏳ Ignoré (throttle): FABLAB_21_22/RADAR/salle104/nb, dernier insert il y a 44s
⏳ Ignoré (throttle): FABLAB_21_22/RADAR/salle104/presence, dernier insert il y a 43s
⏳ Ignoré (throttle): FABLAB_21_22/RADAR/salle104/c1_x, dernier insert il y a 36s
⏳ Ignoré (throttle): FABLAB_21_22/RADAR/salle104/c1_y, dernier insert il y a 32s
⏳ Ignoré (throttle): FABLAB_21_22/RADAR/salle104/c1_vitesse, dernier insert il y a 32s
⏳ Ignoré (throttle): FABLAB_21_22/RADAR/salle104/c1_dist_cm, dernier insert il y a 32s
🔔 Message MQTT [FABLAB_21_22/RADAR/salle104] : {"nb":2,"presence":true,"ts":1050112,"c1":{"x":1328,"y":-1296,"vitesse":0,"dist_cm":185},"c2":{"x":-900,"y":-887,"vitesse":-8,"dist_cm":126}}
✅ JSON détecté sur FABLAB_21_22/RADAR/salle104. Champs numériques extraits: 10
⏳ Ignoré (throttle): FABLAB_21_22/RADAR/salle104/nb, dernier insert il y a 47s
⏳ Ignoré (throttle): FABLAB_21_22/RADAR/salle104/presence, dernier insert il y a 46s
⏳ Ignoré (throttle): FABLAB_21_22/RADAR/salle104/c1_x, dernier insert il y a 38s
⏳ Ignoré (throttle): FABLAB_21_22/RADAR/salle104/c1_y, dernier insert il y a 35s
⏳ Ignoré (throttle): FABLAB_21_22/RADAR/salle104/c1_vitesse, dernier insert il y a 35s
⏳ Ignoré (throttle): FABLAB_21_22/RADAR/salle104/c1_dist_cm, dernier insert il y a 35s
💾 Sauvé: FABLAB_21_22/RADAR/salle104/c2_x = -900.0
💾 Sauvé: FABLAB_21_22/RADAR/salle104/c2_y = -887.0
💾 Sauvé: FABLAB_21_22/RADAR/salle104/c2_vitesse = -8.0
💾 Sauvé: FABLAB_21_22/RADAR/salle104/c2_dist_cm = 126.0
🔔 Message MQTT [FABLAB_21_22/RADAR/salle104] : {"nb":2,"presence":true,"ts":1053112,"c1":{"x":1183,"y":-1092,"vitesse":0,"dist_cm":160},"c2":{"x":-1102,"y":-970,"vitesse":0,"dist_cm":146}}
✅ JSON détecté sur FABLAB_21_22/RADAR/salle104. Champs numériques extraits: 10
⏳ Ignoré (throttle): FABLAB_21_22/RADAR/salle104/nb, dernier insert il y a 50s
⏳ Ignoré (throttle): FABLAB_21_22/RADAR/salle104/presence, dernier insert il y a 49s
⏳ Ignoré (throttle): FABLAB_21_22/RADAR/salle104/c1_x, dernier insert il y a 42s
⏳ Ignoré (throttle): FABLAB_21_22/RADAR/salle104/c1_y, dernier insert il y a 38s
⏳ Ignoré (throttle): FABLAB_21_22/RADAR/salle104/c1_vitesse, dernier insert il y a 38s
⏳ Ignoré (throttle): FABLAB_21_22/RADAR/salle104/c1_dist_cm, dernier insert il y a 38s
⏳ Ignoré (throttle): FABLAB_21_22/RADAR/salle104/c2_x, dernier insert il y a 3s
⏳ Ignoré (throttle): FABLAB_21_22/RADAR/salle104/c2_y, dernier insert il y a 2s
⏳ Ignoré (throttle): FABLAB_21_22/RADAR/salle104/c2_vitesse, dernier insert il y a 2s
⏳ Ignoré (throttle): FABLAB_21_22/RADAR/salle104/c2_dist_cm, dernier insert il y a 2s
🔔 Message MQTT [FABLAB_21_22/RADAR/salle104] : {"nb":2,"presence":true,"ts":1056112,"c1":{"x":1240,"y":-1345,"vitesse":0,"dist_cm":182},"c2":{"x":-1239,"y":-1135,"vitesse":0,"dist_cm":168}}
✅ JSON détecté sur FABLAB_21_22/RADAR/salle104. Champs numériques extraits: 10
⏳ Ignoré (throttle): FABLAB_21_22/RADAR/salle104/nb, dernier insert il y a 53s
⏳ Ignoré (throttle): FABLAB_21_22/RADAR/salle104/presence, dernier insert il y a 52s
⏳ Ignoré (throttle): FABLAB_21_22/RADAR/salle104/c1_x, dernier insert il y a 45s
⏳ Ignoré (throttle): FABLAB_21_22/RADAR/salle104/c1_y, dernier insert il y a 41s
⏳ Ignoré (throttle): FABLAB_21_22/RADAR/salle104/c1_vitesse, dernier insert il y a 41s
⏳ Ignoré (throttle): FABLAB_21_22/RADAR/salle104/c1_dist_cm, dernier insert il y a 41s
⏳ Ignoré (throttle): FABLAB_21_22/RADAR/salle104/c2_x, dernier insert il y a 6s
⏳ Ignoré (throttle): FABLAB_21_22/RADAR/salle104/c2_y, dernier insert il y a 5s
⏳ Ignoré (throttle): FABLAB_21_22/RADAR/salle104/c2_vitesse, dernier insert il y a 5s
⏳ Ignoré (throttle): FABLAB_21_22/RADAR/salle104/c2_dist_cm, dernier insert il y a 5s
🔔 Message MQTT [FABLAB_21_22/RADAR/salle104] : {"nb":2,"presence":true,"ts":1059112,"c1":{"x":1290,"y":-1254,"vitesse":-16,"dist_cm":179},"c2":{"x":-1209,"y":-1150,"vitesse":-8,"dist_cm":166}}
✅ JSON détecté sur FABLAB_21_22/RADAR/salle104. Champs numériques extraits: 10
⏳ Ignoré (throttle): FABLAB_21_22/RADAR/salle104/nb, dernier insert il y a 56s
⏳ Ignoré (throttle): FABLAB_21_22/RADAR/salle104/presence, dernier insert il y a 55s
⏳ Ignoré (throttle): FABLAB_21_22/RADAR/salle104/c1_x, dernier insert il y a 47s
⏳ Ignoré (throttle): FABLAB_21_22/RADAR/salle104/c1_y, dernier insert il y a 44s
⏳ Ignoré (throttle): FABLAB_21_22/RADAR/salle104/c1_vitesse, dernier insert il y a 44s
⏳ Ignoré (throttle): FABLAB_21_22/RADAR/salle104/c1_dist_cm, dernier insert il y a 44s
⏳ Ignoré (throttle): FABLAB_21_22/RADAR/salle104/c2_x, dernier insert il y a 8s
⏳ Ignoré (throttle): FABLAB_21_22/RADAR/salle104/c2_y, dernier insert il y a 8s
⏳ Ignoré (throttle): FABLAB_21_22/RADAR/salle104/c2_vitesse, dernier insert il y a 8s
⏳ Ignoré (throttle): FABLAB_21_22/RADAR/salle104/c2_dist_cm, dernier insert il y a 8s
🔔 Message MQTT [FABLAB_21_22/RADAR/salle104] : {"nb":1,"presence":true,"ts":1062112,"c1":{"x":1195,"y":-1308,"vitesse":-32,"dist_cm":177}}
✅ JSON détecté sur FABLAB_21_22/RADAR/salle104. Champs numériques extraits: 6
⏳ Ignoré (throttle): FABLAB_21_22/RADAR/salle104/nb, dernier insert il y a 59s
⏳ Ignoré (throttle): FABLAB_21_22/RADAR/salle104/presence, dernier insert il y a 58s
⏳ Ignoré (throttle): FABLAB_21_22/RADAR/salle104/c1_x, dernier insert il y a 51s
⏳ Ignoré (throttle): FABLAB_21_22/RADAR/salle104/c1_y, dernier insert il y a 48s
⏳ Ignoré (throttle): FABLAB_21_22/RADAR/salle104/c1_vitesse, dernier insert il y a 47s
⏳ Ignoré (throttle): FABLAB_21_22/RADAR/salle104/c1_dist_cm, dernier insert il y a 47s
🔔 Message MQTT [FABLAB_21_22/RADAR/salle104] : {"nb":1,"presence":true,"ts":1065112,"c1":{"x":1108,"y":-1086,"vitesse":8,"dist_cm":155}}
✅ JSON détecté sur FABLAB_21_22/RADAR/salle104. Champs numériques extraits: 6
💾 Sauvé: FABLAB_21_22/RADAR/salle104/nb = 1.0
💾 Sauvé: FABLAB_21_22/RADAR/salle104/presence = 1.0
⏳ Ignoré (throttle): FABLAB_21_22/RADAR/salle104/c1_x, dernier insert il y a 54s
⏳ Ignoré (throttle): FABLAB_21_22/RADAR/salle104/c1_y, dernier insert il y a 51s
⏳ Ignoré (throttle): FABLAB_21_22/RADAR/salle104/c1_vitesse, dernier insert il y a 51s
⏳ Ignoré (throttle): FABLAB_21_22/RADAR/salle104/c1_dist_cm, dernier insert il y a 51s
🔔 Message MQTT [FABLAB_21_22/RADAR/salle104] : {"nb":1,"presence":true,"ts":1068112,"c1":{"x":1104,"y":-1043,"vitesse":0,"dist_cm":151}}
✅ JSON détecté sur FABLAB_21_22/RADAR/salle104. Champs numériques extraits: 6
⏳ Ignoré (throttle): FABLAB_21_22/RADAR/salle104/nb, dernier insert il y a 2s
⏳ Ignoré (throttle): FABLAB_21_22/RADAR/salle104/presence, dernier insert il y a 2s
⏳ Ignoré (throttle): FABLAB_21_22/RADAR/salle104/c1_x, dernier insert il y a 57s
⏳ Ignoré (throttle): FABLAB_21_22/RADAR/salle104/c1_y, dernier insert il y a 53s
⏳ Ignoré (throttle): FABLAB_21_22/RADAR/salle104/c1_vitesse, dernier insert il y a 53s
⏳ Ignoré (throttle): FABLAB_21_22/RADAR/salle104/c1_dist_cm, dernier insert il y a 53s
🔔 Message MQTT [FABLAB_21_22/RADAR/salle104] : {"nb":1,"presence":true,"ts":1071112,"c1":{"x":1104,"y":-1043,"vitesse":0,"dist_cm":151}}
✅ JSON détecté sur FABLAB_21_22/RADAR/salle104. Champs numériques extraits: 6
⏳ Ignoré (throttle): FABLAB_21_22/RADAR/salle104/nb, dernier insert il y a 5s
⏳ Ignoré (throttle): FABLAB_21_22/RADAR/salle104/presence, dernier insert il y a 5s
💾 Sauvé: FABLAB_21_22/RADAR/salle104/c1_x = 1104.0
⏳ Ignoré (throttle): FABLAB_21_22/RADAR/salle104/c1_y, dernier insert il y a 57s
⏳ Ignoré (throttle): FABLAB_21_22/RADAR/salle104/c1_vitesse, dernier insert il y a 57s
⏳ Ignoré (throttle): FABLAB_21_22/RADAR/salle104/c1_dist_cm, dernier insert il y a 56s
🔔 Message MQTT [FABLAB_21_22/RADAR/salle104] : {"nb":0,"presence":false,"ts":1074112}
✅ JSON détecté sur FABLAB_21_22/RADAR/salle104. Champs numériques extraits: 2
⏳ Ignoré (throttle): FABLAB_21_22/RADAR/salle104/nb, dernier insert il y a 8s
⏳ Ignoré (throttle): FABLAB_21_22/RADAR/salle104/presence, dernier insert il y a 8s
🔔 Message MQTT [FABLAB_21_22/RADAR/salle104] : {"nb":1,"presence":true,"ts":1077112,"c1":{"x":811,"y":-481,"vitesse":32,"dist_cm":94}}
✅ JSON détecté sur FABLAB_21_22/RADAR/salle104. Champs numériques extraits: 6
⏳ Ignoré (throttle): FABLAB_21_22/RADAR/salle104/nb, dernier insert il y a 11s
⏳ Ignoré (throttle): FABLAB_21_22/RADAR/salle104/presence, dernier insert il y a 11s
⏳ Ignoré (throttle): FABLAB_21_22/RADAR/salle104/c1_x, dernier insert il y a 5s
💾 Sauvé: FABLAB_21_22/RADAR/salle104/c1_y = -481.0
💾 Sauvé: FABLAB_21_22/RADAR/salle104/c1_vitesse = 32.0
💾 Sauvé: FABLAB_21_22/RADAR/salle104/c1_dist_cm = 94.0
🔔 Message MQTT [FABLAB_21_22/RADAR/salle104] : {"nb":1,"presence":true,"ts":1080112,"c1":{"x":721,"y":-512,"vitesse":0,"dist_cm":88}}
✅ JSON détecté sur FABLAB_21_22/RADAR/salle104. Champs numériques extraits: 6
⏳ Ignoré (throttle): FABLAB_21_22/RADAR/salle104/nb, dernier insert il y a 14s
⏳ Ignoré (throttle): FABLAB_21_22/RADAR/salle104/presence, dernier insert il y a 14s
⏳ Ignoré (throttle): FABLAB_21_22/RADAR/salle104/c1_x, dernier insert il y a 8s
⏳ Ignoré (throttle): FABLAB_21_22/RADAR/salle104/c1_y, dernier insert il y a 3s
⏳ Ignoré (throttle): FABLAB_21_22/RADAR/salle104/c1_vitesse, dernier insert il y a 3s
⏳ Ignoré (throttle): FABLAB_21_22/RADAR/salle104/c1_dist_cm, dernier insert il y a 2s
🔔 Message MQTT [FABLAB_21_22/RADAR/salle104] : {"nb":1,"presence":true,"ts":1083112,"c1":{"x":474,"y":-348,"vitesse":0,"dist_cm":58}}
✅ JSON détecté sur FABLAB_21_22/RADAR/salle104. Champs numériques extraits: 6
⏳ Ignoré (throttle): FABLAB_21_22/RADAR/salle104/nb, dernier insert il y a 17s
⏳ Ignoré (throttle): FABLAB_21_22/RADAR/salle104/presence, dernier insert il y a 17s
⏳ Ignoré (throttle): FABLAB_21_22/RADAR/salle104/c1_x, dernier insert il y a 11s
⏳ Ignoré (throttle): FABLAB_21_22/RADAR/salle104/c1_y, dernier insert il y a 6s
⏳ Ignoré (throttle): FABLAB_21_22/RADAR/salle104/c1_vitesse, dernier insert il y a 5s
⏳ Ignoré (throttle): FABLAB_21_22/RADAR/salle104/c1_dist_cm, dernier insert il y a 5s
🔔 Message MQTT [FABLAB_21_22/RADAR/salle104] : {"nb":1,"presence":true,"ts":1086112,"c1":{"x":350,"y":-239,"vitesse":0,"dist_cm":42}}
✅ JSON détecté sur FABLAB_21_22/RADAR/salle104. Champs numériques extraits: 6
⏳ Ignoré (throttle): FABLAB_21_22/RADAR/salle104/nb, dernier insert il y a 20s
⏳ Ignoré (throttle): FABLAB_21_22/RADAR/salle104/presence, dernier insert il y a 20s
⏳ Ignoré (throttle): FABLAB_21_22/RADAR/salle104/c1_x, dernier insert il y a 14s
⏳ Ignoré (throttle): FABLAB_21_22/RADAR/salle104/c1_y, dernier insert il y a 9s
⏳ Ignoré (throttle): FABLAB_21_22/RADAR/salle104/c1_vitesse, dernier insert il y a 8s
⏳ Ignoré (throttle): FABLAB_21_22/RADAR/salle104/c1_dist_cm, dernier insert il y a 8s
🔔 Message MQTT [FABLAB_21_22/RADAR/salle104] : {"nb":1,"presence":true,"ts":1089112,"c1":{"x":274,"y":-172,"vitesse":0,"dist_cm":32}}
✅ JSON détecté sur FABLAB_21_22/RADAR/salle104. Champs numériques extraits: 6
⏳ Ignoré (throttle): FABLAB_21_22/RADAR/salle104/nb, dernier insert il y a 23s
⏳ Ignoré (throttle): FABLAB_21_22/RADAR/salle104/presence, dernier insert il y a 23s
⏳ Ignoré (throttle): FABLAB_21_22/RADAR/salle104/c1_x, dernier insert il y a 17s
⏳ Ignoré (throttle): FABLAB_21_22/RADAR/salle104/c1_y, dernier insert il y a 12s
⏳ Ignoré (throttle): FABLAB_21_22/RADAR/salle104/c1_vitesse, dernier insert il y a 11s
⏳ Ignoré (throttle): FABLAB_21_22/RADAR/salle104/c1_dist_cm, dernier insert il y a 11s
🔔 Message MQTT [FABLAB_21_22/RADAR/salle104] : {"nb":1,"presence":true,"ts":1092112,"c1":{"x":274,"y":-172,"vitesse":0,"dist_cm":32}}
✅ JSON détecté sur FABLAB_21_22/RADAR/salle104. Champs numériques extraits: 6
⏳ Ignoré (throttle): FABLAB_21_22/RADAR/salle104/nb, dernier insert il y a 26s
⏳ Ignoré (throttle): FABLAB_21_22/RADAR/salle104/presence, dernier insert il y a 26s
⏳ Ignoré (throttle): FABLAB_21_22/RADAR/salle104/c1_x, dernier insert il y a 20s
⏳ Ignoré (throttle): FABLAB_21_22/RADAR/salle104/c1_y, dernier insert il y a 15s
⏳ Ignoré (throttle): FABLAB_21_22/RADAR/salle104/c1_vitesse, dernier insert il y a 14s
⏳ Ignoré (throttle): FABLAB_21_22/RADAR/salle104/c1_dist_cm, dernier insert il y a 14s
🔔 Message MQTT [FABLAB_21_22/RADAR/salle104] : {"nb":0,"presence":false,"ts":1095112}
✅ JSON détecté sur FABLAB_21_22/RADAR/salle104. Champs numériques extraits: 2
⏳ Ignoré (throttle): FABLAB_21_22/RADAR/salle104/nb, dernier insert il y a 29s
⏳ Ignoré (throttle): FABLAB_21_22/RADAR/salle104/presence, dernier insert il y a 29s
🔔 Message MQTT [FABLAB_21_22/RADAR/salle104] : {"nb":0,"presence":false,"ts":1098112}
✅ JSON détecté sur FABLAB_21_22/RADAR/salle104. Champs numériques extraits: 2
⏳ Ignoré (throttle): FABLAB_21_22/RADAR/salle104/nb, dernier insert il y a 32s
⏳ Ignoré (throttle): FABLAB_21_22/RADAR/salle104/presence, dernier insert il y a 32s
🔔 Message MQTT [FABLAB_21_22/RADAR/salle104] : {"nb":0,"presence":false,"ts":1101112}
✅ JSON détecté sur FABLAB_21_22/RADAR/salle104. Champs numériques extraits: 2
⏳ Ignoré (throttle): FABLAB_21_22/RADAR/salle104/nb, dernier insert il y a 35s
⏳ Ignoré (throttle): FABLAB_21_22/RADAR/salle104/presence, dernier insert il y a 35s
🔔 Message MQTT [FABLAB_21_22/RADAR/salle104] : {"nb":0,"presence":false,"ts":1104112}
✅ JSON détecté sur FABLAB_21_22/RADAR/salle104. Champs numériques extraits: 2
⏳ Ignoré (throttle): FABLAB_21_22/RADAR/salle104/nb, dernier insert il y a 38s
⏳ Ignoré (throttle): FABLAB_21_22/RADAR/salle104/presence, dernier insert il y a 38s
🔔 Message MQTT [FABLAB_21_22/RADAR/salle104] : {"nb":0,"presence":false,"ts":1107112}
✅ JSON détecté sur FABLAB_21_22/RADAR/salle104. Champs numériques extraits: 2
⏳ Ignoré (throttle): FABLAB_21_22/RADAR/salle104/nb, dernier insert il y a 41s
⏳ Ignoré (throttle): FABLAB_21_22/RADAR/salle104/presence, dernier insert il y a 41s
🔔 Message MQTT [FABLAB_21_22/RADAR/salle104] : {"nb":0,"presence":false,"ts":1110112}
✅ JSON détecté sur FABLAB_21_22/RADAR/salle104. Champs numériques extraits: 2
⏳ Ignoré (throttle): FABLAB_21_22/RADAR/salle104/nb, dernier insert il y a 44s
⏳ Ignoré (throttle): FABLAB_21_22/RADAR/salle104/presence, dernier insert il y a 44s
🔔 Message MQTT [FABLAB_21_22/RADAR/salle104] : {"nb":0,"presence":false,"ts":1113112}
✅ JSON détecté sur FABLAB_21_22/RADAR/salle104. Champs numériques extraits: 2
⏳ Ignoré (throttle): FABLAB_21_22/RADAR/salle104/nb, dernier insert il y a 47s
⏳ Ignoré (throttle): FABLAB_21_22/RADAR/salle104/presence, dernier insert il y a 47s
🔔 Message MQTT [FABLAB_21_22/RADAR/salle104] : {"nb":0,"presence":false,"ts":1116112}
✅ JSON détecté sur FABLAB_21_22/RADAR/salle104. Champs numériques extraits: 2
⏳ Ignoré (throttle): FABLAB_21_22/RADAR/salle104/nb, dernier insert il y a 50s
⏳ Ignoré (throttle): FABLAB_21_22/RADAR/salle104/presence, dernier insert il y a 50s
🔔 Message MQTT [FABLAB_21_22/RADAR/salle104] : {"nb":0,"presence":false,"ts":1119112}
✅ JSON détecté sur FABLAB_21_22/RADAR/salle104. Champs numériques extraits: 2
⏳ Ignoré (throttle): FABLAB_21_22/RADAR/salle104/nb, dernier insert il y a 53s
⏳ Ignoré (throttle): FABLAB_21_22/RADAR/salle104/presence, dernier insert il y a 53s
🔔 Message MQTT [FABLAB_21_22/RADAR/salle104] : {"nb":1,"presence":true,"ts":1122112,"c1":{"x":925,"y":-1041,"vitesse":0,"dist_cm":139}}
✅ JSON détecté sur FABLAB_21_22/RADAR/salle104. Champs numériques extraits: 6
⏳ Ignoré (throttle): FABLAB_21_22/RADAR/salle104/nb, dernier insert il y a 56s
⏳ Ignoré (throttle): FABLAB_21_22/RADAR/salle104/presence, dernier insert il y a 56s
⏳ Ignoré (throttle): FABLAB_21_22/RADAR/salle104/c1_x, dernier insert il y a 50s
⏳ Ignoré (throttle): FABLAB_21_22/RADAR/salle104/c1_y, dernier insert il y a 45s
⏳ Ignoré (throttle): FABLAB_21_22/RADAR/salle104/c1_vitesse, dernier insert il y a 44s
⏳ Ignoré (throttle): FABLAB_21_22/RADAR/salle104/c1_dist_cm, dernier insert il y a 44s
🔔 Message MQTT [FABLAB_21_22/RADAR/salle104] : {"nb":1,"presence":true,"ts":1125112,"c1":{"x":805,"y":-1100,"vitesse":64,"dist_cm":136}}
✅ JSON détecté sur FABLAB_21_22/RADAR/salle104. Champs numériques extraits: 6
⏳ Ignoré (throttle): FABLAB_21_22/RADAR/salle104/nb, dernier insert il y a 59s
⏳ Ignoré (throttle): FABLAB_21_22/RADAR/salle104/presence, dernier insert il y a 59s
⏳ Ignoré (throttle): FABLAB_21_22/RADAR/salle104/c1_x, dernier insert il y a 53s
⏳ Ignoré (throttle): FABLAB_21_22/RADAR/salle104/c1_y, dernier insert il y a 48s
⏳ Ignoré (throttle): FABLAB_21_22/RADAR/salle104/c1_vitesse, dernier insert il y a 47s
⏳ Ignoré (throttle): FABLAB_21_22/RADAR/salle104/c1_dist_cm, dernier insert il y a 47s
🔔 Message MQTT [FABLAB_21_22/RADAR/salle104] : {"nb":1,"presence":true,"ts":1128112,"c1":{"x":1166,"y":-2200,"vitesse":-56,"dist_cm":248}}
✅ JSON détecté sur FABLAB_21_22/RADAR/salle104. Champs numériques extraits: 6
💾 Sauvé: FABLAB_21_22/RADAR/salle104/nb = 1.0
💾 Sauvé: FABLAB_21_22/RADAR/salle104/presence = 1.0
⏳ Ignoré (throttle): FABLAB_21_22/RADAR/salle104/c1_x, dernier insert il y a 57s
⏳ Ignoré (throttle): FABLAB_21_22/RADAR/salle104/c1_y, dernier insert il y a 51s
⏳ Ignoré (throttle): FABLAB_21_22/RADAR/salle104/c1_vitesse, dernier insert il y a 51s
⏳ Ignoré (throttle): FABLAB_21_22/RADAR/salle104/c1_dist_cm, dernier insert il y a 51s
🔔 Message MQTT [FABLAB_21_22/RADAR/salle104] : {"nb":1,"presence":true,"ts":1131112,"c1":{"x":1229,"y":-2211,"vitesse":0,"dist_cm":252}}
✅ JSON détecté sur FABLAB_21_22/RADAR/salle104. Champs numériques extraits: 6
⏳ Ignoré (throttle): FABLAB_21_22/RADAR/salle104/nb, dernier insert il y a 3s
⏳ Ignoré (throttle): FABLAB_21_22/RADAR/salle104/presence, dernier insert il y a 2s
⏳ Ignoré (throttle): FABLAB_21_22/RADAR/salle104/c1_x, dernier insert il y a 59s
⏳ Ignoré (throttle): FABLAB_21_22/RADAR/salle104/c1_y, dernier insert il y a 54s
⏳ Ignoré (throttle): FABLAB_21_22/RADAR/salle104/c1_vitesse, dernier insert il y a 53s
⏳ Ignoré (throttle): FABLAB_21_22/RADAR/salle104/c1_dist_cm, dernier insert il y a 53s
🔔 Message MQTT [FABLAB_21_22/RADAR/salle104] : {"nb":1,"presence":true,"ts":1134112,"c1":{"x":1399,"y":-1543,"vitesse":0,"dist_cm":208}}
✅ JSON détecté sur FABLAB_21_22/RADAR/salle104. Champs numériques extraits: 6
⏳ Ignoré (throttle): FABLAB_21_22/RADAR/salle104/nb, dernier insert il y a 6s
⏳ Ignoré (throttle): FABLAB_21_22/RADAR/salle104/presence, dernier insert il y a 5s
💾 Sauvé: FABLAB_21_22/RADAR/salle104/c1_x = 1399.0
⏳ Ignoré (throttle): FABLAB_21_22/RADAR/salle104/c1_y, dernier insert il y a 57s
⏳ Ignoré (throttle): FABLAB_21_22/RADAR/salle104/c1_vitesse, dernier insert il y a 57s
⏳ Ignoré (throttle): FABLAB_21_22/RADAR/salle104/c1_dist_cm, dernier insert il y a 56s
🔔 Message MQTT [FABLAB_21_22/RADAR/salle104] : {"nb":0,"presence":false,"ts":1137112}
✅ JSON détecté sur FABLAB_21_22/RADAR/salle104. Champs numériques extraits: 2
⏳ Ignoré (throttle): FABLAB_21_22/RADAR/salle104/nb, dernier insert il y a 9s
⏳ Ignoré (throttle): FABLAB_21_22/RADAR/salle104/presence, dernier insert il y a 8s
🔔 Message MQTT [FABLAB_21_22/RADAR/salle104] : {"nb":1,"presence":true,"ts":1140112,"c1":{"x":1475,"y":-1393,"vitesse":0,"dist_cm":202}}
✅ JSON détecté sur FABLAB_21_22/RADAR/salle104. Champs numériques extraits: 6
⏳ Ignoré (throttle): FABLAB_21_22/RADAR/salle104/nb, dernier insert il y a 12s
⏳ Ignoré (throttle): FABLAB_21_22/RADAR/salle104/presence, dernier insert il y a 11s
⏳ Ignoré (throttle): FABLAB_21_22/RADAR/salle104/c1_x, dernier insert il y a 6s
💾 Sauvé: FABLAB_21_22/RADAR/salle104/c1_y = -1393.0
💾 Sauvé: FABLAB_21_22/RADAR/salle104/c1_vitesse = 0.0
💾 Sauvé: FABLAB_21_22/RADAR/salle104/c1_dist_cm = 202.0
🔔 Message MQTT [FABLAB_21_22/RADAR/salle104] : {"nb":1,"presence":true,"ts":1143112,"c1":{"x":1445,"y":-1417,"vitesse":-64,"dist_cm":202}}
✅ JSON détecté sur FABLAB_21_22/RADAR/salle104. Champs numériques extraits: 6
⏳ Ignoré (throttle): FABLAB_21_22/RADAR/salle104/nb, dernier insert il y a 15s
⏳ Ignoré (throttle): FABLAB_21_22/RADAR/salle104/presence, dernier insert il y a 14s
⏳ Ignoré (throttle): FABLAB_21_22/RADAR/salle104/c1_x, dernier insert il y a 9s
⏳ Ignoré (throttle): FABLAB_21_22/RADAR/salle104/c1_y, dernier insert il y a 3s
⏳ Ignoré (throttle): FABLAB_21_22/RADAR/salle104/c1_vitesse, dernier insert il y a 2s
⏳ Ignoré (throttle): FABLAB_21_22/RADAR/salle104/c1_dist_cm, dernier insert il y a 2s
🔔 Message MQTT [FABLAB_21_22/RADAR/salle104] : {"nb":0,"presence":false,"ts":1146112}
✅ JSON détecté sur FABLAB_21_22/RADAR/salle104. Champs numériques extraits: 2
⏳ Ignoré (throttle): FABLAB_21_22/RADAR/salle104/nb, dernier insert il y a 18s
⏳ Ignoré (throttle): FABLAB_21_22/RADAR/salle104/presence, dernier insert il y a 17s
🔔 Message MQTT [FABLAB_21_22/RADAR/salle104] : {"nb":0,"presence":false,"ts":1149112}
✅ JSON détecté sur FABLAB_21_22/RADAR/salle104. Champs numériques extraits: 2
⏳ Ignoré (throttle): FABLAB_21_22/RADAR/salle104/nb, dernier insert il y a 21s
⏳ Ignoré (throttle): FABLAB_21_22/RADAR/salle104/presence, dernier insert il y a 20s
🔔 Message MQTT [FABLAB_21_22/RADAR/salle104] : {"nb":0,"presence":false,"ts":1152112}
✅ JSON détecté sur FABLAB_21_22/RADAR/salle104. Champs numériques extraits: 2
⏳ Ignoré (throttle): FABLAB_21_22/RADAR/salle104/nb, dernier insert il y a 24s
⏳ Ignoré (throttle): FABLAB_21_22/RADAR/salle104/presence, dernier insert il y a 23s
🔔 Message MQTT [FABLAB_21_22/RADAR/salle104] : {"nb":0,"presence":false,"ts":1155112}
✅ JSON détecté sur FABLAB_21_22/RADAR/salle104. Champs numériques extraits: 2
⏳ Ignoré (throttle): FABLAB_21_22/RADAR/salle104/nb, dernier insert il y a 26s
⏳ Ignoré (throttle): FABLAB_21_22/RADAR/salle104/presence, dernier insert il y a 26s
🔔 Message MQTT [FABLAB_21_22/RADAR/salle104] : {"nb":0,"presence":false,"ts":1158112}
✅ JSON détecté sur FABLAB_21_22/RADAR/salle104. Champs numériques extraits: 2
⏳ Ignoré (throttle): FABLAB_21_22/RADAR/salle104/nb, dernier insert il y a 29s
⏳ Ignoré (throttle): FABLAB_21_22/RADAR/salle104/presence, dernier insert il y a 29s
🔔 Message MQTT [FABLAB_21_22/tasmota/tele/tasmota_071D00/STATE] : {"Time":"2026-05-05T14:11:52","Uptime":"18T03:20:13","UptimeSec":1567213,"Heap":184,"SleepMode":"Dynamic","Sleep":50,"LoadAvg":19,"MqttCount":1,"Berry":{"HeapUsed":4,"Objects":55},"POWER":"ON","Wifi":{"AP":1,"SSId":"Fablab_104","BSSId":"40:ED:00:CD:4B:EB","Channel":6,"Mode":"HT20","RSSI":80,"Signal":-60,"LinkCount":1,"Downtime":"0T00:00:03"},"Hostname":"tasmota-071D00-7424","IPAddress":"192.168.0.31"}
✅ JSON détecté sur FABLAB_21_22/tasmota/tele/tasmota_071D00/STATE. Champs numériques extraits: 12
💾 Sauvé: FABLAB_21_22/tasmota/tele/tasmota_071D00/STATE/uptimesec = 1567213.0
💾 Sauvé: FABLAB_21_22/tasmota/tele/tasmota_071D00/STATE/heap = 184.0
💾 Sauvé: FABLAB_21_22/tasmota/tele/tasmota_071D00/STATE/sleep = 50.0
💾 Sauvé: FABLAB_21_22/tasmota/tele/tasmota_071D00/STATE/loadavg = 19.0
💾 Sauvé: FABLAB_21_22/tasmota/tele/tasmota_071D00/STATE/mqttcount = 1.0
💾 Sauvé: FABLAB_21_22/tasmota/tele/tasmota_071D00/STATE/berry_heapused = 4.0
💾 Sauvé: FABLAB_21_22/tasmota/tele/tasmota_071D00/STATE/berry_objects = 55.0
💾 Sauvé: FABLAB_21_22/tasmota/tele/tasmota_071D00/STATE/wifi_ap = 1.0
💾 Sauvé: FABLAB_21_22/tasmota/tele/tasmota_071D00/STATE/wifi_channel = 6.0
💾 Sauvé: FABLAB_21_22/tasmota/tele/tasmota_071D00/STATE/wifi_rssi = 80.0
💾 Sauvé: FABLAB_21_22/tasmota/tele/tasmota_071D00/STATE/wifi_signal = -60.0
💾 Sauvé: FABLAB_21_22/tasmota/tele/tasmota_071D00/STATE/wifi_linkcount = 1.0
🔔 Message MQTT [FABLAB_21_22/tasmota/tele/tasmota_071D00/SENSOR] : {"Time":"2026-05-05T14:11:52","ENERGY":{"TotalStartTime":"2026-04-01T07:06:06","Total":0.500,"Yesterday":0.001,"Today":0.001,"Period":0,"Power":0,"ApparentPower":0,"ReactivePower":0,"Factor":0.00,"Voltage":243,"Current":0.000}}
✅ JSON détecté sur FABLAB_21_22/tasmota/tele/tasmota_071D00/SENSOR. Champs numériques extraits: 10
💾 Sauvé: FABLAB_21_22/tasmota/tele/tasmota_071D00/SENSOR/energy_total = 0.5
💾 Sauvé: FABLAB_21_22/tasmota/tele/tasmota_071D00/SENSOR/energy_yesterday = 0.001
💾 Sauvé: FABLAB_21_22/tasmota/tele/tasmota_071D00/SENSOR/energy_today = 0.001
💾 Sauvé: FABLAB_21_22/tasmota/tele/tasmota_071D00/SENSOR/energy_period = 0.0
💾 Sauvé: FABLAB_21_22/tasmota/tele/tasmota_071D00/SENSOR/energy_power = 0.0
💾 Sauvé: FABLAB_21_22/tasmota/tele/tasmota_071D00/SENSOR/energy_apparentpower = 0.0
💾 Sauvé: FABLAB_21_22/tasmota/tele/tasmota_071D00/SENSOR/energy_reactivepower = 0.0
💾 Sauvé: FABLAB_21_22/tasmota/tele/tasmota_071D00/SENSOR/energy_factor = 0.0
💾 Sauvé: FABLAB_21_22/tasmota/tele/tasmota_071D00/SENSOR/energy_voltage = 243.0
💾 Sauvé: FABLAB_21_22/tasmota/tele/tasmota_071D00/SENSOR/energy_current = 0.0
🔔 Message MQTT [FABLAB_21_22/RADAR/salle104] : {"nb":0,"presence":false,"ts":1161112}
✅ JSON détecté sur FABLAB_21_22/RADAR/salle104. Champs numériques extraits: 2
⏳ Ignoré (throttle): FABLAB_21_22/RADAR/salle104/nb, dernier insert il y a 39s
⏳ Ignoré (throttle): FABLAB_21_22/RADAR/salle104/presence, dernier insert il y a 39s
🔔 Message MQTT [FABLAB_21_22/RADAR/salle104] : {"nb":0,"presence":false,"ts":1164112}
✅ JSON détecté sur FABLAB_21_22/RADAR/salle104. Champs numériques extraits: 2
⏳ Ignoré (throttle): FABLAB_21_22/RADAR/salle104/nb, dernier insert il y a 39s
⏳ Ignoré (throttle): FABLAB_21_22/RADAR/salle104/presence, dernier insert il y a 39s
🔔 Message MQTT [FABLAB_21_22/RADAR/salle104] : {"nb":0,"presence":false,"ts":1167112}
✅ JSON détecté sur FABLAB_21_22/RADAR/salle104. Champs numériques extraits: 2
⏳ Ignoré (throttle): FABLAB_21_22/RADAR/salle104/nb, dernier insert il y a 39s
⏳ Ignoré (throttle): FABLAB_21_22/RADAR/salle104/presence, dernier insert il y a 39s
🔔 Message MQTT [FABLAB_21_22/RADAR/salle104] : {"nb":0,"presence":false,"ts":1170112}
✅ JSON détecté sur FABLAB_21_22/RADAR/salle104. Champs numériques extraits: 2
⏳ Ignoré (throttle): FABLAB_21_22/RADAR/salle104/nb, dernier insert il y a 41s
⏳ Ignoré (throttle): FABLAB_21_22/RADAR/salle104/presence, dernier insert il y a 41s
🔔 Message MQTT [FABLAB_21_22/RADAR/salle104] : {"nb":0,"presence":false,"ts":1173112}
✅ JSON détecté sur FABLAB_21_22/RADAR/salle104. Champs numériques extraits: 2
⏳ Ignoré (throttle): FABLAB_21_22/RADAR/salle104/nb, dernier insert il y a 45s
⏳ Ignoré (throttle): FABLAB_21_22/RADAR/salle104/presence, dernier insert il y a 44s
🔔 Message MQTT [FABLAB_21_22/RADAR/salle104] : {"nb":0,"presence":false,"ts":1176112}
✅ JSON détecté sur FABLAB_21_22/RADAR/salle104. Champs numériques extraits: 2
⏳ Ignoré (throttle): FABLAB_21_22/RADAR/salle104/nb, dernier insert il y a 48s
⏳ Ignoré (throttle): FABLAB_21_22/RADAR/salle104/presence, dernier insert il y a 47s
🔔 Message MQTT [FABLAB_21_22/RADAR/salle104] : {"nb":0,"presence":false,"ts":1179112}
✅ JSON détecté sur FABLAB_21_22/RADAR/salle104. Champs numériques extraits: 2
⏳ Ignoré (throttle): FABLAB_21_22/RADAR/salle104/nb, dernier insert il y a 50s
⏳ Ignoré (throttle): FABLAB_21_22/RADAR/salle104/presence, dernier insert il y a 50s
🔔 Message MQTT [FABLAB_21_22/RADAR/salle104] : {"nb":0,"presence":false,"ts":1182112}
✅ JSON détecté sur FABLAB_21_22/RADAR/salle104. Champs numériques extraits: 2
⏳ Ignoré (throttle): FABLAB_21_22/RADAR/salle104/nb, dernier insert il y a 53s
⏳ Ignoré (throttle): FABLAB_21_22/RADAR/salle104/presence, dernier insert il y a 53s
🔔 Message MQTT [FABLAB_21_22/RADAR/salle104] : {"nb":0,"presence":false,"ts":1185112}
✅ JSON détecté sur FABLAB_21_22/RADAR/salle104. Champs numériques extraits: 2
⏳ Ignoré (throttle): FABLAB_21_22/RADAR/salle104/nb, dernier insert il y a 56s
⏳ Ignoré (throttle): FABLAB_21_22/RADAR/salle104/presence, dernier insert il y a 56s
🔔 Message MQTT [FABLAB_21_22/RADAR/salle104] : {"nb":0,"presence":false,"ts":1188112}
✅ JSON détecté sur FABLAB_21_22/RADAR/salle104. Champs numériques extraits: 2
💾 Sauvé: FABLAB_21_22/RADAR/salle104/nb = 0.0
💾 Sauvé: FABLAB_21_22/RADAR/salle104/presence = 0.0
🔔 Message MQTT [FABLAB_21_22/RADAR/salle104] : {"nb":0,"presence":false,"ts":1191112}
✅ JSON détecté sur FABLAB_21_22/RADAR/salle104. Champs numériques extraits: 2
⏳ Ignoré (throttle): FABLAB_21_22/RADAR/salle104/nb, dernier insert il y a 2s
⏳ Ignoré (throttle): FABLAB_21_22/RADAR/salle104/presence, dernier insert il y a 2s
🔔 Message MQTT [FABLAB_21_22/RADAR/salle104] : {"nb":0,"presence":false,"ts":1194112}
✅ JSON détecté sur FABLAB_21_22/RADAR/salle104. Champs numériques extraits: 2
⏳ Ignoré (throttle): FABLAB_21_22/RADAR/salle104/nb, dernier insert il y a 5s
⏳ Ignoré (throttle): FABLAB_21_22/RADAR/salle104/presence, dernier insert il y a 5s
🔔 Message MQTT [FABLAB_21_22/RADAR/salle104] : {"nb":0,"presence":false,"ts":1197112}
✅ JSON détecté sur FABLAB_21_22/RADAR/salle104. Champs numériques extraits: 2
⏳ Ignoré (throttle): FABLAB_21_22/RADAR/salle104/nb, dernier insert il y a 8s
⏳ Ignoré (throttle): FABLAB_21_22/RADAR/salle104/presence, dernier insert il y a 8s
🔔 Message MQTT [FABLAB_21_22/RADAR/salle104] : {"nb":0,"presence":false,"ts":1200112}
✅ JSON détecté sur FABLAB_21_22/RADAR/salle104. Champs numériques extraits: 2
⏳ Ignoré (throttle): FABLAB_21_22/RADAR/salle104/nb, dernier insert il y a 11s
⏳ Ignoré (throttle): FABLAB_21_22/RADAR/salle104/presence, dernier insert il y a 11s
🔔 Message MQTT [FABLAB_21_22/RADAR/salle104] : {"nb":0,"presence":false,"ts":1203112}
✅ JSON détecté sur FABLAB_21_22/RADAR/salle104. Champs numériques extraits: 2
⏳ Ignoré (throttle): FABLAB_21_22/RADAR/salle104/nb, dernier insert il y a 14s
⏳ Ignoré (throttle): FABLAB_21_22/RADAR/salle104/presence, dernier insert il y a 14s
🔔 Message MQTT [FABLAB_21_22/RADAR/salle104] : {"nb":0,"presence":false,"ts":1206112}
✅ JSON détecté sur FABLAB_21_22/RADAR/salle104. Champs numériques extraits: 2
⏳ Ignoré (throttle): FABLAB_21_22/RADAR/salle104/nb, dernier insert il y a 17s
⏳ Ignoré (throttle): FABLAB_21_22/RADAR/salle104/presence, dernier insert il y a 17s
🔔 Message MQTT [FABLAB_21_22/RADAR/salle104] : {"nb":0,"presence":false,"ts":1209112}
✅ JSON détecté sur FABLAB_21_22/RADAR/salle104. Champs numériques extraits: 2
⏳ Ignoré (throttle): FABLAB_21_22/RADAR/salle104/nb, dernier insert il y a 20s
⏳ Ignoré (throttle): FABLAB_21_22/RADAR/salle104/presence, dernier insert il y a 20s
🔔 Message MQTT [FABLAB_21_22/RADAR/salle104] : {"nb":0,"presence":false,"ts":1212112}
✅ JSON détecté sur FABLAB_21_22/RADAR/salle104. Champs numériques extraits: 2
⏳ Ignoré (throttle): FABLAB_21_22/RADAR/salle104/nb, dernier insert il y a 24s
⏳ Ignoré (throttle): FABLAB_21_22/RADAR/salle104/presence, dernier insert il y a 23s
🔔 Message MQTT [FABLAB_21_22/RADAR/salle104] : {"nb":0,"presence":false,"ts":1215112}
✅ JSON détecté sur FABLAB_21_22/RADAR/salle104. Champs numériques extraits: 2
⏳ Ignoré (throttle): FABLAB_21_22/RADAR/salle104/nb, dernier insert il y a 26s
⏳ Ignoré (throttle): FABLAB_21_22/RADAR/salle104/presence, dernier insert il y a 26s
🔔 Message MQTT [FABLAB_21_22/RADAR/salle104] : {"nb":0,"presence":false,"ts":1218112}
✅ JSON détecté sur FABLAB_21_22/RADAR/salle104. Champs numériques extraits: 2
⏳ Ignoré (throttle): FABLAB_21_22/RADAR/salle104/nb, dernier insert il y a 29s
⏳ Ignoré (throttle): FABLAB_21_22/RADAR/salle104/presence, dernier insert il y a 29s
🔔 Message MQTT [FABLAB_21_22/RADAR/salle104] : {"nb":0,"presence":false,"ts":1221112}
✅ JSON détecté sur FABLAB_21_22/RADAR/salle104. Champs numériques extraits: 2
⏳ Ignoré (throttle): FABLAB_21_22/RADAR/salle104/nb, dernier insert il y a 32s
⏳ Ignoré (throttle): FABLAB_21_22/RADAR/salle104/presence, dernier insert il y a 32s
🔔 Message MQTT [FABLAB_21_22/RADAR/salle104] : {"nb":0,"presence":false,"ts":1224112}
✅ JSON détecté sur FABLAB_21_22/RADAR/salle104. Champs numériques extraits: 2
⏳ Ignoré (throttle): FABLAB_21_22/RADAR/salle104/nb, dernier insert il y a 35s
⏳ Ignoré (throttle): FABLAB_21_22/RADAR/salle104/presence, dernier insert il y a 35s
🔔 Message MQTT [FABLAB_21_22/RADAR/salle104] : {"nb":1,"presence":true,"ts":1227112,"c1":{"x":167,"y":-516,"vitesse":8,"dist_cm":54}}
✅ JSON détecté sur FABLAB_21_22/RADAR/salle104. Champs numériques extraits: 6
⏳ Ignoré (throttle): FABLAB_21_22/RADAR/salle104/nb, dernier insert il y a 38s
⏳ Ignoré (throttle): FABLAB_21_22/RADAR/salle104/presence, dernier insert il y a 38s
💾 Sauvé: FABLAB_21_22/RADAR/salle104/c1_x = 167.0
💾 Sauvé: FABLAB_21_22/RADAR/salle104/c1_y = -516.0
💾 Sauvé: FABLAB_21_22/RADAR/salle104/c1_vitesse = 8.0
💾 Sauvé: FABLAB_21_22/RADAR/salle104/c1_dist_cm = 54.0
🔔 Message MQTT [FABLAB_21_22/RADAR/salle104] : {"nb":1,"presence":true,"ts":1230112,"c1":{"x":337,"y":-446,"vitesse":8,"dist_cm":55}}
✅ JSON détecté sur FABLAB_21_22/RADAR/salle104. Champs numériques extraits: 6
⏳ Ignoré (throttle): FABLAB_21_22/RADAR/salle104/nb, dernier insert il y a 41s
⏳ Ignoré (throttle): FABLAB_21_22/RADAR/salle104/presence, dernier insert il y a 41s
⏳ Ignoré (throttle): FABLAB_21_22/RADAR/salle104/c1_x, dernier insert il y a 3s
⏳ Ignoré (throttle): FABLAB_21_22/RADAR/salle104/c1_y, dernier insert il y a 2s
⏳ Ignoré (throttle): FABLAB_21_22/RADAR/salle104/c1_vitesse, dernier insert il y a 2s
⏳ Ignoré (throttle): FABLAB_21_22/RADAR/salle104/c1_dist_cm, dernier insert il y a 2s
🔔 Message MQTT [FABLAB_21_22/RADAR/salle104] : {"nb":1,"presence":true,"ts":1233112,"c1":{"x":159,"y":-355,"vitesse":-112,"dist_cm":38}}
✅ JSON détecté sur FABLAB_21_22/RADAR/salle104. Champs numériques extraits: 6
⏳ Ignoré (throttle): FABLAB_21_22/RADAR/salle104/nb, dernier insert il y a 44s
⏳ Ignoré (throttle): FABLAB_21_22/RADAR/salle104/presence, dernier insert il y a 44s
⏳ Ignoré (throttle): FABLAB_21_22/RADAR/salle104/c1_x, dernier insert il y a 6s
⏳ Ignoré (throttle): FABLAB_21_22/RADAR/salle104/c1_y, dernier insert il y a 5s
⏳ Ignoré (throttle): FABLAB_21_22/RADAR/salle104/c1_vitesse, dernier insert il y a 5s
⏳ Ignoré (throttle): FABLAB_21_22/RADAR/salle104/c1_dist_cm, dernier insert il y a 5s
🔔 Message MQTT [FABLAB_21_22/RADAR/salle104] : {"nb":1,"presence":true,"ts":1236112,"c1":{"x":501,"y":-461,"vitesse":24,"dist_cm":68}}
✅ JSON détecté sur FABLAB_21_22/RADAR/salle104. Champs numériques extraits: 6
⏳ Ignoré (throttle): FABLAB_21_22/RADAR/salle104/nb, dernier insert il y a 47s
⏳ Ignoré (throttle): FABLAB_21_22/RADAR/salle104/presence, dernier insert il y a 47s
⏳ Ignoré (throttle): FABLAB_21_22/RADAR/salle104/c1_x, dernier insert il y a 8s
⏳ Ignoré (throttle): FABLAB_21_22/RADAR/salle104/c1_y, dernier insert il y a 8s
⏳ Ignoré (throttle): FABLAB_21_22/RADAR/salle104/c1_vitesse, dernier insert il y a 8s
⏳ Ignoré (throttle): FABLAB_21_22/RADAR/salle104/c1_dist_cm, dernier insert il y a 8s
🔔 Message MQTT [FABLAB_21_22/RADAR/salle104] : {"nb":1,"presence":true,"ts":1239112,"c1":{"x":96,"y":-402,"vitesse":-8,"dist_cm":41}}
✅ JSON détecté sur FABLAB_21_22/RADAR/salle104. Champs numériques extraits: 6
⏳ Ignoré (throttle): FABLAB_21_22/RADAR/salle104/nb, dernier insert il y a 50s
⏳ Ignoré (throttle): FABLAB_21_22/RADAR/salle104/presence, dernier insert il y a 50s
⏳ Ignoré (throttle): FABLAB_21_22/RADAR/salle104/c1_x, dernier insert il y a 11s
⏳ Ignoré (throttle): FABLAB_21_22/RADAR/salle104/c1_y, dernier insert il y a 11s
⏳ Ignoré (throttle): FABLAB_21_22/RADAR/salle104/c1_vitesse, dernier insert il y a 11s
⏳ Ignoré (throttle): FABLAB_21_22/RADAR/salle104/c1_dist_cm, dernier insert il y a 11s
🔔 Message MQTT [FABLAB_21_22/RADAR/salle104] : {"nb":1,"presence":true,"ts":1242112,"c1":{"x":-163,"y":-928,"vitesse":16,"dist_cm":94}}
✅ JSON détecté sur FABLAB_21_22/RADAR/salle104. Champs numériques extraits: 6
⏳ Ignoré (throttle): FABLAB_21_22/RADAR/salle104/nb, dernier insert il y a 53s
⏳ Ignoré (throttle): FABLAB_21_22/RADAR/salle104/presence, dernier insert il y a 53s
⏳ Ignoré (throttle): FABLAB_21_22/RADAR/salle104/c1_x, dernier insert il y a 15s
⏳ Ignoré (throttle): FABLAB_21_22/RADAR/salle104/c1_y, dernier insert il y a 14s
⏳ Ignoré (throttle): FABLAB_21_22/RADAR/salle104/c1_vitesse, dernier insert il y a 14s
⏳ Ignoré (throttle): FABLAB_21_22/RADAR/salle104/c1_dist_cm, dernier insert il y a 14s
🔔 Message MQTT [FABLAB_21_22/RADAR/salle104] : {"nb":1,"presence":true,"ts":1245112,"c1":{"x":167,"y":-829,"vitesse":0,"dist_cm":84}}
✅ JSON détecté sur FABLAB_21_22/RADAR/salle104. Champs numériques extraits: 6
⏳ Ignoré (throttle): FABLAB_21_22/RADAR/salle104/nb, dernier insert il y a 57s
⏳ Ignoré (throttle): FABLAB_21_22/RADAR/salle104/presence, dernier insert il y a 56s
⏳ Ignoré (throttle): FABLAB_21_22/RADAR/salle104/c1_x, dernier insert il y a 18s
⏳ Ignoré (throttle): FABLAB_21_22/RADAR/salle104/c1_y, dernier insert il y a 17s
⏳ Ignoré (throttle): FABLAB_21_22/RADAR/salle104/c1_vitesse, dernier insert il y a 17s
⏳ Ignoré (throttle): FABLAB_21_22/RADAR/salle104/c1_dist_cm, dernier insert il y a 17s
🔔 Message MQTT [FABLAB_21_22/RADAR/salle104] : {"nb":1,"presence":true,"ts":1248112,"c1":{"x":304,"y":-667,"vitesse":8,"dist_cm":73}}
✅ JSON détecté sur FABLAB_21_22/RADAR/salle104. Champs numériques extraits: 6
⏳ Ignoré (throttle): FABLAB_21_22/RADAR/salle104/nb, dernier insert il y a 59s
⏳ Ignoré (throttle): FABLAB_21_22/RADAR/salle104/presence, dernier insert il y a 59s
⏳ Ignoré (throttle): FABLAB_21_22/RADAR/salle104/c1_x, dernier insert il y a 20s
⏳ Ignoré (throttle): FABLAB_21_22/RADAR/salle104/c1_y, dernier insert il y a 20s
⏳ Ignoré (throttle): FABLAB_21_22/RADAR/salle104/c1_vitesse, dernier insert il y a 20s
⏳ Ignoré (throttle): FABLAB_21_22/RADAR/salle104/c1_dist_cm, dernier insert il y a 20s
🔔 Message MQTT [FABLAB_21_22/RADAR/salle104] : {"nb":1,"presence":true,"ts":1251112,"c1":{"x":265,"y":-682,"vitesse":0,"dist_cm":73}}
✅ JSON détecté sur FABLAB_21_22/RADAR/salle104. Champs numériques extraits: 6
💾 Sauvé: FABLAB_21_22/RADAR/salle104/nb = 1.0
💾 Sauvé: FABLAB_21_22/RADAR/salle104/presence = 1.0
⏳ Ignoré (throttle): FABLAB_21_22/RADAR/salle104/c1_x, dernier insert il y a 24s
⏳ Ignoré (throttle): FABLAB_21_22/RADAR/salle104/c1_y, dernier insert il y a 24s
⏳ Ignoré (throttle): FABLAB_21_22/RADAR/salle104/c1_vitesse, dernier insert il y a 24s
⏳ Ignoré (throttle): FABLAB_21_22/RADAR/salle104/c1_dist_cm, dernier insert il y a 24s
🔔 Message MQTT [FABLAB_21_22/RADAR/salle104] : {"nb":1,"presence":true,"ts":1254112,"c1":{"x":21,"y":-649,"vitesse":0,"dist_cm":64}}
✅ JSON détecté sur FABLAB_21_22/RADAR/salle104. Champs numériques extraits: 6
⏳ Ignoré (throttle): FABLAB_21_22/RADAR/salle104/nb, dernier insert il y a 2s
⏳ Ignoré (throttle): FABLAB_21_22/RADAR/salle104/presence, dernier insert il y a 2s
⏳ Ignoré (throttle): FABLAB_21_22/RADAR/salle104/c1_x, dernier insert il y a 26s
⏳ Ignoré (throttle): FABLAB_21_22/RADAR/salle104/c1_y, dernier insert il y a 26s
⏳ Ignoré (throttle): FABLAB_21_22/RADAR/salle104/c1_vitesse, dernier insert il y a 26s
⏳ Ignoré (throttle): FABLAB_21_22/RADAR/salle104/c1_dist_cm, dernier insert il y a 26s
🔔 Message MQTT [FABLAB_21_22/RADAR/salle104] : {"nb":1,"presence":true,"ts":1257112,"c1":{"x":367,"y":-750,"vitesse":0,"dist_cm":83}}
✅ JSON détecté sur FABLAB_21_22/RADAR/salle104. Champs numériques extraits: 6
⏳ Ignoré (throttle): FABLAB_21_22/RADAR/salle104/nb, dernier insert il y a 5s
⏳ Ignoré (throttle): FABLAB_21_22/RADAR/salle104/presence, dernier insert il y a 5s
⏳ Ignoré (throttle): FABLAB_21_22/RADAR/salle104/c1_x, dernier insert il y a 29s
⏳ Ignoré (throttle): FABLAB_21_22/RADAR/salle104/c1_y, dernier insert il y a 29s
⏳ Ignoré (throttle): FABLAB_21_22/RADAR/salle104/c1_vitesse, dernier insert il y a 29s
⏳ Ignoré (throttle): FABLAB_21_22/RADAR/salle104/c1_dist_cm, dernier insert il y a 29s
🔔 Message MQTT [FABLAB_21_22/RADAR/salle104] : {"nb":1,"presence":true,"ts":1260112,"c1":{"x":856,"y":-1137,"vitesse":32,"dist_cm":142}}
✅ JSON détecté sur FABLAB_21_22/RADAR/salle104. Champs numériques extraits: 6
⏳ Ignoré (throttle): FABLAB_21_22/RADAR/salle104/nb, dernier insert il y a 9s
⏳ Ignoré (throttle): FABLAB_21_22/RADAR/salle104/presence, dernier insert il y a 8s
⏳ Ignoré (throttle): FABLAB_21_22/RADAR/salle104/c1_x, dernier insert il y a 33s
⏳ Ignoré (throttle): FABLAB_21_22/RADAR/salle104/c1_y, dernier insert il y a 32s
⏳ Ignoré (throttle): FABLAB_21_22/RADAR/salle104/c1_vitesse, dernier insert il y a 32s
⏳ Ignoré (throttle): FABLAB_21_22/RADAR/salle104/c1_dist_cm, dernier insert il y a 32s
🔔 Message MQTT [FABLAB_21_22/RADAR/salle104] : {"nb":1,"presence":true,"ts":1263112,"c1":{"x":-158,"y":-586,"vitesse":-8,"dist_cm":60}}
✅ JSON détecté sur FABLAB_21_22/RADAR/salle104. Champs numériques extraits: 6
⏳ Ignoré (throttle): FABLAB_21_22/RADAR/salle104/nb, dernier insert il y a 11s
⏳ Ignoré (throttle): FABLAB_21_22/RADAR/salle104/presence, dernier insert il y a 11s
⏳ Ignoré (throttle): FABLAB_21_22/RADAR/salle104/c1_x, dernier insert il y a 35s
⏳ Ignoré (throttle): FABLAB_21_22/RADAR/salle104/c1_y, dernier insert il y a 35s
⏳ Ignoré (throttle): FABLAB_21_22/RADAR/salle104/c1_vitesse, dernier insert il y a 35s
⏳ Ignoré (throttle): FABLAB_21_22/RADAR/salle104/c1_dist_cm, dernier insert il y a 35s
🔔 Message MQTT [FABLAB_21_22/RADAR/salle104] : {"nb":1,"presence":true,"ts":1266112,"c1":{"x":313,"y":-496,"vitesse":-48,"dist_cm":58}}
✅ JSON détecté sur FABLAB_21_22/RADAR/salle104. Champs numériques extraits: 6
⏳ Ignoré (throttle): FABLAB_21_22/RADAR/salle104/nb, dernier insert il y a 14s
⏳ Ignoré (throttle): FABLAB_21_22/RADAR/salle104/presence, dernier insert il y a 14s
⏳ Ignoré (throttle): FABLAB_21_22/RADAR/salle104/c1_x, dernier insert il y a 38s
⏳ Ignoré (throttle): FABLAB_21_22/RADAR/salle104/c1_y, dernier insert il y a 38s
⏳ Ignoré (throttle): FABLAB_21_22/RADAR/salle104/c1_vitesse, dernier insert il y a 38s
⏳ Ignoré (throttle): FABLAB_21_22/RADAR/salle104/c1_dist_cm, dernier insert il y a 38s
🔔 Message MQTT [FABLAB_21_22/RADAR/salle104] : {"nb":1,"presence":true,"ts":1269112,"c1":{"x":-904,"y":-1001,"vitesse":72,"dist_cm":134}}
✅ JSON détecté sur FABLAB_21_22/RADAR/salle104. Champs numériques extraits: 6
⏳ Ignoré (throttle): FABLAB_21_22/RADAR/salle104/nb, dernier insert il y a 18s
⏳ Ignoré (throttle): FABLAB_21_22/RADAR/salle104/presence, dernier insert il y a 17s
⏳ Ignoré (throttle): FABLAB_21_22/RADAR/salle104/c1_x, dernier insert il y a 41s
⏳ Ignoré (throttle): FABLAB_21_22/RADAR/salle104/c1_y, dernier insert il y a 41s
⏳ Ignoré (throttle): FABLAB_21_22/RADAR/salle104/c1_vitesse, dernier insert il y a 41s
⏳ Ignoré (throttle): FABLAB_21_22/RADAR/salle104/c1_dist_cm, dernier insert il y a 41s
🔔 Message MQTT [FABLAB_21_22/RADAR/salle104] : {"nb":1,"presence":true,"ts":1272112,"c1":{"x":-830,"y":-1144,"vitesse":8,"dist_cm":141}}
✅ JSON détecté sur FABLAB_21_22/RADAR/salle104. Champs numériques extraits: 6
⏳ Ignoré (throttle): FABLAB_21_22/RADAR/salle104/nb, dernier insert il y a 21s
⏳ Ignoré (throttle): FABLAB_21_22/RADAR/salle104/presence, dernier insert il y a 20s
⏳ Ignoré (throttle): FABLAB_21_22/RADAR/salle104/c1_x, dernier insert il y a 45s
⏳ Ignoré (throttle): FABLAB_21_22/RADAR/salle104/c1_y, dernier insert il y a 44s
⏳ Ignoré (throttle): FABLAB_21_22/RADAR/salle104/c1_vitesse, dernier insert il y a 44s
⏳ Ignoré (throttle): FABLAB_21_22/RADAR/salle104/c1_dist_cm, dernier insert il y a 44s
🔔 Message MQTT [FABLAB_21_22/RADAR/salle104] : {"nb":1,"presence":true,"ts":1275112,"c1":{"x":101,"y":-389,"vitesse":-32,"dist_cm":40}}
✅ JSON détecté sur FABLAB_21_22/RADAR/salle104. Champs numériques extraits: 6
⏳ Ignoré (throttle): FABLAB_21_22/RADAR/salle104/nb, dernier insert il y a 24s
⏳ Ignoré (throttle): FABLAB_21_22/RADAR/salle104/presence, dernier insert il y a 23s
⏳ Ignoré (throttle): FABLAB_21_22/RADAR/salle104/c1_x, dernier insert il y a 47s
⏳ Ignoré (throttle): FABLAB_21_22/RADAR/salle104/c1_y, dernier insert il y a 47s
⏳ Ignoré (throttle): FABLAB_21_22/RADAR/salle104/c1_vitesse, dernier insert il y a 47s
⏳ Ignoré (throttle): FABLAB_21_22/RADAR/salle104/c1_dist_cm, dernier insert il y a 47s
🔔 Message MQTT [FABLAB_21_22/RADAR/salle104] : {"nb":1,"presence":true,"ts":1278112,"c1":{"x":197,"y":-447,"vitesse":0,"dist_cm":48}}
✅ JSON détecté sur FABLAB_21_22/RADAR/salle104. Champs numériques extraits: 6
⏳ Ignoré (throttle): FABLAB_21_22/RADAR/salle104/nb, dernier insert il y a 27s
⏳ Ignoré (throttle): FABLAB_21_22/RADAR/salle104/presence, dernier insert il y a 26s
⏳ Ignoré (throttle): FABLAB_21_22/RADAR/salle104/c1_x, dernier insert il y a 51s
⏳ Ignoré (throttle): FABLAB_21_22/RADAR/salle104/c1_y, dernier insert il y a 50s
⏳ Ignoré (throttle): FABLAB_21_22/RADAR/salle104/c1_vitesse, dernier insert il y a 50s
⏳ Ignoré (throttle): FABLAB_21_22/RADAR/salle104/c1_dist_cm, dernier insert il y a 50s
🔔 Message MQTT [FABLAB_21_22/RADAR/salle104] : {"nb":1,"presence":true,"ts":1281112,"c1":{"x":372,"y":-720,"vitesse":0,"dist_cm":81}}
✅ JSON détecté sur FABLAB_21_22/RADAR/salle104. Champs numériques extraits: 6
⏳ Ignoré (throttle): FABLAB_21_22/RADAR/salle104/nb, dernier insert il y a 30s
⏳ Ignoré (throttle): FABLAB_21_22/RADAR/salle104/presence, dernier insert il y a 29s
⏳ Ignoré (throttle): FABLAB_21_22/RADAR/salle104/c1_x, dernier insert il y a 53s
⏳ Ignoré (throttle): FABLAB_21_22/RADAR/salle104/c1_y, dernier insert il y a 53s
⏳ Ignoré (throttle): FABLAB_21_22/RADAR/salle104/c1_vitesse, dernier insert il y a 53s
⏳ Ignoré (throttle): FABLAB_21_22/RADAR/salle104/c1_dist_cm, dernier insert il y a 53s
🔔 Message MQTT [FABLAB_21_22/RADAR/salle104] : {"nb":1,"presence":true,"ts":1284112,"c1":{"x":22,"y":-709,"vitesse":8,"dist_cm":70}}
✅ JSON détecté sur FABLAB_21_22/RADAR/salle104. Champs numériques extraits: 6
⏳ Ignoré (throttle): FABLAB_21_22/RADAR/salle104/nb, dernier insert il y a 33s
⏳ Ignoré (throttle): FABLAB_21_22/RADAR/salle104/presence, dernier insert il y a 32s
⏳ Ignoré (throttle): FABLAB_21_22/RADAR/salle104/c1_x, dernier insert il y a 57s
⏳ Ignoré (throttle): FABLAB_21_22/RADAR/salle104/c1_y, dernier insert il y a 56s
⏳ Ignoré (throttle): FABLAB_21_22/RADAR/salle104/c1_vitesse, dernier insert il y a 56s
⏳ Ignoré (throttle): FABLAB_21_22/RADAR/salle104/c1_dist_cm, dernier insert il y a 56s
🔔 Message MQTT [FABLAB_21_22/RADAR/salle104] : {"nb":1,"presence":true,"ts":1287112,"c1":{"x":37,"y":-521,"vitesse":0,"dist_cm":52}}
✅ JSON détecté sur FABLAB_21_22/RADAR/salle104. Champs numériques extraits: 6
⏳ Ignoré (throttle): FABLAB_21_22/RADAR/salle104/nb, dernier insert il y a 36s
⏳ Ignoré (throttle): FABLAB_21_22/RADAR/salle104/presence, dernier insert il y a 35s
⏳ Ignoré (throttle): FABLAB_21_22/RADAR/salle104/c1_x, dernier insert il y a 59s
⏳ Ignoré (throttle): FABLAB_21_22/RADAR/salle104/c1_y, dernier insert il y a 59s
⏳ Ignoré (throttle): FABLAB_21_22/RADAR/salle104/c1_vitesse, dernier insert il y a 59s
⏳ Ignoré (throttle): FABLAB_21_22/RADAR/salle104/c1_dist_cm, dernier insert il y a 59s
🔔 Message MQTT [FABLAB_21_22/RADAR/salle104] : {"nb":1,"presence":true,"ts":1290112,"c1":{"x":971,"y":-1164,"vitesse":0,"dist_cm":151}}
✅ JSON détecté sur FABLAB_21_22/RADAR/salle104. Champs numériques extraits: 6
⏳ Ignoré (throttle): FABLAB_21_22/RADAR/salle104/nb, dernier insert il y a 39s
⏳ Ignoré (throttle): FABLAB_21_22/RADAR/salle104/presence, dernier insert il y a 38s
💾 Sauvé: FABLAB_21_22/RADAR/salle104/c1_x = 971.0
💾 Sauvé: FABLAB_21_22/RADAR/salle104/c1_y = -1164.0
💾 Sauvé: FABLAB_21_22/RADAR/salle104/c1_vitesse = 0.0
💾 Sauvé: FABLAB_21_22/RADAR/salle104/c1_dist_cm = 151.0
🔔 Message MQTT [FABLAB_21_22/RADAR/salle104] : {"nb":1,"presence":true,"ts":1293112,"c1":{"x":25,"y":-912,"vitesse":8,"dist_cm":91}}
✅ JSON détecté sur FABLAB_21_22/RADAR/salle104. Champs numériques extraits: 6
⏳ Ignoré (throttle): FABLAB_21_22/RADAR/salle104/nb, dernier insert il y a 42s
⏳ Ignoré (throttle): FABLAB_21_22/RADAR/salle104/presence, dernier insert il y a 41s
⏳ Ignoré (throttle): FABLAB_21_22/RADAR/salle104/c1_x, dernier insert il y a 3s
⏳ Ignoré (throttle): FABLAB_21_22/RADAR/salle104/c1_y, dernier insert il y a 2s
⏳ Ignoré (throttle): FABLAB_21_22/RADAR/salle104/c1_vitesse, dernier insert il y a 2s
⏳ Ignoré (throttle): FABLAB_21_22/RADAR/salle104/c1_dist_cm, dernier insert il y a 2s
🔔 Message MQTT [FABLAB_21_22/RADAR/salle104] : {"nb":1,"presence":true,"ts":1296112,"c1":{"x":-492,"y":-1370,"vitesse":-24,"dist_cm":145}}
✅ JSON détecté sur FABLAB_21_22/RADAR/salle104. Champs numériques extraits: 6
⏳ Ignoré (throttle): FABLAB_21_22/RADAR/salle104/nb, dernier insert il y a 45s
⏳ Ignoré (throttle): FABLAB_21_22/RADAR/salle104/presence, dernier insert il y a 44s
⏳ Ignoré (throttle): FABLAB_21_22/RADAR/salle104/c1_x, dernier insert il y a 6s
⏳ Ignoré (throttle): FABLAB_21_22/RADAR/salle104/c1_y, dernier insert il y a 5s
⏳ Ignoré (throttle): FABLAB_21_22/RADAR/salle104/c1_vitesse, dernier insert il y a 5s
⏳ Ignoré (throttle): FABLAB_21_22/RADAR/salle104/c1_dist_cm, dernier insert il y a 5s
🔔 Message MQTT [FABLAB_21_22/tasmota/tele/tasmota_0725C0/STATE] : {"Time":"2026-05-05T14:14:09","Uptime":"5T06:20:13","UptimeSec":454813,"Heap":186,"SleepMode":"Dynamic","Sleep":50,"LoadAvg":19,"MqttCount":1,"Berry":{"HeapUsed":4,"Objects":55},"POWER":"ON","Wifi":{"AP":1,"SSId":"Fablab_104","BSSId":"40:ED:00:CD:4B:EB","Channel":6,"Mode":"HT20","RSSI":100,"Signal":-31,"LinkCount":1,"Downtime":"0T00:00:03"},"Hostname":"tasmota-0725C0-1472","IPAddress":"192.168.0.99"}
✅ JSON détecté sur FABLAB_21_22/tasmota/tele/tasmota_0725C0/STATE. Champs numériques extraits: 12
💾 Sauvé: FABLAB_21_22/tasmota/tele/tasmota_0725C0/STATE/uptimesec = 454813.0
💾 Sauvé: FABLAB_21_22/tasmota/tele/tasmota_0725C0/STATE/heap = 186.0
💾 Sauvé: FABLAB_21_22/tasmota/tele/tasmota_0725C0/STATE/sleep = 50.0
💾 Sauvé: FABLAB_21_22/tasmota/tele/tasmota_0725C0/STATE/loadavg = 19.0
💾 Sauvé: FABLAB_21_22/tasmota/tele/tasmota_0725C0/STATE/mqttcount = 1.0
💾 Sauvé: FABLAB_21_22/tasmota/tele/tasmota_0725C0/STATE/berry_heapused = 4.0
💾 Sauvé: FABLAB_21_22/tasmota/tele/tasmota_0725C0/STATE/berry_objects = 55.0
💾 Sauvé: FABLAB_21_22/tasmota/tele/tasmota_0725C0/STATE/wifi_ap = 1.0
💾 Sauvé: FABLAB_21_22/tasmota/tele/tasmota_0725C0/STATE/wifi_channel = 6.0
💾 Sauvé: FABLAB_21_22/tasmota/tele/tasmota_0725C0/STATE/wifi_rssi = 100.0
💾 Sauvé: FABLAB_21_22/tasmota/tele/tasmota_0725C0/STATE/wifi_signal = -31.0
💾 Sauvé: FABLAB_21_22/tasmota/tele/tasmota_0725C0/STATE/wifi_linkcount = 1.0
🔔 Message MQTT [FABLAB_21_22/tasmota/tele/tasmota_0725C0/SENSOR] : {"Time":"2026-05-05T14:14:09","ENERGY":{"TotalStartTime":"2026-04-01T07:18:43","Total":284.172,"Yesterday":0.000,"Today":2.951,"Period":32,"Power":0,"ApparentPower":0,"ReactivePower":0,"Factor":0.00,"Voltage":247,"Current":0.000}}
✅ JSON détecté sur FABLAB_21_22/tasmota/tele/tasmota_0725C0/SENSOR. Champs numériques extraits: 10
💾 Sauvé: FABLAB_21_22/tasmota/tele/tasmota_0725C0/SENSOR/energy_total = 284.172
💾 Sauvé: FABLAB_21_22/tasmota/tele/tasmota_0725C0/SENSOR/energy_yesterday = 0.0
💾 Sauvé: FABLAB_21_22/tasmota/tele/tasmota_0725C0/SENSOR/energy_today = 2.951
💾 Sauvé: FABLAB_21_22/tasmota/tele/tasmota_0725C0/SENSOR/energy_period = 32.0
💾 Sauvé: FABLAB_21_22/tasmota/tele/tasmota_0725C0/SENSOR/energy_power = 0.0
💾 Sauvé: FABLAB_21_22/tasmota/tele/tasmota_0725C0/SENSOR/energy_apparentpower = 0.0
💾 Sauvé: FABLAB_21_22/tasmota/tele/tasmota_0725C0/SENSOR/energy_reactivepower = 0.0
💾 Sauvé: FABLAB_21_22/tasmota/tele/tasmota_0725C0/SENSOR/energy_factor = 0.0
💾 Sauvé: FABLAB_21_22/tasmota/tele/tasmota_0725C0/SENSOR/energy_voltage = 247.0
💾 Sauvé: FABLAB_21_22/tasmota/tele/tasmota_0725C0/SENSOR/energy_current = 0.0
🔔 Message MQTT [FABLAB_21_22/RADAR/salle104] : {"nb":1,"presence":true,"ts":1299112,"c1":{"x":-818,"y":-1155,"vitesse":8,"dist_cm":141}}
✅ JSON détecté sur FABLAB_21_22/RADAR/salle104. Champs numériques extraits: 6
⏳ Ignoré (throttle): FABLAB_21_22/RADAR/salle104/nb, dernier insert il y a 51s
⏳ Ignoré (throttle): FABLAB_21_22/RADAR/salle104/presence, dernier insert il y a 50s
⏳ Ignoré (throttle): FABLAB_21_22/RADAR/salle104/c1_x, dernier insert il y a 12s
⏳ Ignoré (throttle): FABLAB_21_22/RADAR/salle104/c1_y, dernier insert il y a 12s
⏳ Ignoré (throttle): FABLAB_21_22/RADAR/salle104/c1_vitesse, dernier insert il y a 11s
⏳ Ignoré (throttle): FABLAB_21_22/RADAR/salle104/c1_dist_cm, dernier insert il y a 11s
🔔 Message MQTT [FABLAB_21_22/RADAR/salle104] : {"nb":1,"presence":true,"ts":1302112,"c1":{"x":-962,"y":-628,"vitesse":0,"dist_cm":114}}
✅ JSON détecté sur FABLAB_21_22/RADAR/salle104. Champs numériques extraits: 6
⏳ Ignoré (throttle): FABLAB_21_22/RADAR/salle104/nb, dernier insert il y a 51s
⏳ Ignoré (throttle): FABLAB_21_22/RADAR/salle104/presence, dernier insert il y a 50s
⏳ Ignoré (throttle): FABLAB_21_22/RADAR/salle104/c1_x, dernier insert il y a 12s
⏳ Ignoré (throttle): FABLAB_21_22/RADAR/salle104/c1_y, dernier insert il y a 12s
⏳ Ignoré (throttle): FABLAB_21_22/RADAR/salle104/c1_vitesse, dernier insert il y a 11s
⏳ Ignoré (throttle): FABLAB_21_22/RADAR/salle104/c1_dist_cm, dernier insert il y a 11s
🔔 Message MQTT [FABLAB_21_22/RADAR/salle104] : {"nb":1,"presence":true,"ts":1305112,"c1":{"x":664,"y":-1156,"vitesse":0,"dist_cm":133}}
✅ JSON détecté sur FABLAB_21_22/RADAR/salle104. Champs numériques extraits: 6
⏳ Ignoré (throttle): FABLAB_21_22/RADAR/salle104/nb, dernier insert il y a 54s
⏳ Ignoré (throttle): FABLAB_21_22/RADAR/salle104/presence, dernier insert il y a 53s
⏳ Ignoré (throttle): FABLAB_21_22/RADAR/salle104/c1_x, dernier insert il y a 15s
⏳ Ignoré (throttle): FABLAB_21_22/RADAR/salle104/c1_y, dernier insert il y a 14s
⏳ Ignoré (throttle): FABLAB_21_22/RADAR/salle104/c1_vitesse, dernier insert il y a 14s
⏳ Ignoré (throttle): FABLAB_21_22/RADAR/salle104/c1_dist_cm, dernier insert il y a 14s
🔔 Message MQTT [FABLAB_21_22/RADAR/salle104] : {"nb":1,"presence":true,"ts":1308112,"c1":{"x":481,"y":-936,"vitesse":24,"dist_cm":105}}
✅ JSON détecté sur FABLAB_21_22/RADAR/salle104. Champs numériques extraits: 6
⏳ Ignoré (throttle): FABLAB_21_22/RADAR/salle104/nb, dernier insert il y a 57s
⏳ Ignoré (throttle): FABLAB_21_22/RADAR/salle104/presence, dernier insert il y a 56s
⏳ Ignoré (throttle): FABLAB_21_22/RADAR/salle104/c1_x, dernier insert il y a 18s
⏳ Ignoré (throttle): FABLAB_21_22/RADAR/salle104/c1_y, dernier insert il y a 17s
⏳ Ignoré (throttle): FABLAB_21_22/RADAR/salle104/c1_vitesse, dernier insert il y a 17s
⏳ Ignoré (throttle): FABLAB_21_22/RADAR/salle104/c1_dist_cm, dernier insert il y a 17s
🔔 Message MQTT [FABLAB_21_22/RADAR/salle104] : {"nb":1,"presence":true,"ts":1311112,"c1":{"x":-68,"y":-565,"vitesse":0,"dist_cm":56}}
✅ JSON détecté sur FABLAB_21_22/RADAR/salle104. Champs numériques extraits: 6
💾 Sauvé: FABLAB_21_22/RADAR/salle104/nb = 1.0
⏳ Ignoré (throttle): FABLAB_21_22/RADAR/salle104/presence, dernier insert il y a 59s
⏳ Ignoré (throttle): FABLAB_21_22/RADAR/salle104/c1_x, dernier insert il y a 21s
⏳ Ignoré (throttle): FABLAB_21_22/RADAR/salle104/c1_y, dernier insert il y a 21s
⏳ Ignoré (throttle): FABLAB_21_22/RADAR/salle104/c1_vitesse, dernier insert il y a 20s
⏳ Ignoré (throttle): FABLAB_21_22/RADAR/salle104/c1_dist_cm, dernier insert il y a 20s
🔔 Message MQTT [FABLAB_21_22/RADAR/salle104] : {"nb":1,"presence":true,"ts":1314112,"c1":{"x":-98,"y":-567,"vitesse":0,"dist_cm":57}}
✅ JSON détecté sur FABLAB_21_22/RADAR/salle104. Champs numériques extraits: 6
⏳ Ignoré (throttle): FABLAB_21_22/RADAR/salle104/nb, dernier insert il y a 3s
💾 Sauvé: FABLAB_21_22/RADAR/salle104/presence = 1.0
⏳ Ignoré (throttle): FABLAB_21_22/RADAR/salle104/c1_x, dernier insert il y a 24s
⏳ Ignoré (throttle): FABLAB_21_22/RADAR/salle104/c1_y, dernier insert il y a 24s
⏳ Ignoré (throttle): FABLAB_21_22/RADAR/salle104/c1_vitesse, dernier insert il y a 23s
⏳ Ignoré (throttle): FABLAB_21_22/RADAR/salle104/c1_dist_cm, dernier insert il y a 23s
🔔 Message MQTT [FABLAB_21_22/RADAR/salle104] : {"nb":1,"presence":true,"ts":1317112,"c1":{"x":-85,"y":-512,"vitesse":8,"dist_cm":51}}
✅ JSON détecté sur FABLAB_21_22/RADAR/salle104. Champs numériques extraits: 6
⏳ Ignoré (throttle): FABLAB_21_22/RADAR/salle104/nb, dernier insert il y a 6s
⏳ Ignoré (throttle): FABLAB_21_22/RADAR/salle104/presence, dernier insert il y a 3s
⏳ Ignoré (throttle): FABLAB_21_22/RADAR/salle104/c1_x, dernier insert il y a 27s
⏳ Ignoré (throttle): FABLAB_21_22/RADAR/salle104/c1_y, dernier insert il y a 26s
⏳ Ignoré (throttle): FABLAB_21_22/RADAR/salle104/c1_vitesse, dernier insert il y a 26s
⏳ Ignoré (throttle): FABLAB_21_22/RADAR/salle104/c1_dist_cm, dernier insert il y a 26s
🔔 Message MQTT [FABLAB_21_22/RADAR/salle104] : {"nb":1,"presence":true,"ts":1320112,"c1":{"x":348,"y":-786,"vitesse":8,"dist_cm":85}}
✅ JSON détecté sur FABLAB_21_22/RADAR/salle104. Champs numériques extraits: 6
⏳ Ignoré (throttle): FABLAB_21_22/RADAR/salle104/nb, dernier insert il y a 9s
⏳ Ignoré (throttle): FABLAB_21_22/RADAR/salle104/presence, dernier insert il y a 6s
⏳ Ignoré (throttle): FABLAB_21_22/RADAR/salle104/c1_x, dernier insert il y a 30s
⏳ Ignoré (throttle): FABLAB_21_22/RADAR/salle104/c1_y, dernier insert il y a 29s
⏳ Ignoré (throttle): FABLAB_21_22/RADAR/salle104/c1_vitesse, dernier insert il y a 29s
⏳ Ignoré (throttle): FABLAB_21_22/RADAR/salle104/c1_dist_cm, dernier insert il y a 29s
🔔 Message MQTT [FABLAB_21_22/RADAR/salle104] : {"nb":1,"presence":true,"ts":1323112,"c1":{"x":302,"y":-686,"vitesse":8,"dist_cm":74}}
✅ JSON détecté sur FABLAB_21_22/RADAR/salle104. Champs numériques extraits: 6
⏳ Ignoré (throttle): FABLAB_21_22/RADAR/salle104/nb, dernier insert il y a 12s
⏳ Ignoré (throttle): FABLAB_21_22/RADAR/salle104/presence, dernier insert il y a 8s
⏳ Ignoré (throttle): FABLAB_21_22/RADAR/salle104/c1_x, dernier insert il y a 33s
⏳ Ignoré (throttle): FABLAB_21_22/RADAR/salle104/c1_y, dernier insert il y a 32s
⏳ Ignoré (throttle): FABLAB_21_22/RADAR/salle104/c1_vitesse, dernier insert il y a 32s
⏳ Ignoré (throttle): FABLAB_21_22/RADAR/salle104/c1_dist_cm, dernier insert il y a 32s
🔔 Message MQTT [FABLAB_21_22/RADAR/salle104] : {"nb":1,"presence":true,"ts":1326112,"c1":{"x":-1141,"y":-832,"vitesse":0,"dist_cm":141}}
✅ JSON détecté sur FABLAB_21_22/RADAR/salle104. Champs numériques extraits: 6
⏳ Ignoré (throttle): FABLAB_21_22/RADAR/salle104/nb, dernier insert il y a 14s
⏳ Ignoré (throttle): FABLAB_21_22/RADAR/salle104/presence, dernier insert il y a 11s
⏳ Ignoré (throttle): FABLAB_21_22/RADAR/salle104/c1_x, dernier insert il y a 35s
⏳ Ignoré (throttle): FABLAB_21_22/RADAR/salle104/c1_y, dernier insert il y a 35s
⏳ Ignoré (throttle): FABLAB_21_22/RADAR/salle104/c1_vitesse, dernier insert il y a 35s
⏳ Ignoré (throttle): FABLAB_21_22/RADAR/salle104/c1_dist_cm, dernier insert il y a 35s
🔔 Message MQTT [FABLAB_21_22/RADAR/salle104] : {"nb":1,"presence":true,"ts":1329112,"c1":{"x":-30,"y":-680,"vitesse":-88,"dist_cm":68}}
✅ JSON détecté sur FABLAB_21_22/RADAR/salle104. Champs numériques extraits: 6
⏳ Ignoré (throttle): FABLAB_21_22/RADAR/salle104/nb, dernier insert il y a 17s
⏳ Ignoré (throttle): FABLAB_21_22/RADAR/salle104/presence, dernier insert il y a 14s
⏳ Ignoré (throttle): FABLAB_21_22/RADAR/salle104/c1_x, dernier insert il y a 38s
⏳ Ignoré (throttle): FABLAB_21_22/RADAR/salle104/c1_y, dernier insert il y a 38s
⏳ Ignoré (throttle): FABLAB_21_22/RADAR/salle104/c1_vitesse, dernier insert il y a 38s
⏳ Ignoré (throttle): FABLAB_21_22/RADAR/salle104/c1_dist_cm, dernier insert il y a 38s
🔔 Message MQTT [FABLAB_21_22/RADAR/salle104] : {"nb":1,"presence":true,"ts":1332112,"c1":{"x":746,"y":-992,"vitesse":8,"dist_cm":124}}
✅ JSON détecté sur FABLAB_21_22/RADAR/salle104. Champs numériques extraits: 6
⏳ Ignoré (throttle): FABLAB_21_22/RADAR/salle104/nb, dernier insert il y a 21s
⏳ Ignoré (throttle): FABLAB_21_22/RADAR/salle104/presence, dernier insert il y a 18s
⏳ Ignoré (throttle): FABLAB_21_22/RADAR/salle104/c1_x, dernier insert il y a 42s
⏳ Ignoré (throttle): FABLAB_21_22/RADAR/salle104/c1_y, dernier insert il y a 41s
⏳ Ignoré (throttle): FABLAB_21_22/RADAR/salle104/c1_vitesse, dernier insert il y a 41s
⏳ Ignoré (throttle): FABLAB_21_22/RADAR/salle104/c1_dist_cm, dernier insert il y a 41s
🔔 Message MQTT [FABLAB_21_22/RADAR/salle104] : {"nb":1,"presence":true,"ts":1335112,"c1":{"x":101,"y":-861,"vitesse":-32,"dist_cm":86}}
✅ JSON détecté sur FABLAB_21_22/RADAR/salle104. Champs numériques extraits: 6
⏳ Ignoré (throttle): FABLAB_21_22/RADAR/salle104/nb, dernier insert il y a 23s
⏳ Ignoré (throttle): FABLAB_21_22/RADAR/salle104/presence, dernier insert il y a 20s
⏳ Ignoré (throttle): FABLAB_21_22/RADAR/salle104/c1_x, dernier insert il y a 44s
⏳ Ignoré (throttle): FABLAB_21_22/RADAR/salle104/c1_y, dernier insert il y a 44s
⏳ Ignoré (throttle): FABLAB_21_22/RADAR/salle104/c1_vitesse, dernier insert il y a 44s
⏳ Ignoré (throttle): FABLAB_21_22/RADAR/salle104/c1_dist_cm, dernier insert il y a 44s
🔔 Message MQTT [FABLAB_21_22/RADAR/salle104] : {"nb":1,"presence":true,"ts":1338112,"c1":{"x":-1086,"y":-798,"vitesse":0,"dist_cm":134}}
✅ JSON détecté sur FABLAB_21_22/RADAR/salle104. Champs numériques extraits: 6
⏳ Ignoré (throttle): FABLAB_21_22/RADAR/salle104/nb, dernier insert il y a 27s
⏳ Ignoré (throttle): FABLAB_21_22/RADAR/salle104/presence, dernier insert il y a 24s
⏳ Ignoré (throttle): FABLAB_21_22/RADAR/salle104/c1_x, dernier insert il y a 48s
⏳ Ignoré (throttle): FABLAB_21_22/RADAR/salle104/c1_y, dernier insert il y a 47s
⏳ Ignoré (throttle): FABLAB_21_22/RADAR/salle104/c1_vitesse, dernier insert il y a 47s
⏳ Ignoré (throttle): FABLAB_21_22/RADAR/salle104/c1_dist_cm, dernier insert il y a 47s
🔔 Message MQTT [FABLAB_21_22/RADAR/salle104] : {"nb":2,"presence":true,"ts":1341112,"c1":{"x":0,"y":-2354,"vitesse":32,"dist_cm":235},"c2":{"x":-630,"y":-1294,"vitesse":16,"dist_cm":143}}
✅ JSON détecté sur FABLAB_21_22/RADAR/salle104. Champs numériques extraits: 10
⏳ Ignoré (throttle): FABLAB_21_22/RADAR/salle104/nb, dernier insert il y a 29s
⏳ Ignoré (throttle): FABLAB_21_22/RADAR/salle104/presence, dernier insert il y a 26s
⏳ Ignoré (throttle): FABLAB_21_22/RADAR/salle104/c1_x, dernier insert il y a 50s
⏳ Ignoré (throttle): FABLAB_21_22/RADAR/salle104/c1_y, dernier insert il y a 50s
⏳ Ignoré (throttle): FABLAB_21_22/RADAR/salle104/c1_vitesse, dernier insert il y a 50s
⏳ Ignoré (throttle): FABLAB_21_22/RADAR/salle104/c1_dist_cm, dernier insert il y a 50s
💾 Sauvé: FABLAB_21_22/RADAR/salle104/c2_x = -630.0
💾 Sauvé: FABLAB_21_22/RADAR/salle104/c2_y = -1294.0
💾 Sauvé: FABLAB_21_22/RADAR/salle104/c2_vitesse = 16.0
💾 Sauvé: FABLAB_21_22/RADAR/salle104/c2_dist_cm = 143.0
🔔 Message MQTT [FABLAB_21_22/RADAR/salle104] : {"nb":2,"presence":true,"ts":1344112,"c1":{"x":494,"y":-531,"vitesse":-24,"dist_cm":72},"c2":{"x":-497,"y":-759,"vitesse":-24,"dist_cm":90}}
✅ JSON détecté sur FABLAB_21_22/RADAR/salle104. Champs numériques extraits: 10
⏳ Ignoré (throttle): FABLAB_21_22/RADAR/salle104/nb, dernier insert il y a 33s
⏳ Ignoré (throttle): FABLAB_21_22/RADAR/salle104/presence, dernier insert il y a 29s
⏳ Ignoré (throttle): FABLAB_21_22/RADAR/salle104/c1_x, dernier insert il y a 53s
⏳ Ignoré (throttle): FABLAB_21_22/RADAR/salle104/c1_y, dernier insert il y a 53s
⏳ Ignoré (throttle): FABLAB_21_22/RADAR/salle104/c1_vitesse, dernier insert il y a 53s
⏳ Ignoré (throttle): FABLAB_21_22/RADAR/salle104/c1_dist_cm, dernier insert il y a 53s
⏳ Ignoré (throttle): FABLAB_21_22/RADAR/salle104/c2_x, dernier insert il y a 3s
⏳ Ignoré (throttle): FABLAB_21_22/RADAR/salle104/c2_y, dernier insert il y a 2s
⏳ Ignoré (throttle): FABLAB_21_22/RADAR/salle104/c2_vitesse, dernier insert il y a 2s
⏳ Ignoré (throttle): FABLAB_21_22/RADAR/salle104/c2_dist_cm, dernier insert il y a 2s
🔔 Message MQTT [FABLAB_21_22/RADAR/salle104] : {"nb":2,"presence":true,"ts":1347112,"c1":{"x":447,"y":-658,"vitesse":0,"dist_cm":79},"c2":{"x":-537,"y":-1230,"vitesse":-16,"dist_cm":134}}
✅ JSON détecté sur FABLAB_21_22/RADAR/salle104. Champs numériques extraits: 10
⏳ Ignoré (throttle): FABLAB_21_22/RADAR/salle104/nb, dernier insert il y a 36s
⏳ Ignoré (throttle): FABLAB_21_22/RADAR/salle104/presence, dernier insert il y a 33s
⏳ Ignoré (throttle): FABLAB_21_22/RADAR/salle104/c1_x, dernier insert il y a 57s
⏳ Ignoré (throttle): FABLAB_21_22/RADAR/salle104/c1_y, dernier insert il y a 56s
⏳ Ignoré (throttle): FABLAB_21_22/RADAR/salle104/c1_vitesse, dernier insert il y a 56s
⏳ Ignoré (throttle): FABLAB_21_22/RADAR/salle104/c1_dist_cm, dernier insert il y a 56s
⏳ Ignoré (throttle): FABLAB_21_22/RADAR/salle104/c2_x, dernier insert il y a 6s
⏳ Ignoré (throttle): FABLAB_21_22/RADAR/salle104/c2_y, dernier insert il y a 5s
⏳ Ignoré (throttle): FABLAB_21_22/RADAR/salle104/c2_vitesse, dernier insert il y a 5s
⏳ Ignoré (throttle): FABLAB_21_22/RADAR/salle104/c2_dist_cm, dernier insert il y a 5s
🔔 Message MQTT [FABLAB_21_22/RADAR/salle104] : {"nb":2,"presence":true,"ts":1350112,"c1":{"x":465,"y":-585,"vitesse":0,"dist_cm":74},"c2":{"x":-989,"y":-1334,"vitesse":0,"dist_cm":166}}
✅ JSON détecté sur FABLAB_21_22/RADAR/salle104. Champs numériques extraits: 10
⏳ Ignoré (throttle): FABLAB_21_22/RADAR/salle104/nb, dernier insert il y a 38s
⏳ Ignoré (throttle): FABLAB_21_22/RADAR/salle104/presence, dernier insert il y a 35s
⏳ Ignoré (throttle): FABLAB_21_22/RADAR/salle104/c1_x, dernier insert il y a 59s
⏳ Ignoré (throttle): FABLAB_21_22/RADAR/salle104/c1_y, dernier insert il y a 59s
⏳ Ignoré (throttle): FABLAB_21_22/RADAR/salle104/c1_vitesse, dernier insert il y a 59s
⏳ Ignoré (throttle): FABLAB_21_22/RADAR/salle104/c1_dist_cm, dernier insert il y a 59s
⏳ Ignoré (throttle): FABLAB_21_22/RADAR/salle104/c2_x, dernier insert il y a 8s
⏳ Ignoré (throttle): FABLAB_21_22/RADAR/salle104/c2_y, dernier insert il y a 8s
⏳ Ignoré (throttle): FABLAB_21_22/RADAR/salle104/c2_vitesse, dernier insert il y a 8s
⏳ Ignoré (throttle): FABLAB_21_22/RADAR/salle104/c2_dist_cm, dernier insert il y a 8s
🔔 Message MQTT [FABLAB_21_22/RADAR/salle104] : {"nb":2,"presence":true,"ts":1353112,"c1":{"x":560,"y":-898,"vitesse":-8,"dist_cm":105},"c2":{"x":-1215,"y":-951,"vitesse":-24,"dist_cm":154}}
✅ JSON détecté sur FABLAB_21_22/RADAR/salle104. Champs numériques extraits: 10
⏳ Ignoré (throttle): FABLAB_21_22/RADAR/salle104/nb, dernier insert il y a 41s
⏳ Ignoré (throttle): FABLAB_21_22/RADAR/salle104/presence, dernier insert il y a 38s
💾 Sauvé: FABLAB_21_22/RADAR/salle104/c1_x = 560.0
💾 Sauvé: FABLAB_21_22/RADAR/salle104/c1_y = -898.0
💾 Sauvé: FABLAB_21_22/RADAR/salle104/c1_vitesse = -8.0
💾 Sauvé: FABLAB_21_22/RADAR/salle104/c1_dist_cm = 105.0
⏳ Ignoré (throttle): FABLAB_21_22/RADAR/salle104/c2_x, dernier insert il y a 13s
⏳ Ignoré (throttle): FABLAB_21_22/RADAR/salle104/c2_y, dernier insert il y a 12s
⏳ Ignoré (throttle): FABLAB_21_22/RADAR/salle104/c2_vitesse, dernier insert il y a 12s
⏳ Ignoré (throttle): FABLAB_21_22/RADAR/salle104/c2_dist_cm, dernier insert il y a 12s
🔔 Message MQTT [FABLAB_21_22/RADAR/salle104] : {"nb":1,"presence":true,"ts":1356112,"c1":{"x":949,"y":-1348,"vitesse":72,"dist_cm":164}}
✅ JSON détecté sur FABLAB_21_22/RADAR/salle104. Champs numériques extraits: 6
⏳ Ignoré (throttle): FABLAB_21_22/RADAR/salle104/nb, dernier insert il y a 44s
⏳ Ignoré (throttle): FABLAB_21_22/RADAR/salle104/presence, dernier insert il y a 41s
⏳ Ignoré (throttle): FABLAB_21_22/RADAR/salle104/c1_x, dernier insert il y a 3s
⏳ Ignoré (throttle): FABLAB_21_22/RADAR/salle104/c1_y, dernier insert il y a 2s
⏳ Ignoré (throttle): FABLAB_21_22/RADAR/salle104/c1_vitesse, dernier insert il y a 2s
⏳ Ignoré (throttle): FABLAB_21_22/RADAR/salle104/c1_dist_cm, dernier insert il y a 2s
🔔 Message MQTT [FABLAB_21_22/RADAR/salle104] : {"nb":1,"presence":true,"ts":1359112,"c1":{"x":-30,"y":-1289,"vitesse":0,"dist_cm":128}}
✅ JSON détecté sur FABLAB_21_22/RADAR/salle104. Champs numériques extraits: 6
⏳ Ignoré (throttle): FABLAB_21_22/RADAR/salle104/nb, dernier insert il y a 47s
⏳ Ignoré (throttle): FABLAB_21_22/RADAR/salle104/presence, dernier insert il y a 44s
⏳ Ignoré (throttle): FABLAB_21_22/RADAR/salle104/c1_x, dernier insert il y a 5s
⏳ Ignoré (throttle): FABLAB_21_22/RADAR/salle104/c1_y, dernier insert il y a 5s
⏳ Ignoré (throttle): FABLAB_21_22/RADAR/salle104/c1_vitesse, dernier insert il y a 5s
⏳ Ignoré (throttle): FABLAB_21_22/RADAR/salle104/c1_dist_cm, dernier insert il y a 5s
🔔 Message MQTT [FABLAB_21_22/RADAR/salle104] : {"nb":1,"presence":true,"ts":1362112,"c1":{"x":-87,"y":-573,"vitesse":0,"dist_cm":57}}
✅ JSON détecté sur FABLAB_21_22/RADAR/salle104. Champs numériques extraits: 6e104] : {"nb":1,"presence":true,"ts":1374112,"c1":{"x":660,"y":-915,"vitesse":8,"dist_cm":112}}
✅ JSON détecté sur FABLAB_21_22/RADAR/salle104. Champs numériques extraits: 6
⏳ Ignoré (throttle): FABLAB_21_22/RADAR/salle104/nb, dernier insert il y a 2s
⏳ Ignoré (throttle): FABLAB_21_22/RADAR/salle104/presence, dernier insert il y a 59s
⏳ Ignoré (throttle): FABLAB_21_22/RADAR/salle104/c1_x, dernier insert il y a 21s
⏳ Ignoré (throttle): FABLAB_21_22/RADAR/salle104/c1_y, dernier insert il y a 20s
⏳ Ignoré (throttle): FABLAB_21_22/RADAR/salle104/c1_vitesse, dernier insert il y a 20s
⏳ Ignoré (throttle): FABLAB_21_22/RADAR/salle104/c1_dist_cm, dernier insert il y a 20s
🔔 Message MQTT [FABLAB_21_22/RADAR/salle104] : {"nb":1,"presence":true,"ts":1377112,"c1":{"x":-1192,"y":-894,"vitesse":0,"dist_cm":149}}
✅ JSON détecté sur FABLAB_21_22/RADAR/salle104. Champs numériques extraits: 6
⏳ Ignoré (throttle): FABLAB_21_22/RADAR/salle104/nb, dernier insert il y a 5s
💾 Sauvé: FABLAB_21_22/RADAR/salle104/presence = 1.0
⏳ Ignoré (throttle): FABLAB_21_22/RADAR/salle104/c1_x, dernier insert il y a 24s
⏳ Ignoré (throttle): FABLAB_21_22/RADAR/salle104/c1_y, dernier insert il y a 23s
⏳ Ignoré (throttle): FABLAB_21_22/RADAR/salle104/c1_vitesse, dernier insert il y a 23s
⏳ Ignoré (throttle): FABLAB_21_22/RADAR/salle104/c1_dist_cm, dernier insert il y a 23s
🔔 Message MQTT [FABLAB_21_22/RADAR/salle104] : {"nb":1,"presence":true,"ts":1380112,"c1":{"x":864,"y":-1871,"vitesse":0,"dist_cm":206}}
✅ JSON détecté sur FABLAB_21_22/RADAR/salle104. Champs numériques extraits: 6
⏳ Ignoré (throttle): FABLAB_21_22/RADAR/salle104/nb, dernier insert il y a 8s
⏳ Ignoré (throttle): FABLAB_21_22/RADAR/salle104/presence, dernier insert il y a 3s
⏳ Ignoré (throttle): FABLAB_21_22/RADAR/salle104/c1_x, dernier insert il y a 27s
⏳ Ignoré (throttle): FABLAB_21_22/RADAR/salle104/c1_y, dernier insert il y a 26s
⏳ Ignoré (throttle): FABLAB_21_22/RADAR/salle104/c1_vitesse, dernier insert il y a 26s
⏳ Ignoré (throttle): FABLAB_21_22/RADAR/salle104/c1_dist_cm, dernier insert il y a 26s
🔔 Message MQTT [FABLAB_21_22/RADAR/salle104] : {"nb":1,"presence":true,"ts":1383112,"c1":{"x":66,"y":-924,"vitesse":0,"dist_cm":92}}
✅ JSON détecté sur FABLAB_21_22/RADAR/salle104. Champs numériques extraits: 6
⏳ Ignoré (throttle): FABLAB_21_22/RADAR/salle104/nb, dernier insert il y a 11s
⏳ Ignoré (throttle): FABLAB_21_22/RADAR/salle104/presence, dernier insert il y a 5s
⏳ Ignoré (throttle): FABLAB_21_22/RADAR/salle104/c1_x, dernier insert il y a 30s
⏳ Ignoré (throttle): FABLAB_21_22/RADAR/salle104/c1_y, dernier insert il y a 29s
⏳ Ignoré (throttle): FABLAB_21_22/RADAR/salle104/c1_vitesse, dernier insert il y a 29s
⏳ Ignoré (throttle): FABLAB_21_22/RADAR/salle104/c1_dist_cm, dernier insert il y a 29s
🔔 Message MQTT [FABLAB_21_22/RADAR/salle104] : {"nb":1,"presence":true,"ts":1386112,"c1":{"x":-391,"y":-742,"vitesse":0,"dist_cm":83}}
✅ JSON détecté sur FABLAB_21_22/RADAR/salle104. Champs numériques extraits: 6
⏳ Ignoré (throttle): FABLAB_21_22/RADAR/salle104/nb, dernier insert il y a 14s
⏳ Ignoré (throttle): FABLAB_21_22/RADAR/salle104/presence, dernier insert il y a 8s
⏳ Ignoré (throttle): FABLAB_21_22/RADAR/salle104/c1_x, dernier insert il y a 33s
⏳ Ignoré (throttle): FABLAB_21_22/RADAR/salle104/c1_y, dernier insert il y a 32s
⏳ Ignoré (throttle): FABLAB_21_22/RADAR/salle104/c1_vitesse, dernier insert il y a 32s
⏳ Ignoré (throttle): FABLAB_21_22/RADAR/salle104/c1_dist_cm, dernier insert il y a 32s
🔔 Message MQTT [FABLAB_21_22/RADAR/salle104] : {"nb":1,"presence":true,"ts":1389112,"c1":{"x":-394,"y":-633,"vitesse":0,"dist_cm":74}}
✅ JSON détecté sur FABLAB_21_22/RADAR/salle104. Champs numériques extraits: 6
⏳ Ignoré (throttle): FABLAB_21_22/RADAR/salle104/nb, dernier insert il y a 17s
⏳ Ignoré (throttle): FABLAB_21_22/RADAR/salle104/presence, dernier insert il y a 11s
⏳ Ignoré (throttle): FABLAB_21_22/RADAR/salle104/c1_x, dernier insert il y a 36s
⏳ Ignoré (throttle): FABLAB_21_22/RADAR/salle104/c1_y, dernier insert il y a 35s
⏳ Ignoré (throttle): FABLAB_21_22/RADAR/salle104/c1_vitesse, dernier insert il y a 35s
⏳ Ignoré (throttle): FABLAB_21_22/RADAR/salle104/c1_dist_cm, dernier insert il y a 35s
🔔 Message MQTT [FABLAB_21_22/RADAR/salle104] : {"nb":1,"presence":true,"ts":1392112,"c1":{"x":-184,"y":-1340,"vitesse":0,"dist_cm":135}}
✅ JSON détecté sur FABLAB_21_22/RADAR/salle104. Champs numériques extraits: 6
⏳ Ignoré (throttle): FABLAB_21_22/RADAR/salle104/nb, dernier insert il y a 20s
⏳ Ignoré (throttle): FABLAB_21_22/RADAR/salle104/presence, dernier insert il y a 15s
⏳ Ignoré (throttle): FABLAB_21_22/RADAR/salle104/c1_x, dernier insert il y a 39s
⏳ Ignoré (throttle): FABLAB_21_22/RADAR/salle104/c1_y, dernier insert il y a 38s
⏳ Ignoré (throttle): FABLAB_21_22/RADAR/salle104/c1_vitesse, dernier insert il y a 38s
⏳ Ignoré (throttle): FABLAB_21_22/RADAR/salle104/c1_dist_cm, dernier insert il y a 38s
🔔 Message MQTT [FABLAB_21_22/RADAR/salle104] : {"nb":1,"presence":true,"ts":1395112,"c1":{"x":-246,"y":-938,"vitesse":8,"dist_cm":96}}
✅ JSON détecté sur FABLAB_21_22/RADAR/salle104. Champs numériques extraits: 6
⏳ Ignoré (throttle): FABLAB_21_22/RADAR/salle104/nb, dernier insert il y a 24s
⏳ Ignoré (throttle): FABLAB_21_22/RADAR/salle104/presence, dernier insert il y a 18s
⏳ Ignoré (throttle): FABLAB_21_22/RADAR/salle104/c1_x, dernier insert il y a 42s
⏳ Ignoré (throttle): FABLAB_21_22/RADAR/salle104/c1_y, dernier insert il y a 41s
⏳ Ignoré (throttle): FABLAB_21_22/RADAR/salle104/c1_vitesse, dernier insert il y a 41s
⏳ Ignoré (throttle): FABLAB_21_22/RADAR/salle104/c1_dist_cm, dernier insert il y a 41s
🔔 Message MQTT [FABLAB_21_22/RADAR/salle104] : {"nb":1,"presence":true,"ts":1398112,"c1":{"x":-341,"y":-729,"vitesse":0,"dist_cm":80}}
✅ JSON détecté sur FABLAB_21_22/RADAR/salle104. Champs numériques extraits: 6
⏳ Ignoré (throttle): FABLAB_21_22/RADAR/salle104/nb, dernier insert il y a 26s
⏳ Ignoré (throttle): FABLAB_21_22/RADAR/salle104/presence, dernier insert il y a 20s
⏳ Ignoré (throttle): FABLAB_21_22/RADAR/salle104/c1_x, dernier insert il y a 44s
⏳ Ignoré (throttle): FABLAB_21_22/RADAR/salle104/c1_y, dernier insert il y a 44s
⏳ Ignoré (throttle): FABLAB_21_22/RADAR/salle104/c1_vitesse, dernier insert il y a 44s
⏳ Ignoré (throttle): FABLAB_21_22/RADAR/salle104/c1_dist_cm, dernier insert il y a 44s
🔔 Message MQTT [FABLAB_21_22/RADAR/salle104] : {"nb":1,"presence":true,"ts":1401112,"c1":{"x":-220,"y":-406,"vitesse":0,"dist_cm":46}}
✅ JSON détecté sur FABLAB_21_22/RADAR/salle104. Champs numériques extraits: 6
⏳ Ignoré (throttle): FABLAB_21_22/RADAR/salle104/nb, dernier insert il y a 29s
⏳ Ignoré (throttle): FABLAB_21_22/RADAR/salle104/presence, dernier insert il y a 23s
⏳ Ignoré (throttle): FABLAB_21_22/RADAR/salle104/c1_x, dernier insert il y a 47s
⏳ Ignoré (throttle): FABLAB_21_22/RADAR/salle104/c1_y, dernier insert il y a 47s
⏳ Ignoré (throttle): FABLAB_21_22/RADAR/salle104/c1_vitesse, dernier insert il y a 47s
⏳ Ignoré (throttle): FABLAB_21_22/RADAR/salle104/c1_dist_cm, dernier insert il y a 47s
🔔 Message MQTT [FABLAB_21_22/RADAR/salle104] : {"nb":1,"presence":true,"ts":1404112,"c1":{"x":-293,"y":-614,"vitesse":0,"dist_cm":68}}
✅ JSON détecté sur FABLAB_21_22/RADAR/salle104. Champs numériques extraits: 6
⏳ Ignoré (throttle): FABLAB_21_22/RADAR/salle104/nb, dernier insert il y a 33s
⏳ Ignoré (throttle): FABLAB_21_22/RADAR/salle104/presence, dernier insert il y a 27s
⏳ Ignoré (throttle): FABLAB_21_22/RADAR/salle104/c1_x, dernier insert il y a 51s
⏳ Ignoré (throttle): FABLAB_21_22/RADAR/salle104/c1_y, dernier insert il y a 50s
⏳ Ignoré (throttle): FABLAB_21_22/RADAR/salle104/c1_vitesse, dernier insert il y a 50s
⏳ Ignoré (throttle): FABLAB_21_22/RADAR/salle104/c1_dist_cm, dernier insert il y a 50s
🔔 Message MQTT [FABLAB_21_22/RADAR/salle104] : {"nb":1,"presence":true,"ts":1407112,"c1":{"x":-281,"y":-425,"vitesse":0,"dist_cm":50}}
✅ JSON détecté sur FABLAB_21_22/RADAR/salle104. Champs numériques extraits: 6
⏳ Ignoré (throttle): FABLAB_21_22/RADAR/salle104/nb, dernier insert il y a 35s
⏳ Ignoré (throttle): FABLAB_21_22/RADAR/salle104/presence, dernier insert il y a 29s
⏳ Ignoré (throttle): FABLAB_21_22/RADAR/salle104/c1_x, dernier insert il y a 53s
⏳ Ignoré (throttle): FABLAB_21_22/RADAR/salle104/c1_y, dernier insert il y a 53s
⏳ Ignoré (throttle): FABLAB_21_22/RADAR/salle104/c1_vitesse, dernier insert il y a 53s
⏳ Ignoré (throttle): FABLAB_21_22/RADAR/salle104/c1_dist_cm, dernier insert il y a 53s
🔔 Message MQTT [FABLAB_21_22/RADAR/salle104] : {"nb":1,"presence":true,"ts":1410112,"c1":{"x":-967,"y":-1176,"vitesse":0,"dist_cm":152}}
✅ JSON détecté sur FABLAB_21_22/RADAR/salle104. Champs numériques extraits: 6
⏳ Ignoré (throttle): FABLAB_21_22/RADAR/salle104/nb, dernier insert il y a 38s
⏳ Ignoré (throttle): FABLAB_21_22/RADAR/salle104/presence, dernier insert il y a 33s
⏳ Ignoré (throttle): FABLAB_21_22/RADAR/salle104/c1_x, dernier insert il y a 57s
⏳ Ignoré (throttle): FABLAB_21_22/RADAR/salle104/c1_y, dernier insert il y a 56s
⏳ Ignoré (throttle): FABLAB_21_22/RADAR/salle104/c1_vitesse, dernier insert il y a 56s
⏳ Ignoré (throttle): FABLAB_21_22/RADAR/salle104/c1_dist_cm, dernier insert il y a 56s
🔔 Message MQTT [FABLAB_21_22/RADAR/salle104] : {"nb":1,"presence":true,"ts":1413112,"c1":{"x":-584,"y":-1128,"vitesse":0,"dist_cm":127}}
✅ JSON détecté sur FABLAB_21_22/RADAR/salle104. Champs numériques extraits: 6
⏳ Ignoré (throttle): FABLAB_21_22/RADAR/salle104/nb, dernier insert il y a 41s
⏳ Ignoré (throttle): FABLAB_21_22/RADAR/salle104/presence, dernier insert il y a 36s
💾 Sauvé: FABLAB_21_22/RADAR/salle104/c1_x = -584.0
💾 Sauvé: FABLAB_21_22/RADAR/salle104/c1_y = -1128.0
⏳ Ignoré (throttle): FABLAB_21_22/RADAR/salle104/c1_vitesse, dernier insert il y a 59s
⏳ Ignoré (throttle): FABLAB_21_22/RADAR/salle104/c1_dist_cm, dernier insert il y a 59s
🔔 Message MQTT [FABLAB_21_22/RADAR/salle104] : {"nb":1,"presence":true,"ts":1416112,"c1":{"x":-681,"y":-1038,"vitesse":8,"dist_cm":124}}
✅ JSON détecté sur FABLAB_21_22/RADAR/salle104. Champs numériques extraits: 6
⏳ Ignoré (throttle): FABLAB_21_22/RADAR/salle104/nb, dernier insert il y a 45s
⏳ Ignoré (throttle): FABLAB_21_22/RADAR/salle104/presence, dernier insert il y a 39s
⏳ Ignoré (throttle): FABLAB_21_22/RADAR/salle104/c1_x, dernier insert il y a 3s
⏳ Ignoré (throttle): FABLAB_21_22/RADAR/salle104/c1_y, dernier insert il y a 2s
💾 Sauvé: FABLAB_21_22/RADAR/salle104/c1_vitesse = 8.0
💾 Sauvé: FABLAB_21_22/RADAR/salle104/c1_dist_cm = 124.0
🔔 Message MQTT [FABLAB_21_22/RADAR/salle104] : {"nb":1,"presence":true,"ts":1419112,"c1":{"x":-694,"y":-1334,"vitesse":0,"dist_cm":150}}
✅ JSON détecté sur FABLAB_21_22/RADAR/salle104. Champs numériques extraits: 6
⏳ Ignoré (throttle): FABLAB_21_22/RADAR/salle104/nb, dernier insert il y a 47s
⏳ Ignoré (throttle): FABLAB_21_22/RADAR/salle104/presence, dernier insert il y a 41s
⏳ Ignoré (throttle): FABLAB_21_22/RADAR/salle104/c1_x, dernier insert il y a 5s
⏳ Ignoré (throttle): FABLAB_21_22/RADAR/salle104/c1_y, dernier insert il y a 5s
⏳ Ignoré (throttle): FABLAB_21_22/RADAR/salle104/c1_vitesse, dernier insert il y a 2s
⏳ Ignoré (throttle): FABLAB_21_22/RADAR/salle104/c1_dist_cm, dernier insert il y a 2s
🔔 Message MQTT [FABLAB_21_22/RADAR/salle104] : {"nb":1,"presence":true,"ts":1422112,"c1":{"x":-411,"y":-1231,"vitesse":-24,"dist_cm":129}}
✅ JSON détecté sur FABLAB_21_22/RADAR/salle104. Champs numériques extraits: 6
⏳ Ignoré (throttle): FABLAB_21_22/RADAR/salle104/nb, dernier insert il y a 50s
⏳ Ignoré (throttle): FABLAB_21_22/RADAR/salle104/presence, dernier insert il y a 45s
⏳ Ignoré (throttle): FABLAB_21_22/RADAR/salle104/c1_x, dernier insert il y a 8s
⏳ Ignoré (throttle): FABLAB_21_22/RADAR/salle104/c1_y, dernier insert il y a 8s
⏳ Ignoré (throttle): FABLAB_21_22/RADAR/salle104/c1_vitesse, dernier insert il y a 5s
⏳ Ignoré (throttle): FABLAB_21_22/RADAR/salle104/c1_dist_cm, dernier insert il y a 5s
🔔 Message MQTT [FABLAB_21_22/RADAR/salle104] : {"nb":1,"presence":true,"ts":1425112,"c1":{"x":-282,"y":-1472,"vitesse":-8,"dist_cm":149}}
✅ JSON détecté sur FABLAB_21_22/RADAR/salle104. Champs numériques extraits: 6
⏳ Ignoré (throttle): FABLAB_21_22/RADAR/salle104/nb, dernier insert il y a 53s
⏳ Ignoré (throttle): FABLAB_21_22/RADAR/salle104/presence, dernier insert il y a 48s
⏳ Ignoré (throttle): FABLAB_21_22/RADAR/salle104/c1_x, dernier insert il y a 12s
⏳ Ignoré (throttle): FABLAB_21_22/RADAR/salle104/c1_y, dernier insert il y a 11s
⏳ Ignoré (throttle): FABLAB_21_22/RADAR/salle104/c1_vitesse, dernier insert il y a 8s
⏳ Ignoré (throttle): FABLAB_21_22/RADAR/salle104/c1_dist_cm, dernier insert il y a 8s
🔔 Message MQTT [FABLAB_21_22/RADAR/salle104] : {"nb":0,"presence":false,"ts":1428112}
✅ JSON détecté sur FABLAB_21_22/RADAR/salle104. Champs numériques extraits: 2
⏳ Ignoré (throttle): FABLAB_21_22/RADAR/salle104/nb, dernier insert il y a 57s
⏳ Ignoré (throttle): FABLAB_21_22/RADAR/salle104/presence, dernier insert il y a 51s
🔔 Message MQTT [FABLAB_21_22/RADAR/salle104] : {"nb":0,"presence":false,"ts":1431112}
✅ JSON détecté sur FABLAB_21_22/RADAR/salle104. Champs numériques extraits: 2
⏳ Ignoré (throttle): FABLAB_21_22/RADAR/salle104/nb, dernier insert il y a 59s
⏳ Ignoré (throttle): FABLAB_21_22/RADAR/salle104/presence, dernier insert il y a 53s
🔔 Message MQTT [FABLAB_21_22/RADAR/salle104] : {"nb":0,"presence":false,"ts":1434112}
✅ JSON détecté sur FABLAB_21_22/RADAR/salle104. Champs numériques extraits: 2
💾 Sauvé: FABLAB_21_22/RADAR/salle104/nb = 0.0
⏳ Ignoré (throttle): FABLAB_21_22/RADAR/salle104/presence, dernier insert il y a 57s
🔔 Message MQTT [FABLAB_21_22/RADAR/salle104] : {"nb":0,"presence":false,"ts":1437112}
✅ JSON détecté sur FABLAB_21_22/RADAR/salle104. Champs numériques extraits: 2
⏳ Ignoré (throttle): FABLAB_21_22/RADAR/salle104/nb, dernier insert il y a 3s
💾 Sauvé: FABLAB_21_22/RADAR/salle104/presence = 0.0
🔔 Message MQTT [FABLAB_21_22/RADAR/salle104] : {"nb":0,"presence":false,"ts":1440112}
✅ JSON détecté sur FABLAB_21_22/RADAR/salle104. Champs numériques extraits: 2
⏳ Ignoré (throttle): FABLAB_21_22/RADAR/salle104/nb, dernier insert il y a 6s
⏳ Ignoré (throttle): FABLAB_21_22/RADAR/salle104/presence, dernier insert il y a 3s
🔔 Message MQTT [FABLAB_21_22/RADAR/salle104] : {"nb":0,"presence":false,"ts":1443112}
✅ JSON détecté sur FABLAB_21_22/RADAR/salle104. Champs numériques extraits: 2
⏳ Ignoré (throttle): FABLAB_21_22/RADAR/salle104/nb, dernier insert il y a 8s
⏳ Ignoré (throttle): FABLAB_21_22/RADAR/salle104/presence, dernier insert il y a 5s
🔔 Message MQTT [FABLAB_21_22/RADAR/salle104] : {"nb":0,"presence":false,"ts":1446112}
✅ JSON détecté sur FABLAB_21_22/RADAR/salle104. Champs numériques extraits: 2
⏳ Ignoré (throttle): FABLAB_21_22/RADAR/salle104/nb, dernier insert il y a 12s
⏳ Ignoré (throttle): FABLAB_21_22/RADAR/salle104/presence, dernier insert il y a 8s
🔔 Message MQTT [FABLAB_21_22/RADAR/salle104] : {"nb":0,"presence":false,"ts":1449112}
✅ JSON détecté sur FABLAB_21_22/RADAR/salle104. Champs numériques extraits: 2
⏳ Ignoré (throttle): FABLAB_21_22/RADAR/salle104/nb, dernier insert il y a 15s
⏳ Ignoré (throttle): FABLAB_21_22/RADAR/salle104/presence, dernier insert il y a 11s
🔔 Message MQTT [FABLAB_21_22/RADAR/salle104] : {"nb":0,"presence":false,"ts":1452112}
✅ JSON détecté sur FABLAB_21_22/RADAR/salle104. Champs numériques extraits: 2
⏳ Ignoré (throttle): FABLAB_21_22/RADAR/salle104/nb, dernier insert il y a 17s
⏳ Ignoré (throttle): FABLAB_21_22/RADAR/salle104/presence, dernier insert il y a 14s
🔔 Message MQTT [FABLAB_21_22/RADAR/salle104] : {"nb":0,"presence":false,"ts":1455112}
✅ JSON détecté sur FABLAB_21_22/RADAR/salle104. Champs numériques extraits: 2
⏳ Ignoré (throttle): FABLAB_21_22/RADAR/salle104/nb, dernier insert il y a 21s
⏳ Ignoré (throttle): FABLAB_21_22/RADAR/salle104/presence, dernier insert il y a 18s
🔔 Message MQTT [FABLAB_21_22/RADAR/salle104] : {"nb":1,"presence":true,"ts":1458112,"c1":{"x":738,"y":-1129,"vitesse":-39,"dist_cm":134}}
✅ JSON détecté sur FABLAB_21_22/RADAR/salle104. Champs numériques extraits: 6
⏳ Ignoré (throttle): FABLAB_21_22/RADAR/salle104/nb, dernier insert il y a 23s
⏳ Ignoré (throttle): FABLAB_21_22/RADAR/salle104/presence, dernier insert il y a 20s
⏳ Ignoré (throttle): FABLAB_21_22/RADAR/salle104/c1_x, dernier insert il y a 44s
⏳ Ignoré (throttle): FABLAB_21_22/RADAR/salle104/c1_y, dernier insert il y a 44s
⏳ Ignoré (throttle): FABLAB_21_22/RADAR/salle104/c1_vitesse, dernier insert il y a 41s
⏳ Ignoré (throttle): FABLAB_21_22/RADAR/salle104/c1_dist_cm, dernier insert il y a 41s
🔔 Message MQTT [FABLAB_21_22/tasmota/tele/tasmota_071D00/STATE] : {"Time":"2026-05-05T14:16:52","Uptime":"18T03:25:13","UptimeSec":1567513,"Heap":184,"SleepMode":"Dynamic","Sleep":50,"LoadAvg":19,"MqttCount":1,"Berry":{"HeapUsed":4,"Objects":55},"POWER":"ON","Wifi":{"AP":1,"SSId":"Fablab_104","BSSId":"40:ED:00:CD:4B:EB","Channel":6,"Mode":"HT20","RSSI":70,"Signal":-65,"LinkCount":1,"Downtime":"0T00:00:03"},"Hostname":"tasmota-071D00-7424","IPAddress":"192.168.0.31"}
✅ JSON détecté sur FABLAB_21_22/tasmota/tele/tasmota_071D00/STATE. Champs numériques extraits: 12
💾 Sauvé: FABLAB_21_22/tasmota/tele/tasmota_071D00/STATE/uptimesec = 1567513.0
💾 Sauvé: FABLAB_21_22/tasmota/tele/tasmota_071D00/STATE/heap = 184.0
💾 Sauvé: FABLAB_21_22/tasmota/tele/tasmota_071D00/STATE/sleep = 50.0
💾 Sauvé: FABLAB_21_22/tasmota/tele/tasmota_071D00/STATE/loadavg = 19.0
💾 Sauvé: FABLAB_21_22/tasmota/tele/tasmota_071D00/STATE/mqttcount = 1.0
💾 Sauvé: FABLAB_21_22/tasmota/tele/tasmota_071D00/STATE/berry_heapused = 4.0
💾 Sauvé: FABLAB_21_22/tasmota/tele/tasmota_071D00/STATE/berry_objects = 55.0
💾 Sauvé: FABLAB_21_22/tasmota/tele/tasmota_071D00/STATE/wifi_ap = 1.0
💾 Sauvé: FABLAB_21_22/tasmota/tele/tasmota_071D00/STATE/wifi_channel = 6.0
💾 Sauvé: FABLAB_21_22/tasmota/tele/tasmota_071D00/STATE/wifi_rssi = 70.0
💾 Sauvé: FABLAB_21_22/tasmota/tele/tasmota_071D00/STATE/wifi_signal = -65.0
💾 Sauvé: FABLAB_21_22/tasmota/tele/tasmota_071D00/STATE/wifi_linkcount = 1.0
🔔 Message MQTT [FABLAB_21_22/tasmota/tele/tasmota_071D00/SENSOR] : {"Time":"2026-05-05T14:16:52","ENERGY":{"TotalStartTime":"2026-04-01T07:06:06","Total":0.500,"Yesterday":0.001,"Today":0.001,"Period":0,"Power":0,"ApparentPower":0,"ReactivePower":0,"Factor":0.00,"Voltage":244,"Current":0.000}}
✅ JSON détecté sur FABLAB_21_22/tasmota/tele/tasmota_071D00/SENSOR. Champs numériques extraits: 10
💾 Sauvé: FABLAB_21_22/tasmota/tele/tasmota_071D00/SENSOR/energy_total = 0.5
💾 Sauvé: FABLAB_21_22/tasmota/tele/tasmota_071D00/SENSOR/energy_yesterday = 0.001
💾 Sauvé: FABLAB_21_22/tasmota/tele/tasmota_071D00/SENSOR/energy_today = 0.001
💾 Sauvé: FABLAB_21_22/tasmota/tele/tasmota_071D00/SENSOR/energy_period = 0.0
💾 Sauvé: FABLAB_21_22/tasmota/tele/tasmota_071D00/SENSOR/energy_power = 0.0
💾 Sauvé: FABLAB_21_22/tasmota/tele/tasmota_071D00/SENSOR/energy_apparentpower = 0.0
💾 Sauvé: FABLAB_21_22/tasmota/tele/tasmota_071D00/SENSOR/energy_reactivepower = 0.0
💾 Sauvé: FABLAB_21_22/tasmota/tele/tasmota_071D00/SENSOR/energy_factor = 0.0
💾 Sauvé: FABLAB_21_22/tasmota/tele/tasmota_071D00/SENSOR/energy_voltage = 244.0
💾 Sauvé: FABLAB_21_22/tasmota/tele/tasmota_071D00/SENSOR/energy_current = 0.0
🔔 Message MQTT [FABLAB_21_22/RADAR/salle104] : {"nb":0,"presence":false,"ts":1461112}
✅ JSON détecté sur FABLAB_21_22/RADAR/salle104. Champs numériques extraits: 2
⏳ Ignoré (throttle): FABLAB_21_22/RADAR/salle104/nb, dernier insert il y a 31s
⏳ Ignoré (throttle): FABLAB_21_22/RADAR/salle104/presence, dernier insert il y a 27s
🔔 Message MQTT [FABLAB_21_22/RADAR/salle104] : {"nb":0,"presence":false,"ts":1464112}
✅ JSON détecté sur FABLAB_21_22/RADAR/salle104. Champs numériques extraits: 2
⏳ Ignoré (throttle): FABLAB_21_22/RADAR/salle104/nb, dernier insert il y a 31s
⏳ Ignoré (throttle): FABLAB_21_22/RADAR/salle104/presence, dernier insert il y a 27s
🔔 Message MQTT [FABLAB_21_22/RADAR/salle104] : {"nb":0,"presence":false,"ts":1467112}
✅ JSON détecté sur FABLAB_21_22/RADAR/salle104. Champs numériques extraits: 2
⏳ Ignoré (throttle): FABLAB_21_22/RADAR/salle104/nb, dernier insert il y a 32s
⏳ Ignoré (throttle): FABLAB_21_22/RADAR/salle104/presence, dernier insert il y a 29s
🔔 Message MQTT [FABLAB_21_22/RADAR/salle104] : {"nb":0,"presence":false,"ts":1470112}
✅ JSON détecté sur FABLAB_21_22/RADAR/salle104. Champs numériques extraits: 2
⏳ Ignoré (throttle): FABLAB_21_22/RADAR/salle104/nb, dernier insert il y a 35s
⏳ Ignoré (throttle): FABLAB_21_22/RADAR/salle104/presence, dernier insert il y a 32s
🔔 Message MQTT [FABLAB_21_22/RADAR/salle104] : {"nb":0,"presence":false,"ts":1473112}
✅ JSON détecté sur FABLAB_21_22/RADAR/salle104. Champs numériques extraits: 2
⏳ Ignoré (throttle): FABLAB_21_22/RADAR/salle104/nb, dernier insert il y a 39s
⏳ Ignoré (throttle): FABLAB_21_22/RADAR/salle104/presence, dernier insert il y a 36s
🔔 Message MQTT [FABLAB_21_22/RADAR/salle104] : {"nb":0,"presence":false,"ts":1476112}
✅ JSON détecté sur FABLAB_21_22/RADAR/salle104. Champs numériques extraits: 2
⏳ Ignoré (throttle): FABLAB_21_22/RADAR/salle104/nb, dernier insert il y a 41s
⏳ Ignoré (throttle): FABLAB_21_22/RADAR/salle104/presence, dernier insert il y a 38s
🔔 Message MQTT [FABLAB_21_22/RADAR/salle104] : {"nb":0,"presence":false,"ts":1479112}
✅ JSON détecté sur FABLAB_21_22/RADAR/salle104. Champs numériques extraits: 2
⏳ Ignoré (throttle): FABLAB_21_22/RADAR/salle104/nb, dernier insert il y a 44s
⏳ Ignoré (throttle): FABLAB_21_22/RADAR/salle104/presence, dernier insert il y a 41s
🔔 Message MQTT [FABLAB_21_22/RADAR/salle104] : {"nb":0,"presence":false,"ts":1482112}
✅ JSON détecté sur FABLAB_21_22/RADAR/salle104. Champs numériques extraits: 2
⏳ Ignoré (throttle): FABLAB_21_22/RADAR/salle104/nb, dernier insert il y a 47s
⏳ Ignoré (throttle): FABLAB_21_22/RADAR/salle104/presence, dernier insert il y a 44s
🔔 Message MQTT [FABLAB_21_22/RADAR/salle104] : {"nb":0,"presence":false,"ts":1485112}
✅ JSON détecté sur FABLAB_21_22/RADAR/salle104. Champs numériques extraits: 2
⏳ Ignoré (throttle): FABLAB_21_22/RADAR/salle104/nb, dernier insert il y a 50s
⏳ Ignoré (throttle): FABLAB_21_22/RADAR/salle104/presence, dernier insert il y a 47s
🔔 Message MQTT [FABLAB_21_22/RADAR/salle104] : {"nb":0,"presence":false,"ts":1488112}
✅ JSON détecté sur FABLAB_21_22/RADAR/salle104. Champs numériques extraits: 2
⏳ Ignoré (throttle): FABLAB_21_22/RADAR/salle104/nb, dernier insert il y a 53s
⏳ Ignoré (throttle): FABLAB_21_22/RADAR/salle104/presence, dernier insert il y a 50s
🔔 Message MQTT [FABLAB_21_22/RADAR/salle104] : {"nb":0,"presence":false,"ts":1491112}
✅ JSON détecté sur FABLAB_21_22/RADAR/salle104. Champs numériques extraits: 2
⏳ Ignoré (throttle): FABLAB_21_22/RADAR/salle104/nb, dernier insert il y a 57s
⏳ Ignoré (throttle): FABLAB_21_22/RADAR/salle104/presence, dernier insert il y a 53s
🔔 Message MQTT [FABLAB_21_22/RADAR/salle104] : {"nb":0,"presence":false,"ts":1494112}
✅ JSON détecté sur FABLAB_21_22/RADAR/salle104. Champs numériques extraits: 2
⏳ Ignoré (throttle): FABLAB_21_22/RADAR/salle104/nb, dernier insert il y a 59s
⏳ Ignoré (throttle): FABLAB_21_22/RADAR/salle104/presence, dernier insert il y a 56s
🔔 Message MQTT [FABLAB_21_22/RADAR/salle104] : {"nb":0,"presence":false,"ts":1497112}
✅ JSON détecté sur FABLAB_21_22/RADAR/salle104. Champs numériques extraits: 2
💾 Sauvé: FABLAB_21_22/RADAR/salle104/nb = 0.0
💾 Sauvé: FABLAB_21_22/RADAR/salle104/presence = 0.0
🔔 Message MQTT [FABLAB_21_22/RADAR/salle104] : {"nb":0,"presence":false,"ts":1500112}
✅ JSON détecté sur FABLAB_21_22/RADAR/salle104. Champs numériques extraits: 2
⏳ Ignoré (throttle): FABLAB_21_22/RADAR/salle104/nb, dernier insert il y a 2s
⏳ Ignoré (throttle): FABLAB_21_22/RADAR/salle104/presence, dernier insert il y a 2s
🔔 Message MQTT [FABLAB_21_22/RADAR/salle104] : {"nb":0,"presence":false,"ts":1503112}
✅ JSON détecté sur FABLAB_21_22/RADAR/salle104. Champs numériques extraits: 2
⏳ Ignoré (throttle): FABLAB_21_22/RADAR/salle104/nb, dernier insert il y a 6s
⏳ Ignoré (throttle): FABLAB_21_22/RADAR/salle104/presence, dernier insert il y a 5s
🔔 Message MQTT [FABLAB_21_22/RADAR/salle104] : {"nb":0,"presence":false,"ts":1506112}
✅ JSON détecté sur FABLAB_21_22/RADAR/salle104. Champs numériques extraits: 2
⏳ Ignoré (throttle): FABLAB_21_22/RADAR/salle104/nb, dernier insert il y a 8s
⏳ Ignoré (throttle): FABLAB_21_22/RADAR/salle104/presence, dernier insert il y a 8s
🔔 Message MQTT [FABLAB_21_22/RADAR/salle104] : {"nb":0,"presence":false,"ts":1509112}
✅ JSON détecté sur FABLAB_21_22/RADAR/salle104. Champs numériques extraits: 2
⏳ Ignoré (throttle): FABLAB_21_22/RADAR/salle104/nb, dernier insert il y a 11s
⏳ Ignoré (throttle): FABLAB_21_22/RADAR/salle104/presence, dernier insert il y a 11s
🔔 Message MQTT [FABLAB_21_22/RADAR/salle104] : {"nb":0,"presence":false,"ts":1512112}
✅ JSON détecté sur FABLAB_21_22/RADAR/salle104. Champs numériques extraits: 2
⏳ Ignoré (throttle): FABLAB_21_22/RADAR/salle104/nb, dernier insert il y a 15s
⏳ Ignoré (throttle): FABLAB_21_22/RADAR/salle104/presence, dernier insert il y a 14s
🔔 Message MQTT [FABLAB_21_22/RADAR/salle104] : {"nb":0,"presence":false,"ts":1515112}
✅ JSON détecté sur FABLAB_21_22/RADAR/salle104. Champs numériques extraits: 2
⏳ Ignoré (throttle): FABLAB_21_22/RADAR/salle104/nb, dernier insert il y a 18s
⏳ Ignoré (throttle): FABLAB_21_22/RADAR/salle104/presence, dernier insert il y a 17s
🔔 Message MQTT [FABLAB_21_22/RADAR/salle104] : {"nb":0,"presence":false,"ts":1518112}
✅ JSON détecté sur FABLAB_21_22/RADAR/salle104. Champs numériques extraits: 2
⏳ Ignoré (throttle): FABLAB_21_22/RADAR/salle104/nb, dernier insert il y a 20s
⏳ Ignoré (throttle): FABLAB_21_22/RADAR/salle104/presence, dernier insert il y a 20s
🔔 Message MQTT [FABLAB_21_22/RADAR/salle104] : {"nb":0,"presence":false,"ts":1521112}
✅ JSON détecté sur FABLAB_21_22/RADAR/salle104. Champs numériques extraits: 2
⏳ Ignoré (throttle): FABLAB_21_22/RADAR/salle104/nb, dernier insert il y a 24s
⏳ Ignoré (throttle): FABLAB_21_22/RADAR/salle104/presence, dernier insert il y a 23s
🔔 Message MQTT [FABLAB_21_22/RADAR/salle104] : {"nb":0,"presence":false,"ts":1524112}
✅ JSON détecté sur FABLAB_21_22/RADAR/salle104. Champs numériques extraits: 2
⏳ Ignoré (throttle): FABLAB_21_22/RADAR/salle104/nb, dernier insert il y a 26s
⏳ Ignoré (throttle): FABLAB_21_22/RADAR/salle104/presence, dernier insert il y a 26s
🔔 Message MQTT [FABLAB_21_22/RADAR/salle104] : {"nb":0,"presence":false,"ts":1527112}
✅ JSON détecté sur FABLAB_21_22/RADAR/salle104. Champs numériques extraits: 2
⏳ Ignoré (throttle): FABLAB_21_22/RADAR/salle104/nb, dernier insert il y a 29s
⏳ Ignoré (throttle): FABLAB_21_22/RADAR/salle104/presence, dernier insert il y a 29s
🔔 Message MQTT [FABLAB_21_22/RADAR/salle104] : {"nb":0,"presence":false,"ts":1530112}
✅ JSON détecté sur FABLAB_21_22/RADAR/salle104. Champs numériques extraits: 2
⏳ Ignoré (throttle): FABLAB_21_22/RADAR/salle104/nb, dernier insert il y a 33s
⏳ Ignoré (throttle): FABLAB_21_22/RADAR/salle104/presence, dernier insert il y a 32s
🔔 Message MQTT [FABLAB_21_22/RADAR/salle104] : {"nb":0,"presence":false,"ts":1533112}
✅ JSON détecté sur FABLAB_21_22/RADAR/salle104. Champs numériques extraits: 2
⏳ Ignoré (throttle): FABLAB_21_22/RADAR/salle104/nb, dernier insert il y a 35s
⏳ Ignoré (throttle): FABLAB_21_22/RADAR/salle104/presence, dernier insert il y a 35s
🔔 Message MQTT [FABLAB_21_22/RADAR/salle104] : {"nb":0,"presence":false,"ts":1536112}
✅ JSON détecté sur FABLAB_21_22/RADAR/salle104. Champs numériques extraits: 2
⏳ Ignoré (throttle): FABLAB_21_22/RADAR/salle104/nb, dernier insert il y a 38s
⏳ Ignoré (throttle): FABLAB_21_22/RADAR/salle104/presence, dernier insert il y a 38s
🔔 Message MQTT [FABLAB_21_22/RADAR/salle104] : {"nb":0,"presence":false,"ts":1539112}
✅ JSON détecté sur FABLAB_21_22/RADAR/salle104. Champs numériques extraits: 2
⏳ Ignoré (throttle): FABLAB_21_22/RADAR/salle104/nb, dernier insert il y a 41s
⏳ Ignoré (throttle): FABLAB_21_22/RADAR/salle104/presence, dernier insert il y a 41s
🔔 Message MQTT [FABLAB_21_22/RADAR/salle104] : {"nb":0,"presence":false,"ts":1542112}
✅ JSON détecté sur FABLAB_21_22/RADAR/salle104. Champs numériques extraits: 2
⏳ Ignoré (throttle): FABLAB_21_22/RADAR/salle104/nb, dernier insert il y a 45s
⏳ Ignoré (throttle): FABLAB_21_22/RADAR/salle104/presence, dernier insert il y a 44s
🔔 Message MQTT [FABLAB_21_22/RADAR/salle104] : {"nb":0,"presence":false,"ts":1545112}
✅ JSON détecté sur FABLAB_21_22/RADAR/salle104. Champs numériques extraits: 2
⏳ Ignoré (throttle): FABLAB_21_22/RADAR/salle104/nb, dernier insert il y a 47s
⏳ Ignoré (throttle): FABLAB_21_22/RADAR/salle104/presence, dernier insert il y a 47s
🔔 Message MQTT [FABLAB_21_22/RADAR/salle104] : {"nb":0,"presence":false,"ts":1548112}
✅ JSON détecté sur FABLAB_21_22/RADAR/salle104. Champs numériques extraits: 2
⏳ Ignoré (throttle): FABLAB_21_22/RADAR/salle104/nb, dernier insert il y a 50s
⏳ Ignoré (throttle): FABLAB_21_22/RADAR/salle104/presence, dernier insert il y a 50s
🔔 Message MQTT [FABLAB_21_22/RADAR/salle104] : {"nb":0,"presence":false,"ts":1551112}
✅ JSON détecté sur FABLAB_21_22/RADAR/salle104. Champs numériques extraits: 2
⏳ Ignoré (throttle): FABLAB_21_22/RADAR/salle104/nb, dernier insert il y a 53s
⏳ Ignoré (throttle): FABLAB_21_22/RADAR/salle104/presence, dernier insert il y a 53s
🔔 Message MQTT [FABLAB_21_22/RADAR/salle104] : {"nb":0,"presence":false,"ts":1554112}
✅ JSON détecté sur FABLAB_21_22/RADAR/salle104. Champs numériques extraits: 2
⏳ Ignoré (throttle): FABLAB_21_22/RADAR/salle104/nb, dernier insert il y a 57s
⏳ Ignoré (throttle): FABLAB_21_22/RADAR/salle104/presence, dernier insert il y a 56s
🔔 Message MQTT [FABLAB_21_22/RADAR/salle104] : {"nb":0,"presence":false,"ts":1557112}
✅ JSON détecté sur FABLAB_21_22/RADAR/salle104. Champs numériques extraits: 2
💾 Sauvé: FABLAB_21_22/RADAR/salle104/nb = 0.0
💾 Sauvé: FABLAB_21_22/RADAR/salle104/presence = 0.0
🔔 Message MQTT [FABLAB_21_22/RADAR/salle104] : {"nb":1,"presence":true,"ts":1560112,"c1":{"x":227,"y":-1099,"vitesse":-32,"dist_cm":112}}
✅ JSON détecté sur FABLAB_21_22/RADAR/salle104. Champs numériques extraits: 6
⏳ Ignoré (throttle): FABLAB_21_22/RADAR/salle104/nb, dernier insert il y a 2s
⏳ Ignoré (throttle): FABLAB_21_22/RADAR/salle104/presence, dernier insert il y a 2s
💾 Sauvé: FABLAB_21_22/RADAR/salle104/c1_x = 227.0
💾 Sauvé: FABLAB_21_22/RADAR/salle104/c1_y = -1099.0
💾 Sauvé: FABLAB_21_22/RADAR/salle104/c1_vitesse = -32.0
💾 Sauvé: FABLAB_21_22/RADAR/salle104/c1_dist_cm = 112.0
🔔 Message MQTT [FABLAB_21_22/RADAR/salle104] : {"nb":1,"presence":true,"ts":1563112,"c1":{"x":-1031,"y":-881,"vitesse":8,"dist_cm":135}}
✅ JSON détecté sur FABLAB_21_22/RADAR/salle104. Champs numériques extraits: 6
⏳ Ignoré (throttle): FABLAB_21_22/RADAR/salle104/nb, dernier insert il y a 5s
⏳ Ignoré (throttle): FABLAB_21_22/RADAR/salle104/presence, dernier insert il y a 5s
⏳ Ignoré (throttle): FABLAB_21_22/RADAR/salle104/c1_x, dernier insert il y a 2s
⏳ Ignoré (throttle): FABLAB_21_22/RADAR/salle104/c1_y, dernier insert il y a 2s
⏳ Ignoré (throttle): FABLAB_21_22/RADAR/salle104/c1_vitesse, dernier insert il y a 2s
⏳ Ignoré (throttle): FABLAB_21_22/RADAR/salle104/c1_dist_cm, dernier insert il y a 2s
🔔 Message MQTT [FABLAB_21_22/RADAR/salle104] : {"nb":0,"presence":false,"ts":1566112}
✅ JSON détecté sur FABLAB_21_22/RADAR/salle104. Champs numériques extraits: 2
⏳ Ignoré (throttle): FABLAB_21_22/RADAR/salle104/nb, dernier insert il y a 8s
⏳ Ignoré (throttle): FABLAB_21_22/RADAR/salle104/presence, dernier insert il y a 8s
🔔 Message MQTT [FABLAB_21_22/RADAR/salle104] : {"nb":1,"presence":true,"ts":1569112,"c1":{"x":149,"y":-936,"vitesse":8,"dist_cm":94}}
✅ JSON détecté sur FABLAB_21_22/RADAR/salle104. Champs numériques extraits: 6
⏳ Ignoré (throttle): FABLAB_21_22/RADAR/salle104/nb, dernier insert il y a 11s
⏳ Ignoré (throttle): FABLAB_21_22/RADAR/salle104/presence, dernier insert il y a 11s
⏳ Ignoré (throttle): FABLAB_21_22/RADAR/salle104/c1_x, dernier insert il y a 9s
⏳ Ignoré (throttle): FABLAB_21_22/RADAR/salle104/c1_y, dernier insert il y a 8s
⏳ Ignoré (throttle): FABLAB_21_22/RADAR/salle104/c1_vitesse, dernier insert il y a 8s
⏳ Ignoré (throttle): FABLAB_21_22/RADAR/salle104/c1_dist_cm, dernier insert il y a 8s
🔔 Message MQTT [FABLAB_21_22/RADAR/salle104] : {"nb":1,"presence":true,"ts":1572112,"c1":{"x":-421,"y":-547,"vitesse":-79,"dist_cm":69}}
✅ JSON détecté sur FABLAB_21_22/RADAR/salle104. Champs numériques extraits: 6
⏳ Ignoré (throttle): FABLAB_21_22/RADAR/salle104/nb, dernier insert il y a 14s
⏳ Ignoré (throttle): FABLAB_21_22/RADAR/salle104/presence, dernier insert il y a 14s
⏳ Ignoré (throttle): FABLAB_21_22/RADAR/salle104/c1_x, dernier insert il y a 12s
⏳ Ignoré (throttle): FABLAB_21_22/RADAR/salle104/c1_y, dernier insert il y a 11s
⏳ Ignoré (throttle): FABLAB_21_22/RADAR/salle104/c1_vitesse, dernier insert il y a 11s
⏳ Ignoré (throttle): FABLAB_21_22/RADAR/salle104/c1_dist_cm, dernier insert il y a 11s
🔔 Message MQTT [FABLAB_21_22/RADAR/salle104] : {"nb":1,"presence":true,"ts":1575112,"c1":{"x":283,"y":-543,"vitesse":0,"dist_cm":61}}
✅ JSON détecté sur FABLAB_21_22/RADAR/salle104. Champs numériques extraits: 6
⏳ Ignoré (throttle): FABLAB_21_22/RADAR/salle104/nb, dernier insert il y a 17s
⏳ Ignoré (throttle): FABLAB_21_22/RADAR/salle104/presence, dernier insert il y a 17s
⏳ Ignoré (throttle): FABLAB_21_22/RADAR/salle104/c1_x, dernier insert il y a 14s
⏳ Ignoré (throttle): FABLAB_21_22/RADAR/salle104/c1_y, dernier insert il y a 14s
⏳ Ignoré (throttle): FABLAB_21_22/RADAR/salle104/c1_vitesse, dernier insert il y a 14s
⏳ Ignoré (throttle): FABLAB_21_22/RADAR/salle104/c1_dist_cm, dernier insert il y a 14s
🔔 Message MQTT [FABLAB_21_22/RADAR/salle104] : {"nb":1,"presence":true,"ts":1578112,"c1":{"x":445,"y":-784,"vitesse":0,"dist_cm":90}}
✅ JSON détecté sur FABLAB_21_22/RADAR/salle104. Champs numériques extraits: 6
⏳ Ignoré (throttle): FABLAB_21_22/RADAR/salle104/nb, dernier insert il y a 20s
⏳ Ignoré (throttle): FABLAB_21_22/RADAR/salle104/presence, dernier insert il y a 20s
⏳ Ignoré (throttle): FABLAB_21_22/RADAR/salle104/c1_x, dernier insert il y a 17s
⏳ Ignoré (throttle): FABLAB_21_22/RADAR/salle104/c1_y, dernier insert il y a 17s
⏳ Ignoré (throttle): FABLAB_21_22/RADAR/salle104/c1_vitesse, dernier insert il y a 17s
⏳ Ignoré (throttle): FABLAB_21_22/RADAR/salle104/c1_dist_cm, dernier insert il y a 17s
🔔 Message MQTT [FABLAB_21_22/RADAR/salle104] : {"nb":1,"presence":true,"ts":1581112,"c1":{"x":-136,"y":-397,"vitesse":0,"dist_cm":41}}
✅ JSON détecté sur FABLAB_21_22/RADAR/salle104. Champs numériques extraits: 6
⏳ Ignoré (throttle): FABLAB_21_22/RADAR/salle104/nb, dernier insert il y a 23s
⏳ Ignoré (throttle): FABLAB_21_22/RADAR/salle104/presence, dernier insert il y a 23s
⏳ Ignoré (throttle): FABLAB_21_22/RADAR/salle104/c1_x, dernier insert il y a 20s
⏳ Ignoré (throttle): FABLAB_21_22/RADAR/salle104/c1_y, dernier insert il y a 20s
⏳ Ignoré (throttle): FABLAB_21_22/RADAR/salle104/c1_vitesse, dernier insert il y a 20s
⏳ Ignoré (throttle): FABLAB_21_22/RADAR/salle104/c1_dist_cm, dernier insert il y a 20s
🔔 Message MQTT [FABLAB_21_22/RADAR/salle104] : {"nb":1,"presence":true,"ts":1584112,"c1":{"x":453,"y":-424,"vitesse":8,"dist_cm":62}}
✅ JSON détecté sur FABLAB_21_22/RADAR/salle104. Champs numériques extraits: 6
⏳ Ignoré (throttle): FABLAB_21_22/RADAR/salle104/nb, dernier insert il y a 26s
⏳ Ignoré (throttle): FABLAB_21_22/RADAR/salle104/presence, dernier insert il y a 26s
⏳ Ignoré (throttle): FABLAB_21_22/RADAR/salle104/c1_x, dernier insert il y a 24s
⏳ Ignoré (throttle): FABLAB_21_22/RADAR/salle104/c1_y, dernier insert il y a 23s
⏳ Ignoré (throttle): FABLAB_21_22/RADAR/salle104/c1_vitesse, dernier insert il y a 23s
⏳ Ignoré (throttle): FABLAB_21_22/RADAR/salle104/c1_dist_cm, dernier insert il y a 23s
🔔 Message MQTT [FABLAB_21_22/RADAR/salle104] : {"nb":1,"presence":true,"ts":1587112,"c1":{"x":782,"y":-607,"vitesse":-16,"dist_cm":98}}
✅ JSON détecté sur FABLAB_21_22/RADAR/salle104. Champs numériques extraits: 6
⏳ Ignoré (throttle): FABLAB_21_22/RADAR/salle104/nb, dernier insert il y a 29s
⏳ Ignoré (throttle): FABLAB_21_22/RADAR/salle104/presence, dernier insert il y a 29s
⏳ Ignoré (throttle): FABLAB_21_22/RADAR/salle104/c1_x, dernier insert il y a 27s
⏳ Ignoré (throttle): FABLAB_21_22/RADAR/salle104/c1_y, dernier insert il y a 26s
⏳ Ignoré (throttle): FABLAB_21_22/RADAR/salle104/c1_vitesse, dernier insert il y a 26s
⏳ Ignoré (throttle): FABLAB_21_22/RADAR/salle104/c1_dist_cm, dernier insert il y a 26s
🔔 Message MQTT [FABLAB_21_22/RADAR/salle104] : {"nb":1,"presence":true,"ts":1590112,"c1":{"x":299,"y":-693,"vitesse":8,"dist_cm":75}}
✅ JSON détecté sur FABLAB_21_22/RADAR/salle104. Champs numériques extraits: 6
⏳ Ignoré (throttle): FABLAB_21_22/RADAR/salle104/nb, dernier insert il y a 33s
⏳ Ignoré (throttle): FABLAB_21_22/RADAR/salle104/presence, dernier insert il y a 32s
⏳ Ignoré (throttle): FABLAB_21_22/RADAR/salle104/c1_x, dernier insert il y a 30s
⏳ Ignoré (throttle): FABLAB_21_22/RADAR/salle104/c1_y, dernier insert il y a 29s
⏳ Ignoré (throttle): FABLAB_21_22/RADAR/salle104/c1_vitesse, dernier insert il y a 29s
⏳ Ignoré (throttle): FABLAB_21_22/RADAR/salle104/c1_dist_cm, dernier insert il y a 29s
🔔 Message MQTT [FABLAB_21_22/RADAR/salle104] : {"nb":1,"presence":true,"ts":1593112,"c1":{"x":292,"y":-392,"vitesse":-16,"dist_cm":48}}
✅ JSON détecté sur FABLAB_21_22/RADAR/salle104. Champs numériques extraits: 6
⏳ Ignoré (throttle): FABLAB_21_22/RADAR/salle104/nb, dernier insert il y a 35s
⏳ Ignoré (throttle): FABLAB_21_22/RADAR/salle104/presence, dernier insert il y a 35s
⏳ Ignoré (throttle): FABLAB_21_22/RADAR/salle104/c1_x, dernier insert il y a 33s
⏳ Ignoré (throttle): FABLAB_21_22/RADAR/salle104/c1_y, dernier insert il y a 32s
⏳ Ignoré (throttle): FABLAB_21_22/RADAR/salle104/c1_vitesse, dernier insert il y a 32s
⏳ Ignoré (throttle): FABLAB_21_22/RADAR/salle104/c1_dist_cm, dernier insert il y a 32s
🔔 Message MQTT [FABLAB_21_22/RADAR/salle104] : {"nb":1,"presence":true,"ts":1596112,"c1":{"x":502,"y":-1062,"vitesse":0,"dist_cm":117}}
✅ JSON détecté sur FABLAB_21_22/RADAR/salle104. Champs numériques extraits: 6
⏳ Ignoré (throttle): FABLAB_21_22/RADAR/salle104/nb, dernier insert il y a 38s
⏳ Ignoré (throttle): FABLAB_21_22/RADAR/salle104/presence, dernier insert il y a 38s
⏳ Ignoré (throttle): FABLAB_21_22/RADAR/salle104/c1_x, dernier insert il y a 35s
⏳ Ignoré (throttle): FABLAB_21_22/RADAR/salle104/c1_y, dernier insert il y a 35s
⏳ Ignoré (throttle): FABLAB_21_22/RADAR/salle104/c1_vitesse, dernier insert il y a 35s
⏳ Ignoré (throttle): FABLAB_21_22/RADAR/salle104/c1_dist_cm, dernier insert il y a 35s
🔔 Message MQTT [FABLAB_21_22/tasmota/tele/tasmota_0725C0/STATE] : {"Time":"2026-05-05T14:19:09","Uptime":"5T06:25:13","UptimeSec":455113,"Heap":186,"SleepMode":"Dynamic","Sleep":50,"LoadAvg":19,"MqttCount":1,"Berry":{"HeapUsed":4,"Objects":55},"POWER":"ON","Wifi":{"AP":1,"SSId":"Fablab_104","BSSId":"40:ED:00:CD:4B:EB","Channel":6,"Mode":"HT20","RSSI":100,"Signal":-30,"LinkCount":1,"Downtime":"0T00:00:03"},"Hostname":"tasmota-0725C0-1472","IPAddress":"192.168.0.99"}
✅ JSON détecté sur FABLAB_21_22/tasmota/tele/tasmota_0725C0/STATE. Champs numériques extraits: 12
💾 Sauvé: FABLAB_21_22/tasmota/tele/tasmota_0725C0/STATE/uptimesec = 455113.0
💾 Sauvé: FABLAB_21_22/tasmota/tele/tasmota_0725C0/STATE/heap = 186.0
💾 Sauvé: FABLAB_21_22/tasmota/tele/tasmota_0725C0/STATE/sleep = 50.0
💾 Sauvé: FABLAB_21_22/tasmota/tele/tasmota_0725C0/STATE/loadavg = 19.0
💾 Sauvé: FABLAB_21_22/tasmota/tele/tasmota_0725C0/STATE/mqttcount = 1.0
💾 Sauvé: FABLAB_21_22/tasmota/tele/tasmota_0725C0/STATE/berry_heapused = 4.0
💾 Sauvé: FABLAB_21_22/tasmota/tele/tasmota_0725C0/STATE/berry_objects = 55.0
💾 Sauvé: FABLAB_21_22/tasmota/tele/tasmota_0725C0/STATE/wifi_ap = 1.0
💾 Sauvé: FABLAB_21_22/tasmota/tele/tasmota_0725C0/STATE/wifi_channel = 6.0
💾 Sauvé: FABLAB_21_22/tasmota/tele/tasmota_0725C0/STATE/wifi_rssi = 100.0
💾 Sauvé: FABLAB_21_22/tasmota/tele/tasmota_0725C0/STATE/wifi_signal = -30.0
💾 Sauvé: FABLAB_21_22/tasmota/tele/tasmota_0725C0/STATE/wifi_linkcount = 1.0
🔔 Message MQTT [FABLAB_21_22/tasmota/tele/tasmota_0725C0/SENSOR] : {"Time":"2026-05-05T14:19:09","ENERGY":{"TotalStartTime":"2026-04-01T07:18:43","Total":284.218,"Yesterday":0.000,"Today":2.996,"Period":46,"Power":2258,"ApparentPower":2258,"ReactivePower":0,"Factor":1.00,"Voltage":244,"Current":8.961}}
✅ JSON détecté sur FABLAB_21_22/tasmota/tele/tasmota_0725C0/SENSOR. Champs numériques extraits: 10
💾 Sauvé: FABLAB_21_22/tasmota/tele/tasmota_0725C0/SENSOR/energy_total = 284.218
💾 Sauvé: FABLAB_21_22/tasmota/tele/tasmota_0725C0/SENSOR/energy_yesterday = 0.0
💾 Sauvé: FABLAB_21_22/tasmota/tele/tasmota_0725C0/SENSOR/energy_today = 2.996
💾 Sauvé: FABLAB_21_22/tasmota/tele/tasmota_0725C0/SENSOR/energy_period = 46.0
💾 Sauvé: FABLAB_21_22/tasmota/tele/tasmota_0725C0/SENSOR/energy_power = 2258.0
💾 Sauvé: FABLAB_21_22/tasmota/tele/tasmota_0725C0/SENSOR/energy_apparentpower = 2258.0
💾 Sauvé: FABLAB_21_22/tasmota/tele/tasmota_0725C0/SENSOR/energy_reactivepower = 0.0
💾 Sauvé: FABLAB_21_22/tasmota/tele/tasmota_0725C0/SENSOR/energy_factor = 1.0
💾 Sauvé: FABLAB_21_22/tasmota/tele/tasmota_0725C0/SENSOR/energy_voltage = 244.0
💾 Sauvé: FABLAB_21_22/tasmota/tele/tasmota_0725C0/SENSOR/energy_current = 8.961
🔔 Message MQTT [FABLAB_21_22/RADAR/salle104] : {"nb":1,"presence":true,"ts":1599112,"c1":{"x":-225,"y":-1325,"vitesse":-16,"dist_cm":134}}
✅ JSON détecté sur FABLAB_21_22/RADAR/salle104. Champs numériques extraits: 6
⏳ Ignoré (throttle): FABLAB_21_22/RADAR/salle104/nb, dernier insert il y a 44s
⏳ Ignoré (throttle): FABLAB_21_22/RADAR/salle104/presence, dernier insert il y a 44s
⏳ Ignoré (throttle): FABLAB_21_22/RADAR/salle104/c1_x, dernier insert il y a 41s
⏳ Ignoré (throttle): FABLAB_21_22/RADAR/salle104/c1_y, dernier insert il y a 41s
⏳ Ignoré (throttle): FABLAB_21_22/RADAR/salle104/c1_vitesse, dernier insert il y a 41s
⏳ Ignoré (throttle): FABLAB_21_22/RADAR/salle104/c1_dist_cm, dernier insert il y a 41s
🔔 Message MQTT [FABLAB_21_22/RADAR/salle104] : {"nb":1,"presence":true,"ts":1602112,"c1":{"x":-647,"y":-1496,"vitesse":-16,"dist_cm":162}}
✅ JSON détecté sur FABLAB_21_22/RADAR/salle104. Champs numériques extraits: 6
⏳ Ignoré (throttle): FABLAB_21_22/RADAR/salle104/nb, dernier insert il y a 45s
⏳ Ignoré (throttle): FABLAB_21_22/RADAR/salle104/presence, dernier insert il y a 44s
⏳ Ignoré (throttle): FABLAB_21_22/RADAR/salle104/c1_x, dernier insert il y a 42s
⏳ Ignoré (throttle): FABLAB_21_22/RADAR/salle104/c1_y, dernier insert il y a 41s
⏳ Ignoré (throttle): FABLAB_21_22/RADAR/salle104/c1_vitesse, dernier insert il y a 41s
⏳ Ignoré (throttle): FABLAB_21_22/RADAR/salle104/c1_dist_cm, dernier insert il y a 41s
🔔 Message MQTT [FABLAB_21_22/RADAR/salle104] : {"nb":1,"presence":true,"ts":1605112,"c1":{"x":-755,"y":-1472,"vitesse":-8,"dist_cm":165}}
✅ JSON détecté sur FABLAB_21_22/RADAR/salle104. Champs numériques extraits: 6
⏳ Ignoré (throttle): FABLAB_21_22/RADAR/salle104/nb, dernier insert il y a 47s
⏳ Ignoré (throttle): FABLAB_21_22/RADAR/salle104/presence, dernier insert il y a 47s
⏳ Ignoré (throttle): FABLAB_21_22/RADAR/salle104/c1_x, dernier insert il y a 45s
⏳ Ignoré (throttle): FABLAB_21_22/RADAR/salle104/c1_y, dernier insert il y a 44s
⏳ Ignoré (throttle): FABLAB_21_22/RADAR/salle104/c1_vitesse, dernier insert il y a 44s
⏳ Ignoré (throttle): FABLAB_21_22/RADAR/salle104/c1_dist_cm, dernier insert il y a 44s
🔔 Message MQTT [FABLAB_21_22/RADAR/salle104] : {"nb":1,"presence":true,"ts":1608112,"c1":{"x":-1291,"y":-1308,"vitesse":0,"dist_cm":183}}
✅ JSON détecté sur FABLAB_21_22/RADAR/salle104. Champs numériques extraits: 6
⏳ Ignoré (throttle): FABLAB_21_22/RADAR/salle104/nb, dernier insert il y a 50s
⏳ Ignoré (throttle): FABLAB_21_22/RADAR/salle104/presence, dernier insert il y a 50s
⏳ Ignoré (throttle): FABLAB_21_22/RADAR/salle104/c1_x, dernier insert il y a 47s
⏳ Ignoré (throttle): FABLAB_21_22/RADAR/salle104/c1_y, dernier insert il y a 47s
⏳ Ignoré (throttle): FABLAB_21_22/RADAR/salle104/c1_vitesse, dernier insert il y a 47s
⏳ Ignoré (throttle): FABLAB_21_22/RADAR/salle104/c1_dist_cm, dernier insert il y a 47s
🔔 Message MQTT [FABLAB_21_22/RADAR/salle104] : {"nb":0,"presence":false,"ts":1611112}
✅ JSON détecté sur FABLAB_21_22/RADAR/salle104. Champs numériques extraits: 2
⏳ Ignoré (throttle): FABLAB_21_22/RADAR/salle104/nb, dernier insert il y a 53s
⏳ Ignoré (throttle): FABLAB_21_22/RADAR/salle104/presence, dernier insert il y a 53s
🔔 Message MQTT [FABLAB_21_22/RADAR/salle104] : {"nb":0,"presence":false,"ts":1614112}
✅ JSON détecté sur FABLAB_21_22/RADAR/salle104. Champs numériques extraits: 2
⏳ Ignoré (throttle): FABLAB_21_22/RADAR/salle104/nb, dernier insert il y a 57s
⏳ Ignoré (throttle): FABLAB_21_22/RADAR/salle104/presence, dernier insert il y a 56s
🔔 Message MQTT [FABLAB_21_22/RADAR/salle104] : {"nb":0,"presence":false,"ts":1617112}
✅ JSON détecté sur FABLAB_21_22/RADAR/salle104. Champs numériques extraits: 2
⏳ Ignoré (throttle): FABLAB_21_22/RADAR/salle104/nb, dernier insert il y a 59s
⏳ Ignoré (throttle): FABLAB_21_22/RADAR/salle104/presence, dernier insert il y a 59s
🔔 Message MQTT [FABLAB_21_22/RADAR/salle104] : {"nb":0,"presence":false,"ts":1620112}
✅ JSON détecté sur FABLAB_21_22/RADAR/salle104. Champs numériques extraits: 2
💾 Sauvé: FABLAB_21_22/RADAR/salle104/nb = 0.0
💾 Sauvé: FABLAB_21_22/RADAR/salle104/presence = 0.0
🔔 Message MQTT [FABLAB_21_22/RADAR/salle104] : {"nb":0,"presence":false,"ts":1623112}
✅ JSON détecté sur FABLAB_21_22/RADAR/salle104. Champs numériques extraits: 2
⏳ Ignoré (throttle): FABLAB_21_22/RADAR/salle104/nb, dernier insert il y a 3s
⏳ Ignoré (throttle): FABLAB_21_22/RADAR/salle104/presence, dernier insert il y a 2s
🔔 Message MQTT [FABLAB_21_22/RADAR/salle104] : {"nb":0,"presence":false,"ts":1626112}
✅ JSON détecté sur FABLAB_21_22/RADAR/salle104. Champs numériques extraits: 2
⏳ Ignoré (throttle): FABLAB_21_22/RADAR/salle104/nb, dernier insert il y a 6s
⏳ Ignoré (throttle): FABLAB_21_22/RADAR/salle104/presence, dernier insert il y a 5s
🔔 Message MQTT [FABLAB_21_22/RADAR/salle104] : {"nb":0,"presence":false,"ts":1629112}
✅ JSON détecté sur FABLAB_21_22/RADAR/salle104. Champs numériques extraits: 2
⏳ Ignoré (throttle): FABLAB_21_22/RADAR/salle104/nb, dernier insert il y a 9s
⏳ Ignoré (throttle): FABLAB_21_22/RADAR/salle104/presence, dernier insert il y a 8s
🔔 Message MQTT [FABLAB_21_22/RADAR/salle104] : {"nb":0,"presence":false,"ts":1632112}
✅ JSON détecté sur FABLAB_21_22/RADAR/salle104. Champs numériques extraits: 2
⏳ Ignoré (throttle): FABLAB_21_22/RADAR/salle104/nb, dernier insert il y a 12s
⏳ Ignoré (throttle): FABLAB_21_22/RADAR/salle104/presence, dernier insert il y a 11s
🔔 Message MQTT [FABLAB_21_22/RADAR/salle104] : {"nb":0,"presence":false,"ts":1635112}
✅ JSON détecté sur FABLAB_21_22/RADAR/salle104. Champs numériques extraits: 2
⏳ Ignoré (throttle): FABLAB_21_22/RADAR/salle104/nb, dernier insert il y a 15s
⏳ Ignoré (throttle): FABLAB_21_22/RADAR/salle104/presence, dernier insert il y a 14s
🔔 Message MQTT [FABLAB_21_22/RADAR/salle104] : {"nb":0,"presence":false,"ts":1638112}
✅ JSON détecté sur FABLAB_21_22/RADAR/salle104. Champs numériques extraits: 2
⏳ Ignoré (throttle): FABLAB_21_22/RADAR/salle104/nb, dernier insert il y a 18s
⏳ Ignoré (throttle): FABLAB_21_22/RADAR/salle104/presence, dernier insert il y a 17s
🔔 Message MQTT [FABLAB_21_22/RADAR/salle104] : {"nb":0,"presence":false,"ts":1641112}
✅ JSON détecté sur FABLAB_21_22/RADAR/salle104. Champs numériques extraits: 2
⏳ Ignoré (throttle): FABLAB_21_22/RADAR/salle104/nb, dernier insert il y a 21s
⏳ Ignoré (throttle): FABLAB_21_22/RADAR/salle104/presence, dernier insert il y a 20s
🔔 Message MQTT [FABLAB_21_22/RADAR/salle104] : {"nb":0,"presence":false,"ts":1644112}
✅ JSON détecté sur FABLAB_21_22/RADAR/salle104. Champs numériques extraits: 2
⏳ Ignoré (throttle): FABLAB_21_22/RADAR/salle104/nb, dernier insert il y a 24s
⏳ Ignoré (throttle): FABLAB_21_22/RADAR/salle104/presence, dernier insert il y a 23s
🔔 Message MQTT [FABLAB_21_22/RADAR/salle104] : {"nb":0,"presence":false,"ts":1647112}
✅ JSON détecté sur FABLAB_21_22/RADAR/salle104. Champs numériques extraits: 2
⏳ Ignoré (throttle): FABLAB_21_22/RADAR/salle104/nb, dernier insert il y a 27s
⏳ Ignoré (throttle): FABLAB_21_22/RADAR/salle104/presence, dernier insert il y a 26s
🔔 Message MQTT [FABLAB_21_22/RADAR/salle104] : {"nb":0,"presence":false,"ts":1650112}
✅ JSON détecté sur FABLAB_21_22/RADAR/salle104. Champs numériques extraits: 2
⏳ Ignoré (throttle): FABLAB_21_22/RADAR/salle104/nb, dernier insert il y a 30s
⏳ Ignoré (throttle): FABLAB_21_22/RADAR/salle104/presence, dernier insert il y a 29s
🔔 Message MQTT [FABLAB_21_22/RADAR/salle104] : {"nb":0,"presence":false,"ts":1653112}
✅ JSON détecté sur FABLAB_21_22/RADAR/salle104. Champs numériques extraits: 2
⏳ Ignoré (throttle): FABLAB_21_22/RADAR/salle104/nb, dernier insert il y a 33s
⏳ Ignoré (throttle): FABLAB_21_22/RADAR/salle104/presence, dernier insert il y a 32s
🔔 Message MQTT [FABLAB_21_22/RADAR/salle104] : {"nb":0,"presence":false,"ts":1656112}
✅ JSON détecté sur FABLAB_21_22/RADAR/salle104. Champs numériques extraits: 2
⏳ Ignoré (throttle): FABLAB_21_22/RADAR/salle104/nb, dernier insert il y a 36s
⏳ Ignoré (throttle): FABLAB_21_22/RADAR/salle104/presence, dernier insert il y a 35s
🔔 Message MQTT [FABLAB_21_22/RADAR/salle104] : {"nb":0,"presence":false,"ts":1659112}
✅ JSON détecté sur FABLAB_21_22/RADAR/salle104. Champs numériques extraits: 2
⏳ Ignoré (throttle): FABLAB_21_22/RADAR/salle104/nb, dernier insert il y a 39s
⏳ Ignoré (throttle): FABLAB_21_22/RADAR/salle104/presence, dernier insert il y a 38s
🔔 Message MQTT [FABLAB_21_22/RADAR/salle104] : {"nb":0,"presence":false,"ts":1662112}
✅ JSON détecté sur FABLAB_21_22/RADAR/salle104. Champs numériques extraits: 2
⏳ Ignoré (throttle): FABLAB_21_22/RADAR/salle104/nb, dernier insert il y a 42s
⏳ Ignoré (throttle): FABLAB_21_22/RADAR/salle104/presence, dernier insert il y a 41s
🔔 Message MQTT [FABLAB_21_22/RADAR/salle104] : {"nb":1,"presence":true,"ts":1665112,"c1":{"x":-1443,"y":-1085,"vitesse":8,"dist_cm":180}}
✅ JSON détecté sur FABLAB_21_22/RADAR/salle104. Champs numériques extraits: 6
⏳ Ignoré (throttle): FABLAB_21_22/RADAR/salle104/nb, dernier insert il y a 45s
⏳ Ignoré (throttle): FABLAB_21_22/RADAR/salle104/presence, dernier insert il y a 44s
💾 Sauvé: FABLAB_21_22/RADAR/salle104/c1_x = -1443.0
💾 Sauvé: FABLAB_21_22/RADAR/salle104/c1_y = -1085.0
💾 Sauvé: FABLAB_21_22/RADAR/salle104/c1_vitesse = 8.0
💾 Sauvé: FABLAB_21_22/RADAR/salle104/c1_dist_cm = 180.0
🔔 Message MQTT [FABLAB_21_22/RADAR/salle104] : {"nb":1,"presence":true,"ts":1668112,"c1":{"x":-936,"y":-1432,"vitesse":0,"dist_cm":171}}
✅ JSON détecté sur FABLAB_21_22/RADAR/salle104. Champs numériques extraits: 6
⏳ Ignoré (throttle): FABLAB_21_22/RADAR/salle104/nb, dernier insert il y a 48s
⏳ Ignoré (throttle): FABLAB_21_22/RADAR/salle104/presence, dernier insert il y a 47s
⏳ Ignoré (throttle): FABLAB_21_22/RADAR/salle104/c1_x, dernier insert il y a 2s
⏳ Ignoré (throttle): FABLAB_21_22/RADAR/salle104/c1_y, dernier insert il y a 2s
⏳ Ignoré (throttle): FABLAB_21_22/RADAR/salle104/c1_vitesse, dernier insert il y a 2s
⏳ Ignoré (throttle): FABLAB_21_22/RADAR/salle104/c1_dist_cm, dernier insert il y a 2s
🔔 Message MQTT [FABLAB_21_22/RADAR/salle104] : {"nb":1,"presence":true,"ts":1671112,"c1":{"x":-1186,"y":-1188,"vitesse":-8,"dist_cm":167}}
✅ JSON détecté sur FABLAB_21_22/RADAR/salle104. Champs numériques extraits: 6
⏳ Ignoré (throttle): FABLAB_21_22/RADAR/salle104/nb, dernier insert il y a 51s
⏳ Ignoré (throttle): FABLAB_21_22/RADAR/salle104/presence, dernier insert il y a 50s
⏳ Ignoré (throttle): FABLAB_21_22/RADAR/salle104/c1_x, dernier insert il y a 5s
⏳ Ignoré (throttle): FABLAB_21_22/RADAR/salle104/c1_y, dernier insert il y a 5s
⏳ Ignoré (throttle): FABLAB_21_22/RADAR/salle104/c1_vitesse, dernier insert il y a 5s
⏳ Ignoré (throttle): FABLAB_21_22/RADAR/salle104/c1_dist_cm, dernier insert il y a 5s
🔔 Message MQTT [FABLAB_21_22/RADAR/salle104] : {"nb":1,"presence":true,"ts":1674112,"c1":{"x":-729,"y":-989,"vitesse":16,"dist_cm":122}}
✅ JSON détecté sur FABLAB_21_22/RADAR/salle104. Champs numériques extraits: 6
⏳ Ignoré (throttle): FABLAB_21_22/RADAR/salle104/nb, dernier insert il y a 54s
⏳ Ignoré (throttle): FABLAB_21_22/RADAR/salle104/presence, dernier insert il y a 53s
⏳ Ignoré (throttle): FABLAB_21_22/RADAR/salle104/c1_x, dernier insert il y a 8s
⏳ Ignoré (throttle): FABLAB_21_22/RADAR/salle104/c1_y, dernier insert il y a 8s
⏳ Ignoré (throttle): FABLAB_21_22/RADAR/salle104/c1_vitesse, dernier insert il y a 8s
⏳ Ignoré (throttle): FABLAB_21_22/RADAR/salle104/c1_dist_cm, dernier insert il y a 8s
🔔 Message MQTT [FABLAB_21_22/RADAR/salle104] : {"nb":1,"presence":true,"ts":1677112,"c1":{"x":-4,"y":-689,"vitesse":0,"dist_cm":68}}
✅ JSON détecté sur FABLAB_21_22/RADAR/salle104. Champs numériques extraits: 6
⏳ Ignoré (throttle): FABLAB_21_22/RADAR/salle104/nb, dernier insert il y a 56s
⏳ Ignoré (throttle): FABLAB_21_22/RADAR/salle104/presence, dernier insert il y a 56s
⏳ Ignoré (throttle): FABLAB_21_22/RADAR/salle104/c1_x, dernier insert il y a 11s
⏳ Ignoré (throttle): FABLAB_21_22/RADAR/salle104/c1_y, dernier insert il y a 11s
⏳ Ignoré (throttle): FABLAB_21_22/RADAR/salle104/c1_vitesse, dernier insert il y a 11s
⏳ Ignoré (throttle): FABLAB_21_22/RADAR/salle104/c1_dist_cm, dernier insert il y a 11s
🔔 Message MQTT [FABLAB_21_22/RADAR/salle104] : {"nb":1,"presence":true,"ts":1680112,"c1":{"x":-180,"y":-1209,"vitesse":8,"dist_cm":122}}
✅ JSON détecté sur FABLAB_21_22/RADAR/salle104. Champs numériques extraits: 6
💾 Sauvé: FABLAB_21_22/RADAR/salle104/nb = 1.0
⏳ Ignoré (throttle): FABLAB_21_22/RADAR/salle104/presence, dernier insert il y a 59s
⏳ Ignoré (throttle): FABLAB_21_22/RADAR/salle104/c1_x, dernier insert il y a 15s
⏳ Ignoré (throttle): FABLAB_21_22/RADAR/salle104/c1_y, dernier insert il y a 14s
⏳ Ignoré (throttle): FABLAB_21_22/RADAR/salle104/c1_vitesse, dernier insert il y a 14s
⏳ Ignoré (throttle): FABLAB_21_22/RADAR/salle104/c1_dist_cm, dernier insert il y a 14s
🔔 Message MQTT [FABLAB_21_22/RADAR/salle104] : {"nb":1,"presence":true,"ts":1683112,"c1":{"x":-114,"y":-388,"vitesse":-32,"dist_cm":40}}
✅ JSON détecté sur FABLAB_21_22/RADAR/salle104. Champs numériques extraits: 6
⏳ Ignoré (throttle): FABLAB_21_22/RADAR/salle104/nb, dernier insert il y a 2s
💾 Sauvé: FABLAB_21_22/RADAR/salle104/presence = 1.0
⏳ Ignoré (throttle): FABLAB_21_22/RADAR/salle104/c1_x, dernier insert il y a 18s
⏳ Ignoré (throttle): FABLAB_21_22/RADAR/salle104/c1_y, dernier insert il y a 17s
⏳ Ignoré (throttle): FABLAB_21_22/RADAR/salle104/c1_vitesse, dernier insert il y a 17s
⏳ Ignoré (throttle): FABLAB_21_22/RADAR/salle104/c1_dist_cm, dernier insert il y a 17s
🔔 Message MQTT [FABLAB_21_22/RADAR/salle104] : {"nb":1,"presence":true,"ts":1686112,"c1":{"x":-581,"y":-1150,"vitesse":8,"dist_cm":128}}
✅ JSON détecté sur FABLAB_21_22/RADAR/salle104. Champs numériques extraits: 6
⏳ Ignoré (throttle): FABLAB_21_22/RADAR/salle104/nb, dernier insert il y a 6s
⏳ Ignoré (throttle): FABLAB_21_22/RADAR/salle104/presence, dernier insert il y a 3s
⏳ Ignoré (throttle): FABLAB_21_22/RADAR/salle104/c1_x, dernier insert il y a 20s
⏳ Ignoré (throttle): FABLAB_21_22/RADAR/salle104/c1_y, dernier insert il y a 20s
⏳ Ignoré (throttle): FABLAB_21_22/RADAR/salle104/c1_vitesse, dernier insert il y a 20s
⏳ Ignoré (throttle): FABLAB_21_22/RADAR/salle104/c1_dist_cm, dernier insert il y a 20s
🔔 Message MQTT [FABLAB_21_22/RADAR/salle104] : {"nb":1,"presence":true,"ts":1689112,"c1":{"x":-566,"y":-1124,"vitesse":0,"dist_cm":125}}
✅ JSON détecté sur FABLAB_21_22/RADAR/salle104. Champs numériques extraits: 6
⏳ Ignoré (throttle): FABLAB_21_22/RADAR/salle104/nb, dernier insert il y a 9s
⏳ Ignoré (throttle): FABLAB_21_22/RADAR/salle104/presence, dernier insert il y a 6s
⏳ Ignoré (throttle): FABLAB_21_22/RADAR/salle104/c1_x, dernier insert il y a 24s
⏳ Ignoré (throttle): FABLAB_21_22/RADAR/salle104/c1_y, dernier insert il y a 23s
⏳ Ignoré (throttle): FABLAB_21_22/RADAR/salle104/c1_vitesse, dernier insert il y a 23s
⏳ Ignoré (throttle): FABLAB_21_22/RADAR/salle104/c1_dist_cm, dernier insert il y a 23s
🔔 Message MQTT [FABLAB_21_22/RADAR/salle104] : {"nb":1,"presence":true,"ts":1692112,"c1":{"x":-696,"y":-898,"vitesse":-8,"dist_cm":113}}
✅ JSON détecté sur FABLAB_21_22/RADAR/salle104. Champs numériques extraits: 6
⏳ Ignoré (throttle): FABLAB_21_22/RADAR/salle104/nb, dernier insert il y a 11s
⏳ Ignoré (throttle): FABLAB_21_22/RADAR/salle104/presence, dernier insert il y a 8s
⏳ Ignoré (throttle): FABLAB_21_22/RADAR/salle104/c1_x, dernier insert il y a 26s
⏳ Ignoré (throttle): FABLAB_21_22/RADAR/salle104/c1_y, dernier insert il y a 26s
⏳ Ignoré (throttle): FABLAB_21_22/RADAR/salle104/c1_vitesse, dernier insert il y a 26s
⏳ Ignoré (throttle): FABLAB_21_22/RADAR/salle104/c1_dist_cm, dernier insert il y a 26s
🔔 Message MQTT [FABLAB_21_22/RADAR/salle104] : {"nb":1,"presence":true,"ts":1695112,"c1":{"x":-432,"y":-673,"vitesse":0,"dist_cm":79}}
✅ JSON détecté sur FABLAB_21_22/RADAR/salle104. Champs numériques extraits: 6
⏳ Ignoré (throttle): FABLAB_21_22/RADAR/salle104/nb, dernier insert il y a 14s
⏳ Ignoré (throttle): FABLAB_21_22/RADAR/salle104/presence, dernier insert il y a 11s
⏳ Ignoré (throttle): FABLAB_21_22/RADAR/salle104/c1_x, dernier insert il y a 29s
⏳ Ignoré (throttle): FABLAB_21_22/RADAR/salle104/c1_y, dernier insert il y a 29s
⏳ Ignoré (throttle): FABLAB_21_22/RADAR/salle104/c1_vitesse, dernier insert il y a 29s
⏳ Ignoré (throttle): FABLAB_21_22/RADAR/salle104/c1_dist_cm, dernier insert il y a 29s
🔔 Message MQTT [FABLAB_21_22/RADAR/salle104] : {"nb":1,"presence":true,"ts":1698112,"c1":{"x":-401,"y":-891,"vitesse":0,"dist_cm":97}}
✅ JSON détecté sur FABLAB_21_22/RADAR/salle104. Champs numériques extraits: 6
⏳ Ignoré (throttle): FABLAB_21_22/RADAR/salle104/nb, dernier insert il y a 18s
⏳ Ignoré (throttle): FABLAB_21_22/RADAR/salle104/presence, dernier insert il y a 15s
⏳ Ignoré (throttle): FABLAB_21_22/RADAR/salle104/c1_x, dernier insert il y a 32s
⏳ Ignoré (throttle): FABLAB_21_22/RADAR/salle104/c1_y, dernier insert il y a 32s
⏳ Ignoré (throttle): FABLAB_21_22/RADAR/salle104/c1_vitesse, dernier insert il y a 32s
⏳ Ignoré (throttle): FABLAB_21_22/RADAR/salle104/c1_dist_cm, dernier insert il y a 32s
🔔 Message MQTT [FABLAB_21_22/RADAR/salle104] : {"nb":1,"presence":true,"ts":1701112,"c1":{"x":-431,"y":-960,"vitesse":0,"dist_cm":105}}
✅ JSON détecté sur FABLAB_21_22/RADAR/salle104. Champs numériques extraits: 6
⏳ Ignoré (throttle): FABLAB_21_22/RADAR/salle104/nb, dernier insert il y a 20s
⏳ Ignoré (throttle): FABLAB_21_22/RADAR/salle104/presence, dernier insert il y a 18s
⏳ Ignoré (throttle): FABLAB_21_22/RADAR/salle104/c1_x, dernier insert il y a 35s
⏳ Ignoré (throttle): FABLAB_21_22/RADAR/salle104/c1_y, dernier insert il y a 35s
⏳ Ignoré (throttle): FABLAB_21_22/RADAR/salle104/c1_vitesse, dernier insert il y a 35s
⏳ Ignoré (throttle): FABLAB_21_22/RADAR/salle104/c1_dist_cm, dernier insert il y a 35s
🔔 Message MQTT [FABLAB_21_22/RADAR/salle104] : {"nb":1,"presence":true,"ts":1704112,"c1":{"x":-853,"y":-928,"vitesse":0,"dist_cm":126}}
✅ JSON détecté sur FABLAB_21_22/RADAR/salle104. Champs numériques extraits: 6
⏳ Ignoré (throttle): FABLAB_21_22/RADAR/salle104/nb, dernier insert il y a 23s
⏳ Ignoré (throttle): FABLAB_21_22/RADAR/salle104/presence, dernier insert il y a 20s
⏳ Ignoré (throttle): FABLAB_21_22/RADAR/salle104/c1_x, dernier insert il y a 38s
⏳ Ignoré (throttle): FABLAB_21_22/RADAR/salle104/c1_y, dernier insert il y a 38s
⏳ Ignoré (throttle): FABLAB_21_22/RADAR/salle104/c1_vitesse, dernier insert il y a 38s
⏳ Ignoré (throttle): FABLAB_21_22/RADAR/salle104/c1_dist_cm, dernier insert il y a 38s
🔔 Message MQTT [FABLAB_21_22/RADAR/salle104] : {"nb":1,"presence":true,"ts":1707112,"c1":{"x":-444,"y":-542,"vitesse":24,"dist_cm":70}}
✅ JSON détecté sur FABLAB_21_22/RADAR/salle104. Champs numériques extraits: 6
⏳ Ignoré (throttle): FABLAB_21_22/RADAR/salle104/nb, dernier insert il y a 27s
⏳ Ignoré (throttle): FABLAB_21_22/RADAR/salle104/presence, dernier insert il y a 24s
⏳ Ignoré (throttle): FABLAB_21_22/RADAR/salle104/c1_x, dernier insert il y a 41s
⏳ Ignoré (throttle): FABLAB_21_22/RADAR/salle104/c1_y, dernier insert il y a 41s
⏳ Ignoré (throttle): FABLAB_21_22/RADAR/salle104/c1_vitesse, dernier insert il y a 41s
⏳ Ignoré (throttle): FABLAB_21_22/RADAR/salle104/c1_dist_cm, dernier insert il y a 41s
🔔 Message MQTT [FABLAB_21_22/RADAR/salle104] : {"nb":1,"presence":true,"ts":1710112,"c1":{"x":-332,"y":-595,"vitesse":-79,"dist_cm":68}}
✅ JSON détecté sur FABLAB_21_22/RADAR/salle104. Champs numériques extraits: 6
⏳ Ignoré (throttle): FABLAB_21_22/RADAR/salle104/nb, dernier insert il y a 30s
⏳ Ignoré (throttle): FABLAB_21_22/RADAR/salle104/presence, dernier insert il y a 27s
⏳ Ignoré (throttle): FABLAB_21_22/RADAR/salle104/c1_x, dernier insert il y a 45s
⏳ Ignoré (throttle): FABLAB_21_22/RADAR/salle104/c1_y, dernier insert il y a 44s
⏳ Ignoré (throttle): FABLAB_21_22/RADAR/salle104/c1_vitesse, dernier insert il y a 44s
⏳ Ignoré (throttle): FABLAB_21_22/RADAR/salle104/c1_dist_cm, dernier insert il y a 44s
🔔 Message MQTT [FABLAB_21_22/RADAR/salle104] : {"nb":1,"presence":true,"ts":1713112,"c1":{"x":271,"y":-934,"vitesse":16,"dist_cm":97}}
✅ JSON détecté sur FABLAB_21_22/RADAR/salle104. Champs numériques extraits: 6
⏳ Ignoré (throttle): FABLAB_21_22/RADAR/salle104/nb, dernier insert il y a 33s
⏳ Ignoré (throttle): FABLAB_21_22/RADAR/salle104/presence, dernier insert il y a 30s
⏳ Ignoré (throttle): FABLAB_21_22/RADAR/salle104/c1_x, dernier insert il y a 47s
⏳ Ignoré (throttle): FABLAB_21_22/RADAR/salle104/c1_y, dernier insert il y a 47s
⏳ Ignoré (throttle): FABLAB_21_22/RADAR/salle104/c1_vitesse, dernier insert il y a 47s
⏳ Ignoré (throttle): FABLAB_21_22/RADAR/salle104/c1_dist_cm, dernier insert il y a 47s
🔔 Message MQTT [FABLAB_21_22/RADAR/salle104] : {"nb":1,"presence":true,"ts":1716112,"c1":{"x":-477,"y":-1111,"vitesse":8,"dist_cm":120}}
✅ JSON détecté sur FABLAB_21_22/RADAR/salle104. Champs numériques extraits: 6
⏳ Ignoré (throttle): FABLAB_21_22/RADAR/salle104/nb, dernier insert il y a 35s
⏳ Ignoré (throttle): FABLAB_21_22/RADAR/salle104/presence, dernier insert il y a 33s
⏳ Ignoré (throttle): FABLAB_21_22/RADAR/salle104/c1_x, dernier insert il y a 50s
⏳ Ignoré (throttle): FABLAB_21_22/RADAR/salle104/c1_y, dernier insert il y a 50s
⏳ Ignoré (throttle): FABLAB_21_22/RADAR/salle104/c1_vitesse, dernier insert il y a 50s
⏳ Ignoré (throttle): FABLAB_21_22/RADAR/salle104/c1_dist_cm, dernier insert il y a 50s
🔔 Message MQTT [FABLAB_21_22/RADAR/salle104] : {"nb":1,"presence":true,"ts":1719112,"c1":{"x":485,"y":-1207,"vitesse":0,"dist_cm":130}}
✅ JSON détecté sur FABLAB_21_22/RADAR/salle104. Champs numériques extraits: 6
⏳ Ignoré (throttle): FABLAB_21_22/RADAR/salle104/nb, dernier insert il y a 38s
⏳ Ignoré (throttle): FABLAB_21_22/RADAR/salle104/presence, dernier insert il y a 35s
⏳ Ignoré (throttle): FABLAB_21_22/RADAR/salle104/c1_x, dernier insert il y a 53s
⏳ Ignoré (throttle): FABLAB_21_22/RADAR/salle104/c1_y, dernier insert il y a 53s
⏳ Ignoré (throttle): FABLAB_21_22/RADAR/salle104/c1_vitesse, dernier insert il y a 53s
⏳ Ignoré (throttle): FABLAB_21_22/RADAR/salle104/c1_dist_cm, dernier insert il y a 53s
🔔 Message MQTT [FABLAB_21_22/RADAR/salle104] : {"nb":1,"presence":true,"ts":1722112,"c1":{"x":545,"y":-970,"vitesse":8,"dist_cm":111}}
✅ JSON détecté sur FABLAB_21_22/RADAR/salle104. Champs numériques extraits: 6
⏳ Ignoré (throttle): FABLAB_21_22/RADAR/salle104/nb, dernier insert il y a 41s
⏳ Ignoré (throttle): FABLAB_21_22/RADAR/salle104/presence, dernier insert il y a 39s
⏳ Ignoré (throttle): FABLAB_21_22/RADAR/salle104/c1_x, dernier insert il y a 56s
⏳ Ignoré (throttle): FABLAB_21_22/RADAR/salle104/c1_y, dernier insert il y a 56s
⏳ Ignoré (throttle): FABLAB_21_22/RADAR/salle104/c1_vitesse, dernier insert il y a 56s
⏳ Ignoré (throttle): FABLAB_21_22/RADAR/salle104/c1_dist_cm, dernier insert il y a 56s
🔔 Message MQTT [FABLAB_21_22/RADAR/salle104] : {"nb":1,"presence":true,"ts":1725112,"c1":{"x":382,"y":-1525,"vitesse":39,"dist_cm":157}}
✅ JSON détecté sur FABLAB_21_22/RADAR/salle104. Champs numériques extraits: 6
⏳ Ignoré (throttle): FABLAB_21_22/RADAR/salle104/nb, dernier insert il y a 45s
⏳ Ignoré (throttle): FABLAB_21_22/RADAR/salle104/presence, dernier insert il y a 42s
⏳ Ignoré (throttle): FABLAB_21_22/RADAR/salle104/c1_x, dernier insert il y a 59s
⏳ Ignoré (throttle): FABLAB_21_22/RADAR/salle104/c1_y, dernier insert il y a 59s
⏳ Ignoré (throttle): FABLAB_21_22/RADAR/salle104/c1_vitesse, dernier insert il y a 59s
⏳ Ignoré (throttle): FABLAB_21_22/RADAR/salle104/c1_dist_cm, dernier insert il y a 59s
🔔 Message MQTT [FABLAB_21_22/RADAR/salle104] : {"nb":1,"presence":true,"ts":1728112,"c1":{"x":114,"y":-621,"vitesse":-64,"dist_cm":63}}
✅ JSON détecté sur FABLAB_21_22/RADAR/salle104. Champs numériques extraits: 6
⏳ Ignoré (throttle): FABLAB_21_22/RADAR/salle104/nb, dernier insert il y a 48s
⏳ Ignoré (throttle): FABLAB_21_22/RADAR/salle104/presence, dernier insert il y a 45s
💾 Sauvé: FABLAB_21_22/RADAR/salle104/c1_x = 114.0
💾 Sauvé: FABLAB_21_22/RADAR/salle104/c1_y = -621.0
💾 Sauvé: FABLAB_21_22/RADAR/salle104/c1_vitesse = -64.0
💾 Sauvé: FABLAB_21_22/RADAR/salle104/c1_dist_cm = 63.0
🔔 Message MQTT [FABLAB_21_22/RADAR/salle104] : {"nb":1,"presence":true,"ts":1731112,"c1":{"x":322,"y":-830,"vitesse":8,"dist_cm":89}}
✅ JSON détecté sur FABLAB_21_22/RADAR/salle104. Champs numériques extraits: 6
⏳ Ignoré (throttle): FABLAB_21_22/RADAR/salle104/nb, dernier insert il y a 51s
⏳ Ignoré (throttle): FABLAB_21_22/RADAR/salle104/presence, dernier insert il y a 48s
⏳ Ignoré (throttle): FABLAB_21_22/RADAR/salle104/c1_x, dernier insert il y a 3s
⏳ Ignoré (throttle): FABLAB_21_22/RADAR/salle104/c1_y, dernier insert il y a 2s
⏳ Ignoré (throttle): FABLAB_21_22/RADAR/salle104/c1_vitesse, dernier insert il y a 2s
⏳ Ignoré (throttle): FABLAB_21_22/RADAR/salle104/c1_dist_cm, dernier insert il y a 2s
🔔 Message MQTT [FABLAB_21_22/RADAR/salle104] : {"nb":1,"presence":true,"ts":1734112,"c1":{"x":39,"y":-680,"vitesse":0,"dist_cm":68}}
✅ JSON détecté sur FABLAB_21_22/RADAR/salle104. Champs numériques extraits: 6
⏳ Ignoré (throttle): FABLAB_21_22/RADAR/salle104/nb, dernier insert il y a 54s
⏳ Ignoré (throttle): FABLAB_21_22/RADAR/salle104/presence, dernier insert il y a 51s
⏳ Ignoré (throttle): FABLAB_21_22/RADAR/salle104/c1_x, dernier insert il y a 5s
⏳ Ignoré (throttle): FABLAB_21_22/RADAR/salle104/c1_y, dernier insert il y a 5s
⏳ Ignoré (throttle): FABLAB_21_22/RADAR/salle104/c1_vitesse, dernier insert il y a 5s
⏳ Ignoré (throttle): FABLAB_21_22/RADAR/salle104/c1_dist_cm, dernier insert il y a 5s
🔔 Message MQTT [FABLAB_21_22/RADAR/salle104] : {"nb":1,"presence":true,"ts":1737112,"c1":{"x":-57,"y":-560,"vitesse":0,"dist_cm":56}}
✅ JSON détecté sur FABLAB_21_22/RADAR/salle104. Champs numériques extraits: 6
⏳ Ignoré (throttle): FABLAB_21_22/RADAR/salle104/nb, dernier insert il y a 56s
⏳ Ignoré (throttle): FABLAB_21_22/RADAR/salle104/presence, dernier insert il y a 53s
⏳ Ignoré (throttle): FABLAB_21_22/RADAR/salle104/c1_x, dernier insert il y a 8s
⏳ Ignoré (throttle): FABLAB_21_22/RADAR/salle104/c1_y, dernier insert il y a 8s
⏳ Ignoré (throttle): FABLAB_21_22/RADAR/salle104/c1_vitesse, dernier insert il y a 8s
⏳ Ignoré (throttle): FABLAB_21_22/RADAR/salle104/c1_dist_cm, dernier insert il y a 8s
🔔 Message MQTT [FABLAB_21_22/RADAR/salle104] : {"nb":1,"presence":true,"ts":1740112,"c1":{"x":-92,"y":-519,"vitesse":-16,"dist_cm":52}}
✅ JSON détecté sur FABLAB_21_22/RADAR/salle104. Champs numériques extraits: 6
💾 Sauvé: FABLAB_21_22/RADAR/salle104/nb = 1.0
⏳ Ignoré (throttle): FABLAB_21_22/RADAR/salle104/presence, dernier insert il y a 57s
⏳ Ignoré (throttle): FABLAB_21_22/RADAR/salle104/c1_x, dernier insert il y a 12s
⏳ Ignoré (throttle): FABLAB_21_22/RADAR/salle104/c1_y, dernier insert il y a 12s
⏳ Ignoré (throttle): FABLAB_21_22/RADAR/salle104/c1_vitesse, dernier insert il y a 11s
⏳ Ignoré (throttle): FABLAB_21_22/RADAR/salle104/c1_dist_cm, dernier insert il y a 11s
🔔 Message MQTT [FABLAB_21_22/RADAR/salle104] : {"nb":1,"presence":true,"ts":1743112,"c1":{"x":76,"y":-626,"vitesse":0,"dist_cm":63}}
✅ JSON détecté sur FABLAB_21_22/RADAR/salle104. Champs numériques extraits: 6
⏳ Ignoré (throttle): FABLAB_21_22/RADAR/salle104/nb, dernier insert il y a 3s
💾 Sauvé: FABLAB_21_22/RADAR/salle104/presence = 1.0
⏳ Ignoré (throttle): FABLAB_21_22/RADAR/salle104/c1_x, dernier insert il y a 15s
⏳ Ignoré (throttle): FABLAB_21_22/RADAR/salle104/c1_y, dernier insert il y a 15s
⏳ Ignoré (throttle): FABLAB_21_22/RADAR/salle104/c1_vitesse, dernier insert il y a 15s
⏳ Ignoré (throttle): FABLAB_21_22/RADAR/salle104/c1_dist_cm, dernier insert il y a 15s
🔔 Message MQTT [FABLAB_21_22/RADAR/salle104] : {"nb":1,"presence":true,"ts":1746112,"c1":{"x":-559,"y":-761,"vitesse":0,"dist_cm":94}}
✅ JSON détecté sur FABLAB_21_22/RADAR/salle104. Champs numériques extraits: 6
⏳ Ignoré (throttle): FABLAB_21_22/RADAR/salle104/nb, dernier insert il y a 5s
⏳ Ignoré (throttle): FABLAB_21_22/RADAR/salle104/presence, dernier insert il y a 2s
⏳ Ignoré (throttle): FABLAB_21_22/RADAR/salle104/c1_x, dernier insert il y a 17s
⏳ Ignoré (throttle): FABLAB_21_22/RADAR/salle104/c1_y, dernier insert il y a 17s
⏳ Ignoré (throttle): FABLAB_21_22/RADAR/salle104/c1_vitesse, dernier insert il y a 17s
⏳ Ignoré (throttle): FABLAB_21_22/RADAR/salle104/c1_dist_cm, dernier insert il y a 17s
🔔 Message MQTT [FABLAB_21_22/RADAR/salle104] : {"nb":1,"presence":true,"ts":1749112,"c1":{"x":-269,"y":-642,"vitesse":0,"dist_cm":69}}
✅ JSON détecté sur FABLAB_21_22/RADAR/salle104. Champs numériques extraits: 6
⏳ Ignoré (throttle): FABLAB_21_22/RADAR/salle104/nb, dernier insert il y a 8s
⏳ Ignoré (throttle): FABLAB_21_22/RADAR/salle104/presence, dernier insert il y a 5s
⏳ Ignoré (throttle): FABLAB_21_22/RADAR/salle104/c1_x, dernier insert il y a 20s
⏳ Ignoré (throttle): FABLAB_21_22/RADAR/salle104/c1_y, dernier insert il y a 20s
⏳ Ignoré (throttle): FABLAB_21_22/RADAR/salle104/c1_vitesse, dernier insert il y a 20s
⏳ Ignoré (throttle): FABLAB_21_22/RADAR/salle104/c1_dist_cm, dernier insert il y a 20s
🔔 Message MQTT [FABLAB_21_22/RADAR/salle104] : {"nb":1,"presence":true,"ts":1752112,"c1":{"x":-194,"y":-566,"vitesse":0,"dist_cm":59}}
✅ JSON détecté sur FABLAB_21_22/RADAR/salle104. Champs numériques extraits: 6
⏳ Ignoré (throttle): FABLAB_21_22/RADAR/salle104/nb, dernier insert il y a 11s
⏳ Ignoré (throttle): FABLAB_21_22/RADAR/salle104/presence, dernier insert il y a 8s
⏳ Ignoré (throttle): FABLAB_21_22/RADAR/salle104/c1_x, dernier insert il y a 23s
⏳ Ignoré (throttle): FABLAB_21_22/RADAR/salle104/c1_y, dernier insert il y a 23s
⏳ Ignoré (throttle): FABLAB_21_22/RADAR/salle104/c1_vitesse, dernier insert il y a 23s
⏳ Ignoré (throttle): FABLAB_21_22/RADAR/salle104/c1_dist_cm, dernier insert il y a 23s
🔔 Message MQTT [FABLAB_21_22/RADAR/salle104] : {"nb":1,"presence":true,"ts":1755112,"c1":{"x":-144,"y":-511,"vitesse":0,"dist_cm":53}}
✅ JSON détecté sur FABLAB_21_22/RADAR/salle104. Champs numériques extraits: 6
⏳ Ignoré (throttle): FABLAB_21_22/RADAR/salle104/nb, dernier insert il y a 14s
⏳ Ignoré (throttle): FABLAB_21_22/RADAR/salle104/presence, dernier insert il y a 11s
⏳ Ignoré (throttle): FABLAB_21_22/RADAR/salle104/c1_x, dernier insert il y a 26s
⏳ Ignoré (throttle): FABLAB_21_22/RADAR/salle104/c1_y, dernier insert il y a 26s
⏳ Ignoré (throttle): FABLAB_21_22/RADAR/salle104/c1_vitesse, dernier insert il y a 26s
⏳ Ignoré (throttle): FABLAB_21_22/RADAR/salle104/c1_dist_cm, dernier insert il y a 26s
🔔 Message MQTT [FABLAB_21_22/RADAR/salle104] : {"nb":1,"presence":true,"ts":1758112,"c1":{"x":379,"y":-966,"vitesse":-24,"dist_cm":103}}
✅ JSON détecté sur FABLAB_21_22/RADAR/salle104. Champs numériques extraits: 6
⏳ Ignoré (throttle): FABLAB_21_22/RADAR/salle104/nb, dernier insert il y a 17s
⏳ Ignoré (throttle): FABLAB_21_22/RADAR/salle104/presence, dernier insert il y a 14s
⏳ Ignoré (throttle): FABLAB_21_22/RADAR/salle104/c1_x, dernier insert il y a 29s
⏳ Ignoré (throttle): FABLAB_21_22/RADAR/salle104/c1_y, dernier insert il y a 29s
⏳ Ignoré (throttle): FABLAB_21_22/RADAR/salle104/c1_vitesse, dernier insert il y a 29s
⏳ Ignoré (throttle): FABLAB_21_22/RADAR/salle104/c1_dist_cm, dernier insert il y a 29s
🔔 Message MQTT [FABLAB_21_22/tasmota/tele/tasmota_071D00/STATE] : {"Time":"2026-05-05T14:21:52","Uptime":"18T03:30:13","UptimeSec":1567813,"Heap":184,"SleepMode":"Dynamic","Sleep":50,"LoadAvg":19,"MqttCount":1,"Berry":{"HeapUsed":4,"Objects":55},"POWER":"ON","Wifi":{"AP":1,"SSId":"Fablab_104","BSSId":"40:ED:00:CD:4B:EB","Channel":6,"Mode":"HT20","RSSI":68,"Signal":-66,"LinkCount":1,"Downtime":"0T00:00:03"},"Hostname":"tasmota-071D00-7424","IPAddress":"192.168.0.31"}
✅ JSON détecté sur FABLAB_21_22/tasmota/tele/tasmota_071D00/STATE. Champs numériques extraits: 12
💾 Sauvé: FABLAB_21_22/tasmota/tele/tasmota_071D00/STATE/uptimesec = 1567813.0
💾 Sauvé: FABLAB_21_22/tasmota/tele/tasmota_071D00/STATE/heap = 184.0
💾 Sauvé: FABLAB_21_22/tasmota/tele/tasmota_071D00/STATE/sleep = 50.0
💾 Sauvé: FABLAB_21_22/tasmota/tele/tasmota_071D00/STATE/loadavg = 19.0
💾 Sauvé: FABLAB_21_22/tasmota/tele/tasmota_071D00/STATE/mqttcount = 1.0
💾 Sauvé: FABLAB_21_22/tasmota/tele/tasmota_071D00/STATE/berry_heapused = 4.0
💾 Sauvé: FABLAB_21_22/tasmota/tele/tasmota_071D00/STATE/berry_objects = 55.0
💾 Sauvé: FABLAB_21_22/tasmota/tele/tasmota_071D00/STATE/wifi_ap = 1.0
💾 Sauvé: FABLAB_21_22/tasmota/tele/tasmota_071D00/STATE/wifi_channel = 6.0
💾 Sauvé: FABLAB_21_22/tasmota/tele/tasmota_071D00/STATE/wifi_rssi = 68.0
💾 Sauvé: FABLAB_21_22/tasmota/tele/tasmota_071D00/STATE/wifi_signal = -66.0
💾 Sauvé: FABLAB_21_22/tasmota/tele/tasmota_071D00/STATE/wifi_linkcount = 1.0
🔔 Message MQTT [FABLAB_21_22/tasmota/tele/tasmota_071D00/SENSOR] : {"Time":"2026-05-05T14:21:52","ENERGY":{"TotalStartTime":"2026-04-01T07:06:06","Total":0.500,"Yesterday":0.001,"Today":0.001,"Period":0,"Power":0,"ApparentPower":0,"ReactivePower":0,"Factor":0.00,"Voltage":243,"Current":0.000}}
✅ JSON détecté sur FABLAB_21_22/tasmota/tele/tasmota_071D00/SENSOR. Champs numériques extraits: 10
💾 Sauvé: FABLAB_21_22/tasmota/tele/tasmota_071D00/SENSOR/energy_total = 0.5
💾 Sauvé: FABLAB_21_22/tasmota/tele/tasmota_071D00/SENSOR/energy_yesterday = 0.001
💾 Sauvé: FABLAB_21_22/tasmota/tele/tasmota_071D00/SENSOR/energy_today = 0.001
💾 Sauvé: FABLAB_21_22/tasmota/tele/tasmota_071D00/SENSOR/energy_period = 0.0
💾 Sauvé: FABLAB_21_22/tasmota/tele/tasmota_071D00/SENSOR/energy_power = 0.0
💾 Sauvé: FABLAB_21_22/tasmota/tele/tasmota_071D00/SENSOR/energy_apparentpower = 0.0
💾 Sauvé: FABLAB_21_22/tasmota/tele/tasmota_071D00/SENSOR/energy_reactivepower = 0.0
💾 Sauvé: FABLAB_21_22/tasmota/tele/tasmota_071D00/SENSOR/energy_factor = 0.0
💾 Sauvé: FABLAB_21_22/tasmota/tele/tasmota_071D00/SENSOR/energy_voltage = 243.0
💾 Sauvé: FABLAB_21_22/tasmota/tele/tasmota_071D00/SENSOR/energy_current = 0.0
🔔 Message MQTT [FABLAB_21_22/RADAR/salle104] : {"nb":1,"presence":true,"ts":1761112,"c1":{"x":267,"y":-937,"vitesse":-8,"dist_cm":97}}
✅ JSON détecté sur FABLAB_21_22/RADAR/salle104. Champs numériques extraits: 6
⏳ Ignoré (throttle): FABLAB_21_22/RADAR/salle104/nb, dernier insert il y a 25s
⏳ Ignoré (throttle): FABLAB_21_22/RADAR/salle104/presence, dernier insert il y a 22s
⏳ Ignoré (throttle): FABLAB_21_22/RADAR/salle104/c1_x, dernier insert il y a 37s
⏳ Ignoré (throttle): FABLAB_21_22/RADAR/salle104/c1_y, dernier insert il y a 37s
⏳ Ignoré (throttle): FABLAB_21_22/RADAR/salle104/c1_vitesse, dernier insert il y a 36s
⏳ Ignoré (throttle): FABLAB_21_22/RADAR/salle104/c1_dist_cm, dernier insert il y a 36s
🔔 Message MQTT [FABLAB_21_22/RADAR/salle104] : {"nb":1,"presence":true,"ts":1764112,"c1":{"x":162,"y":-895,"vitesse":8,"dist_cm":90}}
✅ JSON détecté sur FABLAB_21_22/RADAR/salle104. Champs numériques extraits: 6
⏳ Ignoré (throttle): FABLAB_21_22/RADAR/salle104/nb, dernier insert il y a 25s
⏳ Ignoré (throttle): FABLAB_21_22/RADAR/salle104/presence, dernier insert il y a 22s
⏳ Ignoré (throttle): FABLAB_21_22/RADAR/salle104/c1_x, dernier insert il y a 37s
⏳ Ignoré (throttle): FABLAB_21_22/RADAR/salle104/c1_y, dernier insert il y a 37s
⏳ Ignoré (throttle): FABLAB_21_22/RADAR/salle104/c1_vitesse, dernier insert il y a 36s
⏳ Ignoré (throttle): FABLAB_21_22/RADAR/salle104/c1_dist_cm, dernier insert il y a 36s
🔔 Message MQTT [FABLAB_21_22/RADAR/salle104] : {"nb":1,"presence":true,"ts":1767112,"c1":{"x":150,"y":-835,"vitesse":0,"dist_cm":84}}
✅ JSON détecté sur FABLAB_21_22/RADAR/salle104. Champs numériques extraits: 6
⏳ Ignoré (throttle): FABLAB_21_22/RADAR/salle104/nb, dernier insert il y a 26s
⏳ Ignoré (throttle): FABLAB_21_22/RADAR/salle104/presence, dernier insert il y a 23s
⏳ Ignoré (throttle): FABLAB_21_22/RADAR/salle104/c1_x, dernier insert il y a 38s
⏳ Ignoré (throttle): FABLAB_21_22/RADAR/salle104/c1_y, dernier insert il y a 38s
⏳ Ignoré (throttle): FABLAB_21_22/RADAR/salle104/c1_vitesse, dernier insert il y a 38s
⏳ Ignoré (throttle): FABLAB_21_22/RADAR/salle104/c1_dist_cm, dernier insert il y a 38s
🔔 Message MQTT [FABLAB_21_22/RADAR/salle104] : {"nb":1,"presence":true,"ts":1770112,"c1":{"x":92,"y":-812,"vitesse":-32,"dist_cm":81}}
✅ JSON détecté sur FABLAB_21_22/RADAR/salle104. Champs numériques extraits: 6
⏳ Ignoré (throttle): FABLAB_21_22/RADAR/salle104/nb, dernier insert il y a 29s
⏳ Ignoré (throttle): FABLAB_21_22/RADAR/salle104/presence, dernier insert il y a 26s
⏳ Ignoré (throttle): FABLAB_21_22/RADAR/salle104/c1_x, dernier insert il y a 41s
⏳ Ignoré (throttle): FABLAB_21_22/RADAR/salle104/c1_y, dernier insert il y a 41s
⏳ Ignoré (throttle): FABLAB_21_22/RADAR/salle104/c1_vitesse, dernier insert il y a 41s
⏳ Ignoré (throttle): FABLAB_21_22/RADAR/salle104/c1_dist_cm, dernier insert il y a 41s
🔔 Message MQTT [FABLAB_21_22/RADAR/salle104] : {"nb":1,"presence":true,"ts":1773112,"c1":{"x":107,"y":-728,"vitesse":-16,"dist_cm":73}}
✅ JSON détecté sur FABLAB_21_22/RADAR/salle104. Champs numériques extraits: 6
⏳ Ignoré (throttle): FABLAB_21_22/RADAR/salle104/nb, dernier insert il y a 32s
⏳ Ignoré (throttle): FABLAB_21_22/RADAR/salle104/presence, dernier insert il y a 29s
⏳ Ignoré (throttle): FABLAB_21_22/RADAR/salle104/c1_x, dernier insert il y a 44s
⏳ Ignoré (throttle): FABLAB_21_22/RADAR/salle104/c1_y, dernier insert il y a 44s
⏳ Ignoré (throttle): FABLAB_21_22/RADAR/salle104/c1_vitesse, dernier insert il y a 44s
⏳ Ignoré (throttle): FABLAB_21_22/RADAR/salle104/c1_dist_cm, dernier insert il y a 44s
🔔 Message MQTT [FABLAB_21_22/RADAR/salle104] : {"nb":1,"presence":true,"ts":1776112,"c1":{"x":236,"y":-762,"vitesse":8,"dist_cm":79}}
✅ JSON détecté sur FABLAB_21_22/RADAR/salle104. Champs numériques extraits: 6
⏳ Ignoré (throttle): FABLAB_21_22/RADAR/salle104/nb, dernier insert il y a 35s
⏳ Ignoré (throttle): FABLAB_21_22/RADAR/salle104/presence, dernier insert il y a 32s
⏳ Ignoré (throttle): FABLAB_21_22/RADAR/salle104/c1_x, dernier insert il y a 47s
⏳ Ignoré (throttle): FABLAB_21_22/RADAR/salle104/c1_y, dernier insert il y a 47s
⏳ Ignoré (throttle): FABLAB_21_22/RADAR/salle104/c1_vitesse, dernier insert il y a 47s
⏳ Ignoré (throttle): FABLAB_21_22/RADAR/salle104/c1_dist_cm, dernier insert il y a 47s
🔔 Message MQTT [FABLAB_21_22/RADAR/salle104] : {"nb":1,"presence":true,"ts":1779112,"c1":{"x":132,"y":-806,"vitesse":0,"dist_cm":81}}
✅ JSON détecté sur FABLAB_21_22/RADAR/salle104. Champs numériques extraits: 6
⏳ Ignoré (throttle): FABLAB_21_22/RADAR/salle104/nb, dernier insert il y a 38s
⏳ Ignoré (throttle): FABLAB_21_22/RADAR/salle104/presence, dernier insert il y a 35s
⏳ Ignoré (throttle): FABLAB_21_22/RADAR/salle104/c1_x, dernier insert il y a 50s
⏳ Ignoré (throttle): FABLAB_21_22/RADAR/salle104/c1_y, dernier insert il y a 50s
⏳ Ignoré (throttle): FABLAB_21_22/RADAR/salle104/c1_vitesse, dernier insert il y a 50s
⏳ Ignoré (throttle): FABLAB_21_22/RADAR/salle104/c1_dist_cm, dernier insert il y a 50s
🔔 Message MQTT [FABLAB_21_22/RADAR/salle104] : {"nb":1,"presence":true,"ts":1782112,"c1":{"x":-104,"y":-578,"vitesse":-8,"dist_cm":58}}
✅ JSON détecté sur FABLAB_21_22/RADAR/salle104. Champs numériques extraits: 6
⏳ Ignoré (throttle): FABLAB_21_22/RADAR/salle104/nb, dernier insert il y a 41s
⏳ Ignoré (throttle): FABLAB_21_22/RADAR/salle104/presence, dernier insert il y a 38s
⏳ Ignoré (throttle): FABLAB_21_22/RADAR/salle104/c1_x, dernier insert il y a 53s
⏳ Ignoré (throttle): FABLAB_21_22/RADAR/salle104/c1_y, dernier insert il y a 53s
⏳ Ignoré (throttle): FABLAB_21_22/RADAR/salle104/c1_vitesse, dernier insert il y a 53s
⏳ Ignoré (throttle): FABLAB_21_22/RADAR/salle104/c1_dist_cm, dernier insert il y a 53s
🔔 Message MQTT [FABLAB_21_22/RADAR/salle104] : {"nb":1,"presence":true,"ts":1785112,"c1":{"x":-793,"y":-870,"vitesse":-8,"dist_cm":117}}
✅ JSON détecté sur FABLAB_21_22/RADAR/salle104. Champs numériques extraits: 6
⏳ Ignoré (throttle): FABLAB_21_22/RADAR/salle104/nb, dernier insert il y a 44s
⏳ Ignoré (throttle): FABLAB_21_22/RADAR/salle104/presence, dernier insert il y a 41s
⏳ Ignoré (throttle): FABLAB_21_22/RADAR/salle104/c1_x, dernier insert il y a 56s
⏳ Ignoré (throttle): FABLAB_21_22/RADAR/salle104/c1_y, dernier insert il y a 56s
⏳ Ignoré (throttle): FABLAB_21_22/RADAR/salle104/c1_vitesse, dernier insert il y a 56s
⏳ Ignoré (throttle): FABLAB_21_22/RADAR/salle104/c1_dist_cm, dernier insert il y a 56s
🔔 Message MQTT [FABLAB_21_22/RADAR/salle104] : {"nb":1,"presence":true,"ts":1788112,"c1":{"x":-613,"y":-863,"vitesse":0,"dist_cm":105}}
✅ JSON détecté sur FABLAB_21_22/RADAR/salle104. Champs numériques extraits: 6
⏳ Ignoré (throttle): FABLAB_21_22/RADAR/salle104/nb, dernier insert il y a 47s
⏳ Ignoré (throttle): FABLAB_21_22/RADAR/salle104/presence, dernier insert il y a 44s
⏳ Ignoré (throttle): FABLAB_21_22/RADAR/salle104/c1_x, dernier insert il y a 59s
⏳ Ignoré (throttle): FABLAB_21_22/RADAR/salle104/c1_y, dernier insert il y a 59s
⏳ Ignoré (throttle): FABLAB_21_22/RADAR/salle104/c1_vitesse, dernier insert il y a 59s
⏳ Ignoré (throttle): FABLAB_21_22/RADAR/salle104/c1_dist_cm, dernier insert il y a 59s
🔔 Message MQTT [FABLAB_21_22/RADAR/salle104] : {"nb":1,"presence":true,"ts":1791112,"c1":{"x":599,"y":-1271,"vitesse":-8,"dist_cm":140}}
✅ JSON détecté sur FABLAB_21_22/RADAR/salle104. Champs numériques extraits: 6
⏳ Ignoré (throttle): FABLAB_21_22/RADAR/salle104/nb, dernier insert il y a 50s
⏳ Ignoré (throttle): FABLAB_21_22/RADAR/salle104/presence, dernier insert il y a 47s
💾 Sauvé: FABLAB_21_22/RADAR/salle104/c1_x = 599.0
💾 Sauvé: FABLAB_21_22/RADAR/salle104/c1_y = -1271.0
💾 Sauvé: FABLAB_21_22/RADAR/salle104/c1_vitesse = -8.0
💾 Sauvé: FABLAB_21_22/RADAR/salle104/c1_dist_cm = 140.0
🔔 Message MQTT [FABLAB_21_22/RADAR/salle104] : {"nb":1,"presence":true,"ts":1794112,"c1":{"x":-596,"y":-823,"vitesse":0,"dist_cm":101}}
✅ JSON détecté sur FABLAB_21_22/RADAR/salle104. Champs numériques extraits: 6
⏳ Ignoré (throttle): FABLAB_21_22/RADAR/salle104/nb, dernier insert il y a 53s
⏳ Ignoré (throttle): FABLAB_21_22/RADAR/salle104/presence, dernier insert il y a 50s
⏳ Ignoré (throttle): FABLAB_21_22/RADAR/salle104/c1_x, dernier insert il y a 2s
⏳ Ignoré (throttle): FABLAB_21_22/RADAR/salle104/c1_y, dernier insert il y a 2s
⏳ Ignoré (throttle): FABLAB_21_22/RADAR/salle104/c1_vitesse, dernier insert il y a 2s
⏳ Ignoré (throttle): FABLAB_21_22/RADAR/salle104/c1_dist_cm, dernier insert il y a 2s
🔔 Message MQTT [FABLAB_21_22/RADAR/salle104] : {"nb":1,"presence":true,"ts":1797112,"c1":{"x":-276,"y":-655,"vitesse":0,"dist_cm":71}}
✅ JSON détecté sur FABLAB_21_22/RADAR/salle104. Champs numériques extraits: 6
⏳ Ignoré (throttle): FABLAB_21_22/RADAR/salle104/nb, dernier insert il y a 56s
⏳ Ignoré (throttle): FABLAB_21_22/RADAR/salle104/presence, dernier insert il y a 53s
⏳ Ignoré (throttle): FABLAB_21_22/RADAR/salle104/c1_x, dernier insert il y a 5s
⏳ Ignoré (throttle): FABLAB_21_22/RADAR/salle104/c1_y, dernier insert il y a 5s
⏳ Ignoré (throttle): FABLAB_21_22/RADAR/salle104/c1_vitesse, dernier insert il y a 5s
⏳ Ignoré (throttle): FABLAB_21_22/RADAR/salle104/c1_dist_cm, dernier insert il y a 5s
🔔 Message MQTT [FABLAB_21_22/tasmota/tele/tasmota_0725C0/STATE] : {"Time":"2026-05-05T14:24:09","Uptime":"5T06:30:13","UptimeSec":455413,"Heap":186,"SleepMode":"Dynamic","Sleep":50,"LoadAvg":19,"MqttCount":1,"Berry":{"HeapUsed":4,"Objects":55},"POWER":"ON","Wifi":{"AP":1,"SSId":"Fablab_104","BSSId":"40:ED:00:CD:4B:EB","Channel":6,"Mode":"HT20","RSSI":100,"Signal":-33,"LinkCount":1,"Downtime":"0T00:00:03"},"Hostname":"tasmota-0725C0-1472","IPAddress":"192.168.0.99"}
✅ JSON détecté sur FABLAB_21_22/tasmota/tele/tasmota_0725C0/STATE. Champs numériques extraits: 12
💾 Sauvé: FABLAB_21_22/tasmota/tele/tasmota_0725C0/STATE/uptimesec = 455413.0
💾 Sauvé: FABLAB_21_22/tasmota/tele/tasmota_0725C0/STATE/heap = 186.0
💾 Sauvé: FABLAB_21_22/tasmota/tele/tasmota_0725C0/STATE/sleep = 50.0
💾 Sauvé: FABLAB_21_22/tasmota/tele/tasmota_0725C0/STATE/loadavg = 19.0
💾 Sauvé: FABLAB_21_22/tasmota/tele/tasmota_0725C0/STATE/mqttcount = 1.0
💾 Sauvé: FABLAB_21_22/tasmota/tele/tasmota_0725C0/STATE/berry_heapused = 4.0
💾 Sauvé: FABLAB_21_22/tasmota/tele/tasmota_0725C0/STATE/berry_objects = 55.0
💾 Sauvé: FABLAB_21_22/tasmota/tele/tasmota_0725C0/STATE/wifi_ap = 1.0
💾 Sauvé: FABLAB_21_22/tasmota/tele/tasmota_0725C0/STATE/wifi_channel = 6.0
💾 Sauvé: FABLAB_21_22/tasmota/tele/tasmota_0725C0/STATE/wifi_rssi = 100.0
💾 Sauvé: FABLAB_21_22/tasmota/tele/tasmota_0725C0/STATE/wifi_signal = -33.0
💾 Sauvé: FABLAB_21_22/tasmota/tele/tasmota_0725C0/STATE/wifi_linkcount = 1.0
🔔 Message MQTT [FABLAB_21_22/tasmota/tele/tasmota_0725C0/SENSOR] : {"Time":"2026-05-05T14:24:09","ENERGY":{"TotalStartTime":"2026-04-01T07:18:43","Total":284.265,"Yesterday":0.000,"Today":3.043,"Period":47,"Power":0,"ApparentPower":0,"ReactivePower":0,"Factor":0.00,"Voltage":248,"Current":0.000}}
✅ JSON détecté sur FABLAB_21_22/tasmota/tele/tasmota_0725C0/SENSOR. Champs numériques extraits: 10
💾 Sauvé: FABLAB_21_22/tasmota/tele/tasmota_0725C0/SENSOR/energy_total = 284.265
💾 Sauvé: FABLAB_21_22/tasmota/tele/tasmota_0725C0/SENSOR/energy_yesterday = 0.0
💾 Sauvé: FABLAB_21_22/tasmota/tele/tasmota_0725C0/SENSOR/energy_today = 3.043
💾 Sauvé: FABLAB_21_22/tasmota/tele/tasmota_0725C0/SENSOR/energy_period = 47.0
💾 Sauvé: FABLAB_21_22/tasmota/tele/tasmota_0725C0/SENSOR/energy_power = 0.0
💾 Sauvé: FABLAB_21_22/tasmota/tele/tasmota_0725C0/SENSOR/energy_apparentpower = 0.0
💾 Sauvé: FABLAB_21_22/tasmota/tele/tasmota_0725C0/SENSOR/energy_reactivepower = 0.0
💾 Sauvé: FABLAB_21_22/tasmota/tele/tasmota_0725C0/SENSOR/energy_factor = 0.0
💾 Sauvé: FABLAB_21_22/tasmota/tele/tasmota_0725C0/SENSOR/energy_voltage = 248.0
💾 Sauvé: FABLAB_21_22/tasmota/tele/tasmota_0725C0/SENSOR/energy_current = 0.0
🔔 Message MQTT [FABLAB_21_22/tasmota/tele/tasmota_071D00/STATE] : {"Time":"2026-05-05T14:26:52","Uptime":"18T03:35:13","UptimeSec":1568113,"Heap":184,"SleepMode":"Dynamic","Sleep":50,"LoadAvg":19,"MqttCount":1,"Berry":{"HeapUsed":4,"Objects":55},"POWER":"ON","Wifi":{"AP":1,"SSId":"Fablab_104","BSSId":"40:ED:00:CD:4B:EB","Channel":6,"Mode":"HT20","RSSI":78,"Signal":-61,"LinkCount":1,"Downtime":"0T00:00:03"},"Hostname":"tasmota-071D00-7424","IPAddress":"192.168.0.31"}
✅ JSON détecté sur FABLAB_21_22/tasmota/tele/tasmota_071D00/STATE. Champs numériques extraits: 12
💾 Sauvé: FABLAB_21_22/tasmota/tele/tasmota_071D00/STATE/uptimesec = 1568113.0
💾 Sauvé: FABLAB_21_22/tasmota/tele/tasmota_071D00/STATE/heap = 184.0
💾 Sauvé: FABLAB_21_22/tasmota/tele/tasmota_071D00/STATE/sleep = 50.0
💾 Sauvé: FABLAB_21_22/tasmota/tele/tasmota_071D00/STATE/loadavg = 19.0
💾 Sauvé: FABLAB_21_22/tasmota/tele/tasmota_071D00/STATE/mqttcount = 1.0
💾 Sauvé: FABLAB_21_22/tasmota/tele/tasmota_071D00/STATE/berry_heapused = 4.0
💾 Sauvé: FABLAB_21_22/tasmota/tele/tasmota_071D00/STATE/berry_objects = 55.0
💾 Sauvé: FABLAB_21_22/tasmota/tele/tasmota_071D00/STATE/wifi_ap = 1.0
💾 Sauvé: FABLAB_21_22/tasmota/tele/tasmota_071D00/STATE/wifi_channel = 6.0
💾 Sauvé: FABLAB_21_22/tasmota/tele/tasmota_071D00/STATE/wifi_rssi = 78.0
💾 Sauvé: FABLAB_21_22/tasmota/tele/tasmota_071D00/STATE/wifi_signal = -61.0
💾 Sauvé: FABLAB_21_22/tasmota/tele/tasmota_071D00/STATE/wifi_linkcount = 1.0
🔔 Message MQTT [FABLAB_21_22/tasmota/tele/tasmota_071D00/SENSOR] : {"Time":"2026-05-05T14:26:52","ENERGY":{"TotalStartTime":"2026-04-01T07:06:06","Total":0.500,"Yesterday":0.001,"Today":0.001,"Period":0,"Power":0,"ApparentPower":0,"ReactivePower":0,"Factor":0.00,"Voltage":244,"Current":0.000}}
✅ JSON détecté sur FABLAB_21_22/tasmota/tele/tasmota_071D00/SENSOR. Champs numériques extraits: 10
💾 Sauvé: FABLAB_21_22/tasmota/tele/tasmota_071D00/SENSOR/energy_total = 0.5
💾 Sauvé: FABLAB_21_22/tasmota/tele/tasmota_071D00/SENSOR/energy_yesterday = 0.001
💾 Sauvé: FABLAB_21_22/tasmota/tele/tasmota_071D00/SENSOR/energy_today = 0.001
💾 Sauvé: FABLAB_21_22/tasmota/tele/tasmota_071D00/SENSOR/energy_period = 0.0
💾 Sauvé: FABLAB_21_22/tasmota/tele/tasmota_071D00/SENSOR/energy_power = 0.0
💾 Sauvé: FABLAB_21_22/tasmota/tele/tasmota_071D00/SENSOR/energy_apparentpower = 0.0
💾 Sauvé: FABLAB_21_22/tasmota/tele/tasmota_071D00/SENSOR/energy_reactivepower = 0.0
💾 Sauvé: FABLAB_21_22/tasmota/tele/tasmota_071D00/SENSOR/energy_factor = 0.0
💾 Sauvé: FABLAB_21_22/tasmota/tele/tasmota_071D00/SENSOR/energy_voltage = 244.0
💾 Sauvé: FABLAB_21_22/tasmota/tele/tasmota_071D00/SENSOR/energy_current = 0.0
